n_nodes,n_edges,model,seed,elapsed,nnz,fdr,tpr,fpr,precision,recall,F1,shd,sid_low,sid_high
3,3,FGS,7816,0.6831185817718506,3,0.0,1.0,0.0,0.0,0.0,,0.0,0.0,6.0
3,3,FGS,3578,0.1268312931060791,2,0.0,0.6667,0.0,0.5,0.3333,0.4,1.0,1.0,5.0
3,3,FGS,2656,0.10847187042236328,2,0.0,0.6667,0.0,1.0,0.6667,0.8,1.0,1.0,5.0
3,3,FGS,2688,0.10541081428527832,3,0.0,1.0,0.0,0.3333,0.3333,0.3333,0.0,0.0,6.0
3,3,FGS,2494,0.0988609790802002,3,0.0,1.0,0.0,0.3333,0.3333,0.3333,0.0,0.0,6.0
3,3,FGS,183,0.0984032154083252,3,0.0,1.0,0.0,1.0,1.0,1.0,0.0,0.0,6.0
3,3,FGS,7977,0.11288094520568848,3,0.0,1.0,0.0,0.3333,0.3333,0.3333,0.0,0.0,6.0
3,3,FGS,3199,0.1008000373840332,3,0.0,1.0,0.0,1.0,1.0,1.0,0.0,0.0,6.0
3,3,FGS,316,0.09650588035583496,1,0.0,0.3333,0.0,0.0,0.0,,2.0,2.0,6.0
3,3,FGS,8266,0.09483790397644043,1,0.0,0.3333,0.0,1.0,0.3333,0.5,2.0,3.0,4.0
3,3,FGS,1532,0.09750080108642578,2,0.0,0.6667,0.0,0.5,0.3333,0.4,1.0,3.0,6.0
3,3,FGS,1009,0.10043144226074219,3,0.0,1.0,0.0,0.6667,0.6667,0.6667,0.0,0.0,6.0
3,3,FGS,2250,0.10009455680847168,3,0.0,1.0,0.0,0.3333,0.3333,0.3333,0.0,0.0,6.0
3,3,FGS,4447,0.09730219841003418,2,1.0,0.0,2.0,0.0,0.0,,3.0,6.0,6.0
3,3,FGS,2415,0.0998380184173584,2,0.0,0.6667,0.0,0.0,0.0,,1.0,3.0,6.0
3,3,FGS,3595,0.10144162178039551,3,0.0,1.0,0.0,0.3333,0.3333,0.3333,0.0,0.0,6.0
3,3,FGS,4187,0.0958867073059082,2,0.0,0.6667,0.0,1.0,0.6667,0.8,1.0,2.0,2.0
3,3,FGS,4135,0.09986400604248047,3,0.0,1.0,0.0,0.3333,0.3333,0.3333,0.0,0.0,6.0
3,3,FGS,5174,0.10291004180908203,2,0.0,0.6667,0.0,1.0,0.6667,0.8,1.0,1.0,5.0
3,3,FGS,5303,0.09290289878845215,2,0.0,0.6667,0.0,0.5,0.3333,0.4,1.0,1.0,5.0
3,3,FGS,3942,0.09743022918701172,3,0.0,1.0,0.0,0.6667,0.6667,0.6667,0.0,0.0,6.0
3,3,FGS,2778,0.09418177604675293,2,1.0,0.0,2.0,0.0,0.0,,3.0,6.0,6.0
3,3,FGS,2804,0.09248781204223633,2,0.0,0.6667,0.0,0.5,0.3333,0.4,1.0,1.0,6.0
3,3,FGS,2145,0.09314584732055664,1,0.0,0.3333,0.0,0.0,0.0,,2.0,2.0,6.0
3,3,FGS,150,0.09432816505432129,2,0.0,0.6667,0.0,0.5,0.3333,0.4,1.0,1.0,5.0
3,3,FGS,8823,0.09435606002807617,3,0.0,1.0,0.0,0.3333,0.3333,0.3333,0.0,0.0,6.0
3,3,FGS,4669,0.09543848037719727,3,0.0,1.0,0.0,1.0,1.0,1.0,0.0,0.0,6.0
3,3,FGS,6131,0.09366011619567871,3,0.0,1.0,0.0,0.0,0.0,,0.0,0.0,6.0
3,3,FGS,2617,0.09572553634643555,3,0.0,1.0,0.0,0.6667,0.6667,0.6667,0.0,0.0,6.0
3,3,FGS,7166,0.09221625328063965,1,0.0,0.3333,0.0,0.0,0.0,,2.0,2.0,6.0
3,3,FGS,1428,0.0951235294342041,3,0.0,1.0,0.0,0.3333,0.3333,0.3333,0.0,0.0,6.0
3,3,FGS,8328,0.09859013557434082,3,0.0,1.0,0.0,0.3333,0.3333,0.3333,0.0,0.0,6.0
3,3,FGS,8289,0.0953984260559082,2,0.0,0.6667,0.0,0.5,0.3333,0.4,1.0,1.0,5.0
3,3,FGS,5978,0.09253931045532227,1,0.0,0.3333,0.0,0.0,0.0,,2.0,3.0,4.0
3,3,FGS,5511,0.0984647274017334,3,0.0,1.0,0.0,1.0,1.0,1.0,0.0,0.0,6.0
3,3,FGS,5864,0.09811854362487793,3,0.0,1.0,0.0,0.3333,0.3333,0.3333,0.0,0.0,6.0
3,3,FGS,606,0.10181283950805664,3,0.0,1.0,0.0,0.3333,0.3333,0.3333,0.0,0.0,6.0
3,3,FGS,1933,0.10205960273742676,2,0.5,0.3333,1.0,0.5,0.3333,0.4,2.0,3.0,3.0
3,3,FGS,6071,0.0942990779876709,3,0.0,1.0,0.0,0.6667,0.6667,0.6667,0.0,0.0,6.0
3,3,FGS,5504,0.09248518943786621,3,0.0,1.0,0.0,1.0,1.0,1.0,0.0,0.0,6.0
3,3,FGS,5163,0.0928959846496582,2,0.0,0.6667,0.0,0.5,0.3333,0.4,1.0,1.0,5.0
3,3,FGS,2406,0.09404969215393066,3,0.0,1.0,0.0,1.0,1.0,1.0,0.0,0.0,6.0
3,3,FGS,304,0.09484386444091797,3,0.0,1.0,0.0,0.6667,0.6667,0.6667,0.0,0.0,6.0
3,3,FGS,3391,0.09224963188171387,2,0.0,0.6667,0.0,0.5,0.3333,0.4,1.0,1.0,5.0
3,3,FGS,359,0.09283566474914551,2,0.0,0.6667,0.0,1.0,0.6667,0.8,1.0,2.0,2.0
3,3,FGS,9096,0.09523272514343262,3,0.0,1.0,0.0,0.6667,0.6667,0.6667,0.0,0.0,6.0
3,3,FGS,3533,0.09149360656738281,2,0.0,0.6667,0.0,1.0,0.6667,0.8,1.0,1.0,5.0
3,3,FGS,4125,0.09102201461791992,2,0.0,0.6667,0.0,0.5,0.3333,0.4,1.0,1.0,6.0
3,3,FGS,3094,0.09448456764221191,3,0.0,1.0,0.0,0.3333,0.3333,0.3333,0.0,0.0,6.0
3,3,FGS,6398,0.09182000160217285,2,0.0,0.6667,0.0,0.0,0.0,,1.0,1.0,6.0
4,4,FGS,7816,0.0986928939819336,3,0.6667,0.25,1.0,0.3333,0.25,0.2857,5.0,6.0,10.0
4,4,FGS,3578,0.10435128211975098,4,0.5,0.5,1.0,0.25,0.25,0.25,5.0,2.0,8.0
4,4,FGS,2656,0.09874820709228516,3,0.0,0.75,0.0,0.3333,0.25,0.2857,1.0,1.0,10.0
4,4,FGS,2688,0.10044312477111816,4,0.0,1.0,0.0,0.75,0.75,0.75,0.0,0.0,12.0
4,4,FGS,2494,0.1009223461151123,4,0.0,1.0,0.0,0.75,0.75,0.75,0.0,0.0,10.0
4,4,FGS,183,0.11782574653625488,4,0.0,1.0,0.0,0.5,0.5,0.5,0.0,0.0,12.0
4,4,FGS,7977,0.09959268569946289,4,0.25,0.75,0.5,0.75,0.75,0.75,3.0,4.0,9.0
4,4,FGS,3199,0.0982978343963623,3,0.3333,0.5,0.5,0.0,0.0,,3.0,3.0,10.0
4,4,FGS,316,0.09866881370544434,3,0.0,0.75,0.0,0.3333,0.25,0.2857,1.0,4.0,12.0
4,4,FGS,8266,0.10056376457214355,4,0.5,0.5,1.0,0.5,0.5,0.5,4.0,7.0,11.0
4,4,FGS,1532,0.10028696060180664,4,0.25,0.75,0.5,0.75,0.75,0.75,3.0,1.0,7.0
4,4,FGS,1009,0.09787845611572266,3,0.6667,0.25,1.0,0.0,0.0,,4.0,7.0,11.0
4,4,FGS,2250,0.09713411331176758,2,0.5,0.25,0.5,0.5,0.25,0.3333,4.0,4.0,8.0
4,4,FGS,4447,0.09922385215759277,3,0.6667,0.25,1.0,0.3333,0.25,0.2857,5.0,7.0,11.0
4,4,FGS,2415,0.10529255867004395,2,0.5,0.25,0.5,0.5,0.25,0.3333,3.0,8.0,8.0
4,4,FGS,3595,0.09943747520446777,4,0.5,0.5,1.0,0.5,0.5,0.5,5.0,2.0,8.0
4,4,FGS,4187,0.10109400749206543,4,0.0,1.0,0.0,0.25,0.25,0.25,2.0,4.0,12.0
4,4,FGS,4135,0.10218286514282227,5,0.2,1.0,0.5,0.8,1.0,0.8889,2.0,0.0,6.0
4,4,FGS,5174,0.09527802467346191,2,0.5,0.25,0.5,0.0,0.0,,4.0,5.0,9.0
4,4,FGS,5303,0.10079598426818848,4,0.0,1.0,0.0,0.25,0.25,0.25,0.0,0.0,12.0
4,4,FGS,3942,0.10078096389770508,4,1.0,0.0,2.0,0.0,0.0,,6.0,11.0,11.0
4,4,FGS,2778,0.11296629905700684,4,0.75,0.25,1.5,0.25,0.25,0.25,6.0,6.0,6.0
4,4,FGS,2804,0.09787249565124512,3,0.0,0.75,0.0,0.6667,0.5,0.5714,1.0,1.0,10.0
4,4,FGS,2145,0.09903597831726074,3,0.0,0.75,0.0,0.3333,0.25,0.2857,1.0,2.0,12.0
4,4,FGS,150,0.1002509593963623,4,0.25,0.75,0.5,0.25,0.25,0.25,3.0,4.0,10.0
4,4,FGS,8823,0.099609375,4,0.5,0.5,1.0,0.25,0.25,0.25,4.0,4.0,7.0
4,4,FGS,4669,0.09712433815002441,3,0.3333,0.5,0.5,0.3333,0.25,0.2857,3.0,6.0,10.0
4,4,FGS,6131,0.10151267051696777,4,0.75,0.25,1.5,0.25,0.25,0.25,5.0,7.0,11.0
4,4,FGS,2617,0.09924936294555664,4,0.5,0.5,1.0,0.5,0.5,0.5,5.0,2.0,8.0
4,4,FGS,7166,0.09529685974121094,2,0.5,0.25,0.5,0.5,0.25,0.3333,4.0,6.0,6.0
4,4,FGS,1428,0.10071420669555664,4,0.75,0.25,1.5,0.0,0.0,,5.0,9.0,10.0
4,4,FGS,8328,0.09668922424316406,3,0.6667,0.25,1.0,0.0,0.0,,4.0,10.0,11.0
4,4,FGS,8289,0.0972282886505127,2,0.5,0.25,0.5,0.5,0.25,0.3333,4.0,7.0,7.0
4,4,FGS,5978,0.10579371452331543,4,0.5,0.5,1.0,0.25,0.25,0.25,4.0,3.0,10.0
4,4,FGS,5511,0.1051931381225586,4,0.0,1.0,0.0,0.75,0.75,0.75,2.0,4.0,12.0
4,4,FGS,5864,0.1000213623046875,4,1.0,0.0,2.0,0.0,0.0,,6.0,12.0,12.0
4,4,FGS,606,0.09761166572570801,3,0.3333,0.5,0.5,0.6667,0.5,0.5714,5.0,7.0,8.0
4,4,FGS,1933,0.09869861602783203,4,0.25,0.75,0.5,0.5,0.5,0.5,3.0,3.0,9.0
4,4,FGS,6071,0.1109473705291748,2,0.0,0.5,0.0,0.5,0.25,0.3333,3.0,5.0,11.0
4,4,FGS,5504,0.1000204086303711,4,0.5,0.5,1.0,0.5,0.5,0.5,6.0,5.0,9.0
4,4,FGS,5163,0.10063576698303223,4,0.0,1.0,0.0,0.5,0.5,0.5,3.0,4.0,12.0
4,4,FGS,2406,0.09777116775512695,3,0.3333,0.5,0.5,0.6667,0.5,0.5714,3.0,6.0,6.0
4,4,FGS,304,0.09975314140319824,4,0.5,0.5,1.0,0.25,0.25,0.25,5.0,3.0,7.0
4,4,FGS,3391,0.09609270095825195,3,1.0,0.0,1.5,0.0,0.0,,5.0,10.0,10.0
4,4,FGS,359,0.10124778747558594,4,0.5,0.5,1.0,0.5,0.5,0.5,5.0,2.0,8.0
4,4,FGS,9096,0.09954977035522461,4,0.0,1.0,0.0,0.25,0.25,0.25,0.0,0.0,12.0
4,4,FGS,3533,0.09804034233093262,3,0.3333,0.5,0.5,0.3333,0.25,0.2857,4.0,2.0,7.0
4,4,FGS,4125,0.09893298149108887,3,0.0,0.75,0.0,0.6667,0.5,0.5714,1.0,2.0,8.0
4,4,FGS,3094,0.09971356391906738,4,0.5,0.5,1.0,0.25,0.25,0.25,3.0,7.0,12.0
4,4,FGS,6398,0.09586024284362793,2,1.0,0.0,1.0,0.0,0.0,,5.0,11.0,11.0
5,5,FGS,7816,0.10296106338500977,4,1.0,0.0,0.8,0.0,0.0,,8.0,9.0,11.0
5,5,FGS,3578,0.10351943969726562,4,0.0,0.8,0.0,0.5,0.4,0.4444,4.0,10.0,15.0
5,5,FGS,2656,0.1028907299041748,4,0.75,0.2,0.6,0.25,0.2,0.2222,7.0,11.0,16.0
5,5,FGS,2688,0.10363960266113281,4,0.75,0.2,0.6,0.25,0.2,0.2222,8.0,8.0,14.0
5,5,FGS,2494,0.11980152130126953,3,0.0,0.6,0.0,0.6667,0.4,0.5,3.0,5.0,20.0
5,5,FGS,183,0.10812640190124512,5,0.6,0.4,0.6,0.4,0.4,0.4,7.0,6.0,12.0
5,5,FGS,7977,0.1031179428100586,3,0.6667,0.2,0.4,0.3333,0.2,0.25,7.0,11.0,16.0
5,5,FGS,3199,0.10481572151184082,5,0.6,0.4,0.6,0.4,0.4,0.4,5.0,8.0,8.0
5,5,FGS,316,0.10413050651550293,4,0.75,0.2,0.6,0.25,0.2,0.2222,7.0,10.0,12.0
5,5,FGS,8266,0.1013343334197998,3,0.6667,0.2,0.4,0.3333,0.2,0.25,6.0,6.0,6.0
5,5,FGS,1532,0.10541272163391113,4,0.75,0.2,0.6,0.25,0.2,0.2222,8.0,5.0,16.0
5,5,FGS,1009,0.10234379768371582,4,0.0,0.8,0.0,0.5,0.4,0.4444,3.0,6.0,12.0
5,5,FGS,2250,0.10439682006835938,4,0.5,0.4,0.4,0.25,0.2,0.2222,6.0,4.0,13.0
5,5,FGS,4447,0.09923124313354492,2,0.5,0.2,0.2,0.5,0.2,0.2857,5.0,9.0,15.0
5,5,FGS,2415,0.10348773002624512,4,1.0,0.0,0.8,0.0,0.0,,8.0,11.0,16.0
5,5,FGS,3595,0.10424160957336426,4,0.5,0.4,0.4,0.25,0.2,0.2222,6.0,3.0,13.0
5,5,FGS,4187,0.10346150398254395,4,1.0,0.0,0.8,0.0,0.0,,8.0,13.0,13.0
5,5,FGS,4135,0.10210061073303223,3,0.6667,0.2,0.4,0.3333,0.2,0.25,6.0,13.0,18.0
5,5,FGS,5174,0.1231834888458252,4,0.25,0.6,0.2,0.25,0.2,0.2222,4.0,10.0,15.0
5,5,FGS,5303,0.10449051856994629,5,0.0,1.0,0.0,0.4,0.4,0.4,2.0,6.0,19.0
5,5,FGS,3942,0.10569357872009277,6,0.1667,1.0,0.2,0.5,0.6,0.5455,3.0,0.0,15.0
5,5,FGS,2778,0.10722470283508301,5,0.0,1.0,0.0,0.8,0.8,0.8,2.0,5.0,20.0
5,5,FGS,2804,0.10664534568786621,5,0.0,1.0,0.0,0.4,0.4,0.4,2.0,5.0,20.0
5,5,FGS,2145,0.1032094955444336,4,1.0,0.0,0.8,0.0,0.0,,8.0,13.0,15.0
5,5,FGS,150,0.1033165454864502,4,0.0,0.8,0.0,0.75,0.6,0.6667,2.0,3.0,12.0
5,5,FGS,8823,0.1036233901977539,4,0.5,0.4,0.4,0.25,0.2,0.2222,5.0,10.0,20.0
5,5,FGS,4669,0.10664486885070801,5,0.0,1.0,0.0,0.6,0.6,0.6,0.0,0.0,17.0
5,5,FGS,6131,0.1057283878326416,4,0.75,0.2,0.6,0.0,0.0,,6.0,10.0,16.0
5,5,FGS,2617,0.1132199764251709,4,0.5,0.4,0.4,0.5,0.4,0.4444,6.0,7.0,14.0
5,5,FGS,7166,0.10527324676513672,5,0.0,1.0,0.0,0.8,0.8,0.8,0.0,0.0,13.0
5,5,FGS,1428,0.11638236045837402,3,1.0,0.0,0.6,0.0,0.0,,7.0,13.0,14.0
5,5,FGS,8328,0.10281586647033691,3,0.6667,0.2,0.4,0.3333,0.2,0.25,6.0,9.0,15.0
5,5,FGS,8289,0.10437846183776855,4,0.5,0.4,0.4,0.5,0.4,0.4444,5.0,9.0,17.0
5,5,FGS,5978,0.12592339515686035,5,0.4,0.6,0.4,0.4,0.4,0.4,5.0,3.0,15.0
5,5,FGS,5511,0.10538196563720703,5,0.6,0.4,0.6,0.4,0.4,0.4,6.0,5.0,12.0
5,5,FGS,5864,0.10303711891174316,4,0.5,0.4,0.4,0.25,0.2,0.2222,6.0,5.0,12.0
5,5,FGS,606,0.10322070121765137,4,0.75,0.2,0.6,0.25,0.2,0.2222,7.0,10.0,12.0
5,5,FGS,1933,0.10235261917114258,4,0.5,0.4,0.4,0.5,0.4,0.4444,5.0,6.0,15.0
5,5,FGS,6071,0.10425949096679688,5,0.2,0.8,0.2,0.4,0.4,0.4,3.0,2.0,17.0
5,5,FGS,5504,0.10716390609741211,6,0.5,0.6,0.6,0.5,0.6,0.5455,4.0,12.0,17.0
5,5,FGS,5163,0.10476994514465332,5,0.6,0.4,0.6,0.2,0.2,0.2,8.0,10.0,17.0
5,5,FGS,2406,0.10556149482727051,5,0.6,0.4,0.6,0.4,0.4,0.4,7.0,11.0,18.0
5,5,FGS,304,0.1049489974975586,5,0.6,0.4,0.6,0.2,0.2,0.2,7.0,9.0,14.0
5,5,FGS,3391,0.1042180061340332,4,0.5,0.4,0.4,0.0,0.0,,6.0,9.0,16.0
5,5,FGS,359,0.10393953323364258,4,0.25,0.6,0.2,0.75,0.6,0.6667,5.0,5.0,10.0
5,5,FGS,9096,0.10747456550598145,5,0.6,0.4,0.6,0.4,0.4,0.4,8.0,4.0,7.0
5,5,FGS,3533,0.10856246948242188,3,0.3333,0.4,0.2,0.3333,0.2,0.25,5.0,7.0,12.0
5,5,FGS,4125,0.12841248512268066,5,0.0,1.0,0.0,0.2,0.2,0.2,2.0,5.0,18.0
5,5,FGS,3094,0.10657596588134766,5,0.8,0.2,0.8,0.2,0.2,0.2,9.0,7.0,7.0
5,5,FGS,6398,0.1036539077758789,4,1.0,0.0,0.8,0.0,0.0,,8.0,12.0,16.0
6,6,FGS,7816,0.11313724517822266,6,0.8333,0.1667,0.5556,0.1667,0.1667,0.1667,9.0,22.0,29.0
6,6,FGS,3578,0.11224174499511719,6,0.5,0.5,0.3333,0.3333,0.3333,0.3333,9.0,8.0,16.0
6,6,FGS,2656,0.11503839492797852,7,0.4286,0.6667,0.3333,0.5714,0.6667,0.6154,7.0,4.0,19.0
6,6,FGS,2688,0.1142892837524414,7,0.8571,0.1667,0.6667,0.1429,0.1667,0.1538,11.0,7.0,12.0
6,6,FGS,2494,0.11224842071533203,5,0.6,0.3333,0.3333,0.0,0.0,,9.0,8.0,17.0
6,6,FGS,183,0.10925602912902832,4,0.75,0.1667,0.3333,0.0,0.0,,8.0,16.0,21.0
6,6,FGS,7977,0.10746097564697266,4,0.5,0.3333,0.2222,0.25,0.1667,0.2,7.0,8.0,10.0
6,6,FGS,3199,0.1080465316772461,4,0.75,0.1667,0.3333,0.25,0.1667,0.2,7.0,7.0,7.0
6,6,FGS,316,0.1112520694732666,6,0.5,0.5,0.3333,0.3333,0.3333,0.3333,8.0,9.0,15.0
6,6,FGS,8266,0.1089620590209961,5,0.8,0.1667,0.4444,0.2,0.1667,0.1818,10.0,13.0,18.0
6,6,FGS,1532,0.10841727256774902,5,0.8,0.1667,0.4444,0.2,0.1667,0.1818,10.0,8.0,8.0
6,6,FGS,1009,0.13179659843444824,4,0.25,0.5,0.1111,0.25,0.1667,0.2,5.0,6.0,19.0
6,6,FGS,2250,0.11159062385559082,6,0.6667,0.3333,0.4444,0.3333,0.3333,0.3333,8.0,5.0,10.0
6,6,FGS,4447,0.11279129981994629,6,1.0,0.0,0.6667,0.0,0.0,,10.0,22.0,30.0
6,6,FGS,2415,0.10854911804199219,4,0.25,0.5,0.1111,0.5,0.3333,0.4,5.0,7.0,17.0
6,6,FGS,3595,0.11094021797180176,5,0.8,0.1667,0.4444,0.2,0.1667,0.1818,9.0,17.0,17.0
6,6,FGS,4187,0.10819625854492188,5,1.0,0.0,0.5556,0.0,0.0,,10.0,23.0,24.0
6,6,FGS,4135,0.11138653755187988,5,0.4,0.5,0.2222,0.2,0.1667,0.1818,5.0,17.0,23.0
6,6,FGS,5174,0.1117708683013916,5,0.6,0.3333,0.3333,0.0,0.0,,8.0,9.0,20.0
6,6,FGS,5303,0.10702204704284668,4,0.5,0.3333,0.2222,0.0,0.0,,8.0,16.0,24.0
6,6,FGS,3942,0.10950422286987305,6,0.8333,0.1667,0.5556,0.1667,0.1667,0.1667,9.0,21.0,22.0
6,6,FGS,2778,0.10865974426269531,5,0.8,0.1667,0.4444,0.2,0.1667,0.1818,9.0,9.0,13.0
6,6,FGS,2804,0.11103963851928711,6,0.1667,0.8333,0.1111,0.3333,0.3333,0.3333,2.0,4.0,20.0
6,6,FGS,2145,0.10793185234069824,4,0.25,0.5,0.1111,0.75,0.5,0.6,5.0,13.0,21.0
6,6,FGS,150,0.1341571807861328,5,0.6,0.3333,0.3333,0.2,0.1667,0.1818,8.0,12.0,18.0
6,6,FGS,8823,0.11034917831420898,5,0.6,0.3333,0.3333,0.4,0.3333,0.3636,9.0,7.0,14.0
6,6,FGS,4669,0.10941886901855469,6,0.5,0.5,0.3333,0.5,0.5,0.5,7.0,8.0,13.0
6,6,FGS,6131,0.11195921897888184,6,0.6667,0.3333,0.4444,0.1667,0.1667,0.1667,9.0,8.0,18.0
6,6,FGS,2617,0.10927104949951172,6,0.5,0.5,0.3333,0.5,0.5,0.5,7.0,10.0,16.0
6,6,FGS,7166,0.11441159248352051,6,0.6667,0.3333,0.4444,0.3333,0.3333,0.3333,8.0,11.0,11.0
6,6,FGS,1428,0.11113595962524414,5,0.6,0.3333,0.3333,0.4,0.3333,0.3636,7.0,15.0,22.0
6,6,FGS,8328,0.10840106010437012,5,1.0,0.0,0.5556,0.0,0.0,,10.0,26.0,27.0
6,6,FGS,8289,0.11055397987365723,5,0.2,0.6667,0.1111,0.4,0.3333,0.3636,6.0,10.0,20.0
6,6,FGS,5978,0.10811495780944824,4,1.0,0.0,0.4444,0.0,0.0,,9.0,12.0,12.0
6,6,FGS,5511,0.10962796211242676,5,0.6,0.3333,0.3333,0.4,0.3333,0.3636,8.0,10.0,16.0
6,6,FGS,5864,0.10864973068237305,5,0.8,0.1667,0.4444,0.2,0.1667,0.1818,10.0,15.0,21.0
6,6,FGS,606,0.10882782936096191,5,0.8,0.1667,0.4444,0.2,0.1667,0.1818,9.0,9.0,15.0
6,6,FGS,1933,0.13746023178100586,6,0.8333,0.1667,0.5556,0.0,0.0,,9.0,16.0,27.0
6,6,FGS,6071,0.11117243766784668,6,0.8333,0.1667,0.5556,0.1667,0.1667,0.1667,9.0,15.0,15.0
6,6,FGS,5504,0.11231374740600586,6,0.6667,0.3333,0.4444,0.3333,0.3333,0.3333,8.0,14.0,26.0
6,6,FGS,5163,0.11152100563049316,5,0.6,0.3333,0.3333,0.2,0.1667,0.1818,9.0,13.0,14.0
6,6,FGS,2406,0.10749673843383789,5,0.8,0.1667,0.4444,0.2,0.1667,0.1818,10.0,14.0,20.0
6,6,FGS,304,0.11151480674743652,6,0.6667,0.3333,0.4444,0.3333,0.3333,0.3333,8.0,10.0,10.0
6,6,FGS,3391,0.10887503623962402,5,0.6,0.3333,0.3333,0.0,0.0,,8.0,14.0,21.0
6,6,FGS,359,0.12090325355529785,5,0.6,0.3333,0.3333,0.2,0.1667,0.1818,8.0,15.0,23.0
6,6,FGS,9096,0.11410355567932129,7,0.7143,0.3333,0.5556,0.2857,0.3333,0.3077,10.0,10.0,10.0
6,6,FGS,3533,0.10360550880432129,2,1.0,0.0,0.2222,0.0,0.0,,8.0,12.0,12.0
6,6,FGS,4125,0.10510635375976562,3,0.3333,0.3333,0.1111,0.6667,0.3333,0.4444,5.0,6.0,6.0
6,6,FGS,3094,0.10988926887512207,5,0.6,0.3333,0.3333,0.0,0.0,,7.0,7.0,19.0
6,6,FGS,6398,0.1378002166748047,5,0.8,0.1667,0.4444,0.2,0.1667,0.1818,8.0,13.0,19.0
7,7,FGS,7816,0.11710906028747559,6,0.5,0.4286,0.2143,0.5,0.4286,0.4615,10.0,15.0,23.0
7,7,FGS,3578,0.1137542724609375,5,0.6,0.2857,0.2143,0.4,0.2857,0.3333,8.0,14.0,14.0
7,7,FGS,2656,0.1169431209564209,6,0.5,0.4286,0.2143,0.5,0.4286,0.4615,9.0,10.0,20.0
7,7,FGS,2688,0.1181480884552002,7,0.8571,0.1429,0.4286,0.1429,0.1429,0.1429,12.0,16.0,16.0
7,7,FGS,2494,0.11423659324645996,5,0.6,0.2857,0.2143,0.2,0.1429,0.1667,9.0,11.0,19.0
7,7,FGS,183,0.11645889282226562,7,1.0,0.0,0.5,0.0,0.0,,13.0,20.0,27.0
7,7,FGS,7977,0.11296248435974121,5,0.6,0.2857,0.2143,0.2,0.1429,0.1667,10.0,19.0,30.0
7,7,FGS,3199,0.11406636238098145,6,0.6667,0.2857,0.2857,0.3333,0.2857,0.3077,9.0,11.0,17.0
7,7,FGS,316,0.11730146408081055,6,1.0,0.0,0.4286,0.0,0.0,,13.0,27.0,31.0
7,7,FGS,8266,0.1186668872833252,6,1.0,0.0,0.4286,0.0,0.0,,13.0,21.0,25.0
7,7,FGS,1532,0.11838102340698242,7,0.8571,0.1429,0.4286,0.1429,0.1429,0.1429,12.0,23.0,24.0
7,7,FGS,1009,0.14945554733276367,8,0.5,0.5714,0.2857,0.125,0.1429,0.1333,9.0,19.0,38.0
7,7,FGS,2250,0.11630082130432129,6,0.6667,0.2857,0.2857,0.1667,0.1429,0.1538,9.0,14.0,25.0
7,7,FGS,4447,0.11395430564880371,6,0.6667,0.2857,0.2857,0.3333,0.2857,0.3077,9.0,15.0,20.0
7,7,FGS,2415,0.11368012428283691,5,0.6,0.2857,0.2143,0.4,0.2857,0.3333,8.0,18.0,24.0
7,7,FGS,3595,0.11932682991027832,8,0.75,0.2857,0.4286,0.125,0.1429,0.1333,12.0,19.0,32.0
7,7,FGS,4187,0.11386251449584961,5,1.0,0.0,0.3571,0.0,0.0,,10.0,21.0,22.0
7,7,FGS,4135,0.11644124984741211,5,0.6,0.2857,0.2143,0.0,0.0,,9.0,21.0,25.0
7,7,FGS,5174,0.11579656600952148,5,0.8,0.1429,0.2857,0.0,0.0,,11.0,19.0,24.0
7,7,FGS,5303,0.11999130249023438,7,0.7143,0.2857,0.3571,0.1429,0.1429,0.1429,12.0,8.0,20.0
7,7,FGS,3942,0.1150963306427002,5,0.6,0.2857,0.2143,0.4,0.2857,0.3333,9.0,18.0,25.0
7,7,FGS,2778,0.11432528495788574,5,0.8,0.1429,0.2857,0.2,0.1429,0.1667,11.0,14.0,22.0
7,7,FGS,2804,0.15026068687438965,8,0.5,0.5714,0.2857,0.25,0.2857,0.2667,7.0,10.0,28.0
7,7,FGS,2145,0.1175997257232666,6,0.8333,0.1429,0.3571,0.1667,0.1429,0.1538,11.0,28.0,29.0
7,7,FGS,150,0.11415600776672363,5,1.0,0.0,0.3571,0.0,0.0,,11.0,23.0,24.0
7,7,FGS,8823,0.12067961692810059,7,1.0,0.0,0.5,0.0,0.0,,13.0,25.0,25.0
7,7,FGS,4669,0.12035274505615234,6,0.0,0.8571,0.0,0.6667,0.5714,0.6154,2.0,5.0,28.0
7,7,FGS,6131,0.11589360237121582,6,1.0,0.0,0.4286,0.0,0.0,,10.0,38.0,38.0
7,7,FGS,2617,0.11345458030700684,4,0.75,0.1429,0.2143,0.25,0.1429,0.1818,10.0,23.0,37.0
7,7,FGS,7166,0.11623740196228027,5,0.4,0.4286,0.1429,0.2,0.1429,0.1667,6.0,13.0,28.0
7,7,FGS,1428,0.11321091651916504,5,0.6,0.2857,0.2143,0.2,0.1429,0.1667,8.0,22.0,38.0
7,7,FGS,8328,0.12361931800842285,9,0.6667,0.4286,0.4286,0.3333,0.4286,0.375,10.0,12.0,25.0
7,7,FGS,8289,0.11671710014343262,6,0.8333,0.1429,0.3571,0.1667,0.1429,0.1538,12.0,19.0,26.0
7,7,FGS,5978,0.14699625968933105,5,0.8,0.1429,0.2857,0.0,0.0,,10.0,12.0,19.0
7,7,FGS,5511,0.11410331726074219,7,0.5714,0.4286,0.2857,0.4286,0.4286,0.4286,6.0,21.0,42.0
7,7,FGS,5864,0.11502528190612793,6,0.6667,0.2857,0.2857,0.1667,0.1429,0.1538,9.0,12.0,17.0
7,7,FGS,606,0.11797118186950684,7,0.7143,0.2857,0.3571,0.1429,0.1429,0.1429,12.0,14.0,21.0
7,7,FGS,1933,0.11564493179321289,6,0.6667,0.2857,0.2857,0.1667,0.1429,0.1538,10.0,16.0,27.0
7,7,FGS,6071,0.11705732345581055,7,0.8571,0.1429,0.4286,0.1429,0.1429,0.1429,11.0,25.0,32.0
7,7,FGS,5504,0.11939191818237305,7,0.8571,0.1429,0.4286,0.1429,0.1429,0.1429,8.0,29.0,30.0
7,7,FGS,5163,0.11798977851867676,7,0.7143,0.2857,0.3571,0.2857,0.2857,0.2857,10.0,16.0,24.0
7,7,FGS,2406,0.118927001953125,7,0.8571,0.1429,0.4286,0.1429,0.1429,0.1429,12.0,17.0,17.0
7,7,FGS,304,0.1167306900024414,6,0.8333,0.1429,0.3571,0.1667,0.1429,0.1538,10.0,19.0,26.0
7,7,FGS,3391,0.1153874397277832,5,0.8,0.1429,0.2857,0.0,0.0,,11.0,15.0,20.0
7,7,FGS,359,0.11556339263916016,5,0.8,0.1429,0.2857,0.0,0.0,,11.0,14.0,19.0
7,7,FGS,9096,0.1503293514251709,7,0.5714,0.4286,0.2857,0.1429,0.1429,0.1429,11.0,17.0,18.0
7,7,FGS,3533,0.11505913734436035,6,0.6667,0.2857,0.2857,0.3333,0.2857,0.3077,11.0,19.0,27.0
7,7,FGS,4125,0.11582159996032715,6,0.5,0.4286,0.2143,0.5,0.4286,0.4615,9.0,7.0,16.0
7,7,FGS,3094,0.1190187931060791,7,0.7143,0.2857,0.3571,0.2857,0.2857,0.2857,10.0,15.0,21.0
7,7,FGS,6398,0.11791801452636719,6,0.8333,0.1429,0.3571,0.1667,0.1429,0.1538,12.0,13.0,19.0
8,8,FGS,7816,0.12908554077148438,8,0.875,0.125,0.35,0.125,0.125,0.125,14.0,17.0,25.0
8,8,FGS,3578,0.1176297664642334,7,0.5714,0.375,0.2,0.4286,0.375,0.4,11.0,24.0,32.0
8,8,FGS,2656,0.12481260299682617,8,0.75,0.25,0.3,0.0,0.0,,13.0,25.0,41.0
8,8,FGS,2688,0.12352275848388672,8,0.625,0.375,0.25,0.25,0.25,0.25,12.0,21.0,28.0
8,8,FGS,2494,0.12495946884155273,8,0.625,0.375,0.25,0.375,0.375,0.375,11.0,9.0,43.0
8,8,FGS,183,0.1565876007080078,8,0.25,0.75,0.1,0.625,0.625,0.625,4.0,10.0,36.0
8,8,FGS,7977,0.12473440170288086,8,1.0,0.0,0.4,0.0,0.0,,16.0,22.0,22.0
8,8,FGS,3199,0.12226533889770508,7,0.8571,0.125,0.3,0.1429,0.125,0.1333,13.0,14.0,21.0
8,8,FGS,316,0.12221503257751465,8,0.625,0.375,0.25,0.375,0.375,0.375,11.0,10.0,10.0
8,8,FGS,8266,0.12144303321838379,7,0.8571,0.125,0.3,0.1429,0.125,0.1333,14.0,29.0,36.0
8,8,FGS,1532,0.11889338493347168,6,0.6667,0.25,0.2,0.1667,0.125,0.1429,10.0,21.0,28.0
8,8,FGS,1009,0.13440585136413574,13,0.6154,0.625,0.4,0.2308,0.375,0.2857,14.0,17.0,31.0
8,8,FGS,2250,0.15184831619262695,8,0.75,0.25,0.3,0.0,0.0,,11.0,45.0,54.0
8,8,FGS,4447,0.12331867218017578,7,1.0,0.0,0.35,0.0,0.0,,15.0,23.0,23.0
8,8,FGS,2415,0.12211298942565918,7,0.7143,0.25,0.25,0.2857,0.25,0.2667,13.0,10.0,24.0
8,8,FGS,3595,0.15863418579101562,7,0.7143,0.25,0.25,0.1429,0.125,0.1333,12.0,19.0,30.0
8,8,FGS,4187,0.12290644645690918,7,1.0,0.0,0.35,0.0,0.0,,13.0,31.0,42.0
8,8,FGS,4135,0.12216305732727051,8,0.75,0.25,0.3,0.25,0.25,0.25,12.0,17.0,24.0
8,8,FGS,5174,0.12421655654907227,8,0.875,0.125,0.35,0.125,0.125,0.125,13.0,47.0,48.0
8,8,FGS,5303,0.12121319770812988,7,0.5714,0.375,0.2,0.4286,0.375,0.4,10.0,17.0,25.0
8,8,FGS,3942,0.12421083450317383,7,1.0,0.0,0.35,0.0,0.0,,15.0,24.0,32.0
8,8,FGS,2778,0.12278032302856445,7,0.7143,0.25,0.25,0.0,0.0,,11.0,23.0,38.0
8,8,FGS,2804,0.11981987953186035,6,0.6667,0.25,0.2,0.3333,0.25,0.2857,12.0,18.0,25.0
8,8,FGS,2145,0.11761164665222168,5,1.0,0.0,0.25,0.0,0.0,,13.0,26.0,34.0
8,8,FGS,150,0.12517094612121582,8,0.75,0.25,0.3,0.25,0.25,0.25,13.0,26.0,27.0
8,8,FGS,8823,0.158677339553833,7,0.8571,0.125,0.3,0.1429,0.125,0.1333,14.0,18.0,26.0
8,8,FGS,4669,0.12418317794799805,7,0.7143,0.25,0.25,0.1429,0.125,0.1333,13.0,12.0,27.0
8,8,FGS,6131,0.12273716926574707,8,0.875,0.125,0.35,0.125,0.125,0.125,13.0,29.0,33.0
8,8,FGS,2617,0.12738752365112305,9,0.8889,0.125,0.4,0.1111,0.125,0.1176,15.0,28.0,36.0
8,8,FGS,7166,0.12038278579711914,6,1.0,0.0,0.3,0.0,0.0,,13.0,30.0,39.0
8,8,FGS,1428,0.12025260925292969,6,0.5,0.375,0.15,0.5,0.375,0.4286,10.0,18.0,26.0
8,8,FGS,8328,0.11857867240905762,5,1.0,0.0,0.25,0.0,0.0,,13.0,18.0,18.0
8,8,FGS,8289,0.12145733833312988,7,1.0,0.0,0.35,0.0,0.0,,14.0,29.0,37.0
8,8,FGS,5978,0.12355685234069824,7,0.8571,0.125,0.3,0.1429,0.125,0.1333,14.0,24.0,31.0
8,8,FGS,5511,0.12069320678710938,6,0.6667,0.25,0.2,0.3333,0.25,0.2857,11.0,13.0,34.0
8,8,FGS,5864,0.16117405891418457,7,0.7143,0.25,0.25,0.2857,0.25,0.2667,13.0,22.0,30.0
8,8,FGS,606,0.12442302703857422,8,0.875,0.125,0.35,0.125,0.125,0.125,13.0,23.0,42.0
8,8,FGS,1933,0.12359356880187988,8,1.0,0.0,0.4,0.0,0.0,,16.0,39.0,51.0
8,8,FGS,6071,0.1199653148651123,7,0.7143,0.25,0.25,0.1429,0.125,0.1333,12.0,25.0,42.0
8,8,FGS,5504,0.12114572525024414,6,1.0,0.0,0.3,0.0,0.0,,14.0,21.0,28.0
8,8,FGS,5163,0.12301039695739746,8,0.875,0.125,0.35,0.125,0.125,0.125,13.0,18.0,18.0
8,8,FGS,2406,0.11974334716796875,6,0.6667,0.25,0.2,0.3333,0.25,0.2857,11.0,19.0,26.0
8,8,FGS,304,0.1174478530883789,5,0.8,0.125,0.2,0.2,0.125,0.1538,10.0,20.0,20.0
8,8,FGS,3391,0.12025117874145508,7,1.0,0.0,0.35,0.0,0.0,,12.0,45.0,45.0
8,8,FGS,359,0.16533446311950684,8,0.75,0.25,0.3,0.25,0.25,0.25,14.0,14.0,25.0
8,8,FGS,9096,0.12161993980407715,7,1.0,0.0,0.35,0.0,0.0,,14.0,30.0,48.0
8,8,FGS,3533,0.13804292678833008,5,0.6,0.25,0.15,0.2,0.125,0.1538,11.0,31.0,38.0
8,8,FGS,4125,0.12173748016357422,7,1.0,0.0,0.35,0.0,0.0,,15.0,25.0,32.0
8,8,FGS,3094,0.12306809425354004,8,0.75,0.25,0.3,0.125,0.125,0.125,14.0,18.0,25.0
8,8,FGS,6398,0.1228792667388916,7,0.8571,0.125,0.3,0.1429,0.125,0.1333,13.0,20.0,23.0
10,10,FGS,7816,0.1356189250946045,9,0.8889,0.1,0.2286,0.1111,0.1,0.1053,16.0,37.0,38.0
10,10,FGS,3578,0.1356368064880371,9,1.0,0.0,0.2571,0.0,0.0,,18.0,45.0,45.0
10,10,FGS,2656,0.13814234733581543,11,0.8182,0.2,0.2571,0.0909,0.1,0.0952,16.0,33.0,56.0
10,10,FGS,2688,0.1731114387512207,8,0.625,0.3,0.1429,0.375,0.3,0.3333,13.0,46.0,57.0
10,10,FGS,2494,0.13472700119018555,9,0.7778,0.2,0.2,0.2222,0.2,0.2105,16.0,26.0,40.0
10,10,FGS,183,0.1333019733428955,8,0.875,0.1,0.2,0.125,0.1,0.1111,15.0,31.0,35.0
10,10,FGS,7977,0.13667535781860352,9,1.0,0.0,0.2571,0.0,0.0,,19.0,43.0,55.0
10,10,FGS,3199,0.13278460502624512,8,0.875,0.1,0.2,0.0,0.0,,16.0,26.0,40.0
10,10,FGS,316,0.13807988166809082,10,0.9,0.1,0.2571,0.1,0.1,0.1,18.0,38.0,38.0
10,10,FGS,8266,0.13508987426757812,9,1.0,0.0,0.2571,0.0,0.0,,19.0,28.0,28.0
10,10,FGS,1532,0.13415861129760742,9,0.7778,0.2,0.2,0.2222,0.2,0.2105,16.0,52.0,62.0
10,10,FGS,1009,0.17126035690307617,7,1.0,0.0,0.2,0.0,0.0,,17.0,37.0,37.0
10,10,FGS,2250,0.13594365119934082,9,0.7778,0.2,0.2,0.1111,0.1,0.1053,16.0,28.0,35.0
10,10,FGS,4447,0.13473010063171387,9,0.8889,0.1,0.2286,0.1111,0.1,0.1053,15.0,54.0,64.0
10,10,FGS,2415,0.13717246055603027,9,0.8889,0.1,0.2286,0.1111,0.1,0.1053,17.0,27.0,28.0
10,10,FGS,3595,0.13528966903686523,9,0.8889,0.1,0.2286,0.1111,0.1,0.1053,18.0,34.0,34.0
10,10,FGS,4187,0.1331489086151123,8,0.875,0.1,0.2,0.125,0.1,0.1111,17.0,43.0,57.0
10,10,FGS,4135,0.13807988166809082,9,0.8889,0.1,0.2286,0.1111,0.1,0.1053,16.0,36.0,53.0
10,10,FGS,5174,0.17506003379821777,8,1.0,0.0,0.2286,0.0,0.0,,18.0,40.0,50.0
10,10,FGS,5303,0.1317734718322754,8,0.75,0.2,0.1714,0.25,0.2,0.2222,15.0,33.0,55.0
10,10,FGS,3942,0.1358935832977295,10,0.9,0.1,0.2571,0.1,0.1,0.1,17.0,47.0,57.0
10,10,FGS,2778,0.14126253128051758,11,0.7273,0.3,0.2286,0.2727,0.3,0.2857,16.0,18.0,19.0
10,10,FGS,2804,0.14020228385925293,11,0.6364,0.4,0.2,0.0909,0.1,0.0952,15.0,21.0,70.0
10,10,FGS,2145,0.13155031204223633,7,0.8571,0.1,0.1714,0.1429,0.1,0.1176,16.0,33.0,35.0
10,10,FGS,150,0.13028788566589355,7,0.8571,0.1,0.1714,0.1429,0.1,0.1176,13.0,32.0,33.0
10,10,FGS,8823,0.13425993919372559,10,1.0,0.0,0.2857,0.0,0.0,,18.0,47.0,50.0
10,10,FGS,4669,0.175872802734375,9,0.7778,0.2,0.2,0.1111,0.1,0.1053,17.0,44.0,61.0
10,10,FGS,6131,0.13473916053771973,9,0.8889,0.1,0.2286,0.1111,0.1,0.1053,16.0,45.0,55.0
10,10,FGS,2617,0.13424062728881836,9,0.7778,0.2,0.2,0.2222,0.2,0.2105,16.0,32.0,48.0
10,10,FGS,7166,0.13182735443115234,8,0.625,0.3,0.1429,0.25,0.2,0.2222,13.0,14.0,37.0
10,10,FGS,1428,0.1325697898864746,8,0.875,0.1,0.2,0.125,0.1,0.1111,16.0,25.0,35.0
10,10,FGS,8328,0.1372666358947754,10,0.8,0.2,0.2286,0.2,0.2,0.2,17.0,27.0,35.0
10,10,FGS,8289,0.13197803497314453,7,0.7143,0.2,0.1429,0.2857,0.2,0.2353,13.0,21.0,47.0
10,10,FGS,5978,0.18058109283447266,10,0.9,0.1,0.2571,0.1,0.1,0.1,16.0,37.0,42.0
10,10,FGS,5511,0.12978386878967285,6,0.5,0.3,0.0857,0.5,0.3,0.375,11.0,18.0,29.0
10,10,FGS,5864,0.13392233848571777,8,0.875,0.1,0.2,0.125,0.1,0.1111,17.0,42.0,63.0
10,10,FGS,606,0.14210820198059082,12,0.9167,0.1,0.3143,0.0,0.0,,19.0,36.0,53.0
10,10,FGS,1933,0.13874125480651855,10,0.8,0.2,0.2286,0.2,0.2,0.2,17.0,38.0,38.0
10,10,FGS,6071,0.1336989402770996,8,0.625,0.3,0.1429,0.375,0.3,0.3333,15.0,39.0,47.0
10,10,FGS,5504,0.13182926177978516,8,0.625,0.3,0.1429,0.375,0.3,0.3333,14.0,20.0,30.0
10,10,FGS,5163,0.13702130317687988,9,0.8889,0.1,0.2286,0.1111,0.1,0.1053,16.0,40.0,47.0
10,10,FGS,2406,0.17891669273376465,9,1.0,0.0,0.2571,0.0,0.0,,19.0,24.0,24.0
10,10,FGS,304,0.13617897033691406,10,0.8,0.2,0.2286,0.2,0.2,0.2,17.0,26.0,32.0
10,10,FGS,3391,0.13388872146606445,8,1.0,0.0,0.2286,0.0,0.0,,18.0,34.0,53.0
10,10,FGS,359,0.1350100040435791,8,0.75,0.2,0.1714,0.25,0.2,0.2222,15.0,39.0,49.0
10,10,FGS,9096,0.1390855312347412,11,0.7273,0.3,0.2286,0.1818,0.2,0.1905,16.0,29.0,54.0
10,10,FGS,3533,0.13020873069763184,7,1.0,0.0,0.2,0.0,0.0,,17.0,40.0,49.0
10,10,FGS,4125,0.12743663787841797,7,0.7143,0.2,0.1429,0.2857,0.2,0.2353,13.0,30.0,30.0
10,10,FGS,3094,0.1700727939605713,6,1.0,0.0,0.1714,0.0,0.0,,16.0,26.0,31.0
10,10,FGS,6398,0.1362764835357666,8,1.0,0.0,0.2286,0.0,0.0,,17.0,42.0,50.0
10,20,FGS,7816,0.16225051879882812,18,0.7778,0.2,0.56,0.2222,0.2,0.2105,29.0,70.0,72.0
10,20,FGS,3578,0.1485881805419922,15,0.8667,0.1,0.52,0.0667,0.05,0.0571,28.0,58.0,60.0
10,20,FGS,2656,0.14423131942749023,14,0.7857,0.15,0.44,0.2143,0.15,0.1765,27.0,70.0,84.0
10,20,FGS,2688,0.14789295196533203,17,0.7059,0.25,0.48,0.2941,0.25,0.2703,30.0,68.0,79.0
10,20,FGS,2494,0.14983630180358887,16,0.6875,0.25,0.44,0.25,0.2,0.2222,27.0,63.0,75.0
10,20,FGS,183,0.1932814121246338,17,0.6471,0.3,0.44,0.2941,0.25,0.2703,23.0,53.0,65.0
10,20,FGS,7977,0.14719295501708984,15,0.5333,0.35,0.32,0.4,0.3,0.3429,23.0,52.0,63.0
10,20,FGS,3199,0.15771865844726562,20,0.8,0.2,0.64,0.15,0.15,0.15,28.0,82.0,83.0
10,20,FGS,316,0.1570570468902588,20,0.7,0.3,0.56,0.2,0.2,0.2,24.0,61.0,83.0
10,20,FGS,8266,0.14899230003356934,16,0.6875,0.25,0.44,0.25,0.2,0.2222,29.0,60.0,80.0
10,20,FGS,1532,0.14644980430603027,15,0.6667,0.25,0.4,0.3333,0.25,0.2857,23.0,74.0,84.0
10,20,FGS,1009,0.18993282318115234,15,0.9333,0.05,0.56,0.0667,0.05,0.0571,30.0,59.0,69.0
10,20,FGS,2250,0.15517354011535645,19,0.6316,0.35,0.48,0.3684,0.35,0.359,21.0,62.0,81.0
10,20,FGS,4447,0.15580010414123535,19,0.6842,0.3,0.52,0.2632,0.25,0.2564,26.0,67.0,70.0
10,20,FGS,2415,0.16727399826049805,25,0.52,0.6,0.52,0.24,0.3,0.2667,26.0,33.0,83.0
10,20,FGS,3595,0.14598369598388672,14,0.8571,0.1,0.48,0.1429,0.1,0.1176,28.0,68.0,71.0
10,20,FGS,4187,0.15549111366271973,17,0.7647,0.2,0.52,0.2353,0.2,0.2162,26.0,70.0,83.0
10,20,FGS,4135,0.19505953788757324,16,0.5,0.4,0.32,0.4375,0.35,0.3889,21.0,50.0,83.0
10,20,FGS,5174,0.17056965827941895,23,0.6522,0.4,0.6,0.3043,0.35,0.3256,25.0,70.0,76.0
10,20,FGS,5303,0.1470651626586914,15,0.8,0.15,0.48,0.1333,0.1,0.1143,28.0,77.0,83.0
10,20,FGS,3942,0.14985203742980957,16,0.75,0.2,0.48,0.125,0.1,0.1111,29.0,68.0,87.0
10,20,FGS,2778,0.14166736602783203,13,0.5385,0.3,0.28,0.3846,0.25,0.303,21.0,62.0,80.0
10,20,FGS,2804,0.14966273307800293,16,0.625,0.3,0.4,0.1875,0.15,0.1667,27.0,60.0,86.0
10,20,FGS,2145,0.20200657844543457,20,0.7,0.3,0.56,0.3,0.3,0.3,26.0,59.0,71.0
10,20,FGS,150,0.14928698539733887,16,0.5625,0.35,0.36,0.25,0.2,0.2222,20.0,55.0,82.0
10,20,FGS,8823,0.14855504035949707,15,0.8,0.15,0.48,0.1333,0.1,0.1143,25.0,85.0,88.0
10,20,FGS,4669,0.14431023597717285,14,0.5714,0.3,0.32,0.4286,0.3,0.3529,22.0,48.0,71.0
10,20,FGS,6131,0.15949487686157227,21,0.8095,0.2,0.68,0.1905,0.2,0.1951,28.0,65.0,84.0
10,20,FGS,2617,0.14627742767333984,15,0.6,0.3,0.36,0.3333,0.25,0.2857,24.0,59.0,81.0
10,20,FGS,7166,0.1965036392211914,17,0.9412,0.05,0.64,0.0588,0.05,0.0541,30.0,80.0,82.0
10,20,FGS,1428,0.15094399452209473,17,0.8824,0.1,0.6,0.1176,0.1,0.1081,30.0,76.0,77.0
10,20,FGS,8328,0.16680145263671875,24,0.625,0.45,0.6,0.2917,0.35,0.3182,29.0,56.0,77.0
10,20,FGS,8289,0.14168310165405273,13,0.9231,0.05,0.48,0.0769,0.05,0.0606,28.0,78.0,85.0
10,20,FGS,5978,0.15191912651062012,18,0.7222,0.25,0.52,0.2222,0.2,0.2105,30.0,55.0,82.0
10,20,FGS,5511,0.15275049209594727,17,0.6471,0.3,0.44,0.2353,0.2,0.2162,28.0,47.0,75.0
10,20,FGS,5864,0.19564414024353027,16,0.8125,0.15,0.52,0.1875,0.15,0.1667,30.0,76.0,87.0
10,20,FGS,606,0.149566650390625,16,0.75,0.2,0.48,0.25,0.2,0.2222,23.0,83.0,85.0
10,20,FGS,1933,0.1539318561553955,19,0.8421,0.15,0.64,0.1053,0.1,0.1026,29.0,68.0,80.0
10,20,FGS,6071,0.15592312812805176,17,0.5882,0.35,0.4,0.3529,0.3,0.3243,24.0,58.0,72.0
10,20,FGS,5504,0.14454364776611328,14,0.4286,0.4,0.24,0.2857,0.2,0.2353,23.0,52.0,73.0
10,20,FGS,5163,0.21044230461120605,13,0.6923,0.2,0.36,0.1538,0.1,0.1212,25.0,63.0,80.0
10,20,FGS,2406,0.15286827087402344,18,0.7222,0.25,0.52,0.2222,0.2,0.2105,25.0,65.0,83.0
10,20,FGS,304,0.14693951606750488,15,0.6667,0.25,0.4,0.2,0.15,0.1714,28.0,72.0,86.0
10,20,FGS,3391,0.1550121307373047,16,0.8125,0.15,0.52,0.125,0.1,0.1111,30.0,61.0,87.0
10,20,FGS,359,0.13738203048706055,10,0.7,0.15,0.28,0.1,0.05,0.0667,27.0,79.0,86.0
10,20,FGS,9096,0.15199756622314453,17,0.7647,0.2,0.52,0.2353,0.2,0.2162,25.0,73.0,85.0
10,20,FGS,3533,0.14660239219665527,16,0.75,0.2,0.48,0.25,0.2,0.2222,28.0,66.0,77.0
10,20,FGS,4125,0.1933276653289795,13,0.7692,0.15,0.4,0.2308,0.15,0.1818,27.0,57.0,67.0
10,20,FGS,3094,0.14832329750061035,16,0.6875,0.25,0.44,0.1875,0.15,0.1667,28.0,81.0,85.0
10,20,FGS,6398,0.15064406394958496,16,0.75,0.2,0.48,0.25,0.2,0.2222,25.0,74.0,79.0
15,15,FGS,7816,0.16782760620117188,12,0.9167,0.0667,0.1222,0.0833,0.0667,0.0741,25.0,57.0,61.0
15,15,FGS,3578,0.15836453437805176,10,0.9,0.0667,0.1,0.1,0.0667,0.08,24.0,85.0,113.0
15,15,FGS,2656,0.2270050048828125,15,0.9333,0.0667,0.1556,0.0667,0.0667,0.0667,27.0,68.0,75.0
15,15,FGS,2688,0.16273760795593262,13,1.0,0.0,0.1444,0.0,0.0,,27.0,77.0,89.0
15,15,FGS,2494,0.1748180389404297,11,0.9091,0.0667,0.1111,0.0909,0.0667,0.0769,22.0,92.0,92.0
15,15,FGS,183,0.1643662452697754,12,0.8333,0.1333,0.1111,0.0833,0.0667,0.0741,24.0,69.0,93.0
15,15,FGS,7977,0.2266101837158203,9,0.7778,0.1333,0.0778,0.1111,0.0667,0.0833,21.0,60.0,91.0
15,15,FGS,3199,0.1658177375793457,14,1.0,0.0,0.1556,0.0,0.0,,28.0,84.0,96.0
15,15,FGS,316,0.16816973686218262,14,1.0,0.0,0.1556,0.0,0.0,,28.0,102.0,128.0
15,15,FGS,8266,0.16105079650878906,12,1.0,0.0,0.1333,0.0,0.0,,26.0,51.0,73.0
15,15,FGS,1532,0.21062111854553223,10,1.0,0.0,0.1111,0.0,0.0,,24.0,58.0,63.0
15,15,FGS,1009,0.16883563995361328,15,0.7333,0.2667,0.1222,0.2,0.2,0.2,22.0,74.0,96.0
15,15,FGS,2250,0.16144895553588867,12,0.9167,0.0667,0.1222,0.0833,0.0667,0.0741,25.0,127.0,140.0
15,15,FGS,4447,0.1660616397857666,14,1.0,0.0,0.1556,0.0,0.0,,28.0,109.0,137.0
15,15,FGS,2415,0.2198643684387207,14,0.8571,0.1333,0.1333,0.0714,0.0667,0.069,26.0,44.0,59.0
15,15,FGS,3595,0.1622774600982666,13,1.0,0.0,0.1444,0.0,0.0,,26.0,75.0,91.0
15,15,FGS,4187,0.16944098472595215,15,0.8667,0.1333,0.1444,0.0667,0.0667,0.0667,27.0,76.0,96.0
15,15,FGS,4135,0.15772342681884766,10,0.9,0.0667,0.1,0.1,0.0667,0.08,23.0,38.0,46.0
15,15,FGS,5174,0.22805070877075195,11,0.9091,0.0667,0.1111,0.0909,0.0667,0.0769,25.0,39.0,40.0
15,15,FGS,5303,0.15908122062683105,11,0.9091,0.0667,0.1111,0.0909,0.0667,0.0769,24.0,57.0,77.0
15,15,FGS,3942,0.16096234321594238,11,0.9091,0.0667,0.1111,0.0909,0.0667,0.0769,24.0,43.0,51.0
15,15,FGS,2778,0.2180466651916504,13,0.6923,0.2667,0.1,0.1538,0.1333,0.1429,24.0,50.0,72.0
15,15,FGS,2804,0.17620372772216797,18,0.7778,0.2667,0.1556,0.1111,0.1333,0.1212,29.0,84.0,102.0
15,15,FGS,2145,0.16222667694091797,12,0.8333,0.1333,0.1111,0.1667,0.1333,0.1481,24.0,97.0,112.0
15,15,FGS,150,0.17106294631958008,16,0.875,0.1333,0.1556,0.125,0.1333,0.129,28.0,61.0,116.0
15,15,FGS,8823,0.227921724319458,15,0.8667,0.1333,0.1444,0.0667,0.0667,0.0667,27.0,85.0,98.0
15,15,FGS,4669,0.16295957565307617,13,0.7692,0.2,0.1111,0.2308,0.2,0.2143,22.0,46.0,60.0
15,15,FGS,6131,0.15965509414672852,12,0.9167,0.0667,0.1222,0.0833,0.0667,0.0741,24.0,88.0,110.0
15,15,FGS,2617,0.16141867637634277,12,1.0,0.0,0.1333,0.0,0.0,,25.0,60.0,71.0
15,15,FGS,7166,0.23650646209716797,13,0.9231,0.0667,0.1333,0.0769,0.0667,0.0714,24.0,64.0,76.0
15,15,FGS,1428,0.1715848445892334,15,0.8667,0.1333,0.1444,0.1333,0.1333,0.1333,27.0,84.0,97.0
15,15,FGS,8328,0.1615285873413086,11,1.0,0.0,0.1222,0.0,0.0,,26.0,64.0,68.0
15,15,FGS,8289,0.16274571418762207,11,0.9091,0.0667,0.1111,0.0,0.0,,21.0,80.0,107.0
15,15,FGS,5978,0.2712409496307373,13,0.9231,0.0667,0.1333,0.0769,0.0667,0.0714,26.0,56.0,71.0
15,15,FGS,5511,0.17007184028625488,15,0.8667,0.1333,0.1444,0.1333,0.1333,0.1333,25.0,51.0,60.0
15,15,FGS,5864,0.16440725326538086,14,0.8571,0.1333,0.1333,0.0714,0.0667,0.069,25.0,44.0,59.0
15,15,FGS,606,0.22171831130981445,15,0.8,0.2,0.1333,0.1333,0.1333,0.1333,26.0,60.0,81.0
15,15,FGS,1933,0.1700592041015625,14,0.7857,0.2,0.1222,0.1429,0.1333,0.1379,25.0,65.0,98.0
15,15,FGS,6071,0.16423702239990234,12,1.0,0.0,0.1333,0.0,0.0,,27.0,65.0,80.0
15,15,FGS,5504,0.22281193733215332,13,0.9231,0.0667,0.1333,0.0769,0.0667,0.0714,26.0,80.0,82.0
15,15,FGS,5163,0.17272615432739258,15,1.0,0.0,0.1667,0.0,0.0,,29.0,116.0,132.0
15,15,FGS,2406,0.1657886505126953,14,1.0,0.0,0.1556,0.0,0.0,,27.0,99.0,104.0
15,15,FGS,304,0.24229907989501953,15,0.8,0.2,0.1333,0.1333,0.1333,0.1333,27.0,43.0,67.0
15,15,FGS,3391,0.16791439056396484,13,0.9231,0.0667,0.1333,0.0769,0.0667,0.0714,26.0,63.0,100.0
15,15,FGS,359,0.16785526275634766,14,1.0,0.0,0.1556,0.0,0.0,,29.0,86.0,92.0
15,15,FGS,9096,0.16485166549682617,13,0.8462,0.1333,0.1222,0.0769,0.0667,0.0714,24.0,102.0,118.0
15,15,FGS,3533,0.28084540367126465,16,0.875,0.1333,0.1556,0.0625,0.0667,0.0645,27.0,71.0,82.0
15,15,FGS,4125,0.1631014347076416,13,0.9231,0.0667,0.1333,0.0769,0.0667,0.0714,27.0,65.0,88.0
15,15,FGS,3094,0.16455626487731934,14,1.0,0.0,0.1556,0.0,0.0,,29.0,66.0,76.0
15,15,FGS,6398,0.16780519485473633,14,0.9286,0.0667,0.1444,0.0714,0.0667,0.069,27.0,62.0,64.0
15,30,FGS,7816,0.2523047924041748,27,0.8519,0.1333,0.3067,0.1481,0.1333,0.1404,51.0,148.0,165.0
15,30,FGS,3578,0.21495556831359863,21,0.7619,0.1667,0.2133,0.1905,0.1333,0.1569,40.0,155.0,170.0
15,30,FGS,2656,0.20277643203735352,31,0.8387,0.1667,0.3467,0.129,0.1333,0.1311,52.0,131.0,146.0
15,30,FGS,2688,0.23810720443725586,23,0.8261,0.1333,0.2533,0.1304,0.1,0.1132,44.0,170.0,183.0
15,30,FGS,2494,0.18061590194702148,21,0.8571,0.1,0.24,0.0476,0.0333,0.0392,44.0,171.0,199.0
15,30,FGS,183,0.18811559677124023,24,0.8333,0.1333,0.2667,0.0833,0.0667,0.0741,46.0,169.0,185.0
15,30,FGS,7977,0.2573812007904053,22,0.8636,0.1,0.2533,0.1364,0.1,0.1154,44.0,177.0,182.0
15,30,FGS,3199,0.19784283638000488,27,0.8519,0.1333,0.3067,0.1111,0.1,0.1053,49.0,189.0,200.0
15,30,FGS,316,0.1880791187286377,21,0.8095,0.1333,0.2267,0.1905,0.1333,0.1569,42.0,162.0,181.0
15,30,FGS,8266,0.2985401153564453,24,0.75,0.2,0.24,0.1667,0.1333,0.1481,42.0,165.0,195.0
15,30,FGS,1532,0.18160796165466309,21,0.8095,0.1333,0.2267,0.1905,0.1333,0.1569,41.0,126.0,153.0
15,30,FGS,1009,0.18832898139953613,24,0.8333,0.1333,0.2667,0.0833,0.0667,0.0741,44.0,167.0,177.0
15,30,FGS,2250,0.2535371780395508,28,0.8929,0.1,0.3333,0.0714,0.0667,0.069,51.0,183.0,191.0
15,30,FGS,4447,0.20117902755737305,23,0.7391,0.2,0.2267,0.1739,0.1333,0.1509,43.0,178.0,199.0
15,30,FGS,2415,0.19031167030334473,24,0.875,0.1,0.28,0.125,0.1,0.1111,49.0,170.0,176.0
15,30,FGS,3595,0.1975095272064209,27,0.8889,0.1,0.32,0.037,0.0333,0.0351,48.0,169.0,177.0
15,30,FGS,4187,0.24306035041809082,25,0.72,0.2333,0.24,0.24,0.2,0.2182,43.0,153.0,173.0
15,30,FGS,4135,0.2011706829071045,27,0.7037,0.2667,0.2533,0.2593,0.2333,0.2456,42.0,138.0,188.0
15,30,FGS,5174,0.1861574649810791,21,0.8095,0.1333,0.2267,0.1905,0.1333,0.1569,40.0,137.0,152.0
15,30,FGS,5303,0.1844186782836914,23,0.8696,0.1,0.2667,0.087,0.0667,0.0755,49.0,163.0,203.0
15,30,FGS,3942,0.2697327136993408,26,0.7308,0.2333,0.2533,0.1923,0.1667,0.1786,43.0,139.0,178.0
15,30,FGS,2778,0.2046060562133789,28,0.8214,0.1667,0.3067,0.1429,0.1333,0.1379,49.0,121.0,182.0
15,30,FGS,2804,0.19098925590515137,24,0.7917,0.1667,0.2533,0.125,0.1,0.1111,45.0,168.0,197.0
15,30,FGS,2145,0.18331575393676758,23,0.8696,0.1,0.2667,0.1304,0.1,0.1132,46.0,168.0,197.0
15,30,FGS,150,0.247023344039917,23,0.8696,0.1,0.2667,0.1304,0.1,0.1132,41.0,162.0,180.0
15,30,FGS,8823,0.2570371627807617,27,0.9259,0.0667,0.3333,0.0741,0.0667,0.0702,49.0,191.0,196.0
15,30,FGS,4669,0.2020406723022461,30,0.7667,0.2333,0.3067,0.2333,0.2333,0.2333,47.0,127.0,145.0
15,30,FGS,6131,0.19112253189086914,25,0.84,0.1333,0.28,0.16,0.1333,0.1455,47.0,171.0,185.0
15,30,FGS,2617,0.18441081047058105,23,0.7391,0.2,0.2267,0.2174,0.1667,0.1887,42.0,186.0,195.0
15,30,FGS,7166,0.24248147010803223,22,0.8636,0.1,0.2533,0.0909,0.0667,0.0769,45.0,165.0,181.0
15,30,FGS,1428,0.20101094245910645,29,0.931,0.0667,0.36,0.069,0.0667,0.0678,50.0,160.0,183.0
15,30,FGS,8328,0.19566631317138672,26,0.8462,0.1333,0.2933,0.1154,0.1,0.1071,48.0,135.0,137.0
15,30,FGS,8289,0.18203473091125488,20,0.8,0.1333,0.2133,0.05,0.0333,0.04,43.0,193.0,201.0
15,30,FGS,5978,0.2519345283508301,24,0.7917,0.1667,0.2533,0.2083,0.1667,0.1852,44.0,157.0,175.0
15,30,FGS,5511,0.19292712211608887,26,0.7308,0.2333,0.2533,0.2308,0.2,0.2143,43.0,160.0,166.0
15,30,FGS,5864,0.19036531448364258,24,0.7083,0.2333,0.2267,0.25,0.2,0.2222,43.0,142.0,164.0
15,30,FGS,606,0.18591547012329102,23,0.7826,0.1667,0.24,0.2174,0.1667,0.1887,42.0,174.0,190.0
15,30,FGS,1933,0.18626117706298828,23,0.8261,0.1333,0.2533,0.1304,0.1,0.1132,45.0,127.0,168.0
15,30,FGS,6071,0.2872438430786133,34,0.8235,0.2,0.3733,0.1765,0.2,0.1875,52.0,168.0,175.0
15,30,FGS,5504,0.203202486038208,27,0.7778,0.2,0.28,0.2222,0.2,0.2105,44.0,160.0,163.0
15,30,FGS,5163,0.18467187881469727,21,0.8571,0.1,0.24,0.0952,0.0667,0.0784,46.0,165.0,201.0
15,30,FGS,2406,0.17433381080627441,17,0.8235,0.1,0.1867,0.1176,0.0667,0.0851,41.0,172.0,199.0
15,30,FGS,304,0.2595634460449219,27,0.7407,0.2333,0.2667,0.2222,0.2,0.2105,41.0,153.0,169.0
15,30,FGS,3391,0.24509215354919434,21,0.8571,0.1,0.24,0.1429,0.1,0.1176,43.0,157.0,178.0
15,30,FGS,359,0.1842026710510254,23,0.8261,0.1333,0.2533,0.1739,0.1333,0.1509,43.0,178.0,194.0
15,30,FGS,9096,0.1977858543395996,28,0.8214,0.1667,0.3067,0.1429,0.1333,0.1379,47.0,173.0,198.0
15,30,FGS,3533,0.19900202751159668,31,0.7742,0.2333,0.32,0.2258,0.2333,0.2295,49.0,162.0,185.0
15,30,FGS,4125,0.26189732551574707,28,0.7857,0.2,0.2933,0.1786,0.1667,0.1724,49.0,154.0,193.0
15,30,FGS,3094,0.20500469207763672,29,0.7241,0.2667,0.28,0.2414,0.2333,0.2373,43.0,141.0,174.0
15,30,FGS,6398,0.18790936470031738,24,0.875,0.1,0.28,0.125,0.1,0.1111,49.0,159.0,178.0
20,20,FGS,7816,0.2327556610107422,18,0.8889,0.1,0.0941,0.1111,0.1,0.1053,36.0,135.0,151.0
20,20,FGS,3578,0.26293325424194336,18,0.8889,0.1,0.0941,0.1111,0.1,0.1053,35.0,138.0,145.0
20,20,FGS,2656,0.22806429862976074,20,0.95,0.05,0.1118,0.05,0.05,0.05,36.0,147.0,165.0
20,20,FGS,2688,0.2306509017944336,19,1.0,0.0,0.1118,0.0,0.0,,39.0,88.0,104.0
20,20,FGS,2494,0.28046488761901855,17,1.0,0.0,0.1,0.0,0.0,,37.0,84.0,107.0
20,20,FGS,183,0.2095353603363037,16,0.875,0.1,0.0824,0.125,0.1,0.1111,34.0,162.0,179.0
20,20,FGS,7977,0.21346426010131836,19,0.9474,0.05,0.1059,0.0526,0.05,0.0513,38.0,80.0,88.0
20,20,FGS,3199,0.2761220932006836,17,0.8824,0.1,0.0882,0.1176,0.1,0.1081,32.0,137.0,162.0
20,20,FGS,316,0.26954078674316406,19,0.9474,0.05,0.1059,0.0526,0.05,0.0513,38.0,112.0,148.0
20,20,FGS,8266,0.22540283203125,17,0.8235,0.15,0.0824,0.1765,0.15,0.1622,29.0,140.0,191.0
20,20,FGS,1532,0.20374655723571777,19,0.8421,0.15,0.0941,0.1053,0.1,0.1026,34.0,95.0,106.0
20,20,FGS,1009,0.27332067489624023,16,0.75,0.2,0.0706,0.125,0.1,0.1111,29.0,148.0,195.0
20,20,FGS,2250,0.19894671440124512,17,0.8235,0.15,0.0824,0.1176,0.1,0.1081,33.0,71.0,107.0
20,20,FGS,4447,0.20124363899230957,17,1.0,0.0,0.1,0.0,0.0,,37.0,133.0,150.0
20,20,FGS,2415,0.27576422691345215,17,1.0,0.0,0.1,0.0,0.0,,37.0,180.0,198.0
20,20,FGS,3595,0.20597362518310547,18,0.9444,0.05,0.1,0.0,0.0,,36.0,116.0,133.0
20,20,FGS,4187,0.21747827529907227,21,0.8571,0.15,0.1059,0.1429,0.15,0.1463,35.0,107.0,126.0
20,20,FGS,4135,0.2833702564239502,16,0.9375,0.05,0.0882,0.0625,0.05,0.0556,34.0,85.0,114.0
20,20,FGS,5174,0.21097302436828613,17,0.8824,0.1,0.0882,0.0588,0.05,0.0541,34.0,124.0,154.0
20,20,FGS,5303,0.21531319618225098,15,0.9333,0.05,0.0824,0.0667,0.05,0.0571,34.0,108.0,123.0
20,20,FGS,3942,0.26075005531311035,17,1.0,0.0,0.1,0.0,0.0,,36.0,124.0,126.0
20,20,FGS,2778,0.2581665515899658,16,0.9375,0.05,0.0882,0.0,0.0,,34.0,143.0,169.0
20,20,FGS,2804,0.2037191390991211,18,0.9444,0.05,0.1,0.0,0.0,,36.0,111.0,141.0
20,20,FGS,2145,0.21729326248168945,20,1.0,0.0,0.1176,0.0,0.0,,40.0,154.0,160.0
20,20,FGS,150,0.27804064750671387,17,0.8235,0.15,0.0824,0.1765,0.15,0.1622,31.0,96.0,139.0
20,20,FGS,8823,0.22357678413391113,19,0.8947,0.1,0.1,0.0526,0.05,0.0513,34.0,112.0,118.0
20,20,FGS,4669,0.2608652114868164,19,0.8421,0.15,0.0941,0.1053,0.1,0.1026,35.0,97.0,156.0
20,20,FGS,6131,0.2634575366973877,18,0.8889,0.1,0.0941,0.1111,0.1,0.1053,35.0,117.0,135.0
20,20,FGS,2617,0.2274792194366455,19,0.9474,0.05,0.1059,0.0526,0.05,0.0513,38.0,50.0,57.0
20,20,FGS,7166,0.22221159934997559,19,1.0,0.0,0.1118,0.0,0.0,,39.0,114.0,137.0
20,20,FGS,1428,0.2989614009857178,13,0.6923,0.2,0.0529,0.3077,0.2,0.2424,25.0,75.0,79.0
20,20,FGS,8328,0.22163772583007812,16,0.9375,0.05,0.0882,0.0625,0.05,0.0556,34.0,118.0,157.0
20,20,FGS,8289,0.22048211097717285,19,1.0,0.0,0.1118,0.0,0.0,,38.0,86.0,99.0
20,20,FGS,5978,0.27643895149230957,15,0.7333,0.2,0.0647,0.2,0.15,0.1714,27.0,67.0,98.0
20,20,FGS,5511,0.21323347091674805,15,0.9333,0.05,0.0824,0.0,0.0,,34.0,63.0,70.0
20,20,FGS,5864,0.2746918201446533,17,0.9412,0.05,0.0941,0.0588,0.05,0.0541,35.0,83.0,96.0
20,20,FGS,606,0.23346185684204102,18,0.9444,0.05,0.1,0.0556,0.05,0.0526,36.0,123.0,143.0
20,20,FGS,1933,0.19732236862182617,16,0.8125,0.15,0.0765,0.125,0.1,0.1111,30.0,112.0,135.0
20,20,FGS,6071,0.30341315269470215,22,0.9545,0.05,0.1235,0.0455,0.05,0.0476,40.0,113.0,143.0
20,20,FGS,5504,0.2075181007385254,15,0.9333,0.05,0.0824,0.0,0.0,,32.0,120.0,152.0
20,20,FGS,5163,0.20313668251037598,20,0.95,0.05,0.1118,0.0,0.0,,36.0,149.0,162.0
20,20,FGS,2406,0.20290303230285645,16,1.0,0.0,0.0941,0.0,0.0,,36.0,121.0,125.0
20,20,FGS,304,0.2757258415222168,19,1.0,0.0,0.1118,0.0,0.0,,38.0,125.0,130.0
20,20,FGS,3391,0.23294448852539062,17,1.0,0.0,0.1,0.0,0.0,,37.0,91.0,104.0
20,20,FGS,359,0.21466660499572754,23,0.913,0.1,0.1235,0.087,0.1,0.093,39.0,102.0,110.0
20,20,FGS,9096,0.2832465171813965,17,0.9412,0.05,0.0941,0.0,0.0,,36.0,94.0,99.0
20,20,FGS,3533,0.20305156707763672,19,0.8947,0.1,0.1,0.1053,0.1,0.1026,36.0,165.0,188.0
20,20,FGS,4125,0.20911169052124023,16,1.0,0.0,0.0941,0.0,0.0,,36.0,85.0,94.0
20,20,FGS,3094,0.2835047245025635,15,1.0,0.0,0.0882,0.0,0.0,,35.0,116.0,122.0
20,20,FGS,6398,0.22792458534240723,18,0.9444,0.05,0.1,0.0,0.0,,36.0,109.0,122.0
20,40,FGS,7816,0.23819327354431152,35,0.7714,0.2,0.18,0.2286,0.2,0.2133,59.0,272.0,314.0
20,40,FGS,3578,0.3072686195373535,32,0.9375,0.05,0.2,0.0625,0.05,0.0556,65.0,318.0,328.0
20,40,FGS,2656,0.2335960865020752,34,0.8529,0.125,0.1933,0.1176,0.1,0.1081,67.0,268.0,321.0
20,40,FGS,2688,0.2331380844116211,34,0.8529,0.125,0.1933,0.1176,0.1,0.1081,61.0,325.0,350.0
20,40,FGS,2494,0.30616164207458496,33,0.9091,0.075,0.2,0.0909,0.075,0.0822,65.0,337.0,360.0
20,40,FGS,183,0.23587250709533691,33,0.9091,0.075,0.2,0.0909,0.075,0.0822,67.0,296.0,298.0
20,40,FGS,7977,0.2218170166015625,27,0.7778,0.15,0.14,0.1852,0.125,0.1493,55.0,227.0,270.0
20,40,FGS,3199,0.32265400886535645,35,0.8571,0.125,0.2,0.1143,0.1,0.1067,65.0,272.0,294.0
20,40,FGS,316,0.2399275302886963,35,0.8286,0.15,0.1933,0.1429,0.125,0.1333,60.0,285.0,330.0
20,40,FGS,8266,0.23424839973449707,31,0.8387,0.125,0.1733,0.129,0.1,0.1127,62.0,308.0,360.0
20,40,FGS,1532,0.30767178535461426,34,0.8824,0.1,0.2,0.1176,0.1,0.1081,61.0,295.0,298.0
20,40,FGS,1009,0.23998618125915527,29,0.8621,0.1,0.1667,0.1034,0.075,0.087,60.0,299.0,328.0
20,40,FGS,2250,0.30827856063842773,29,0.931,0.05,0.18,0.0345,0.025,0.029,61.0,299.0,355.0
20,40,FGS,4447,0.2475900650024414,34,0.8235,0.15,0.1867,0.1765,0.15,0.1622,61.0,256.0,292.0
20,40,FGS,2415,0.25551390647888184,42,0.9286,0.075,0.26,0.0714,0.075,0.0732,75.0,315.0,326.0
20,40,FGS,3595,0.3091764450073242,28,0.8571,0.1,0.16,0.0714,0.05,0.0588,60.0,313.0,357.0
20,40,FGS,4187,0.2379150390625,31,0.9355,0.05,0.1933,0.0323,0.025,0.0282,66.0,278.0,326.0
20,40,FGS,4135,0.25223398208618164,34,0.8235,0.15,0.1867,0.1471,0.125,0.1351,60.0,288.0,329.0
20,40,FGS,5174,0.31130504608154297,35,0.9143,0.075,0.2133,0.0857,0.075,0.08,68.0,338.0,342.0
20,40,FGS,5303,0.24468040466308594,33,0.8485,0.125,0.1867,0.1515,0.125,0.137,59.0,325.0,329.0
20,40,FGS,3942,0.2464442253112793,38,0.9211,0.075,0.2333,0.0526,0.05,0.0513,72.0,337.0,363.0
20,40,FGS,2778,0.28620147705078125,25,0.96,0.025,0.16,0.04,0.025,0.0308,59.0,293.0,343.0
20,40,FGS,2804,0.23752093315124512,32,0.875,0.1,0.1867,0.0625,0.05,0.0556,65.0,271.0,282.0
20,40,FGS,2145,0.2440509796142578,30,0.9333,0.05,0.1867,0.0333,0.025,0.0286,65.0,325.0,334.0
20,40,FGS,150,0.22214198112487793,29,0.8276,0.125,0.16,0.1034,0.075,0.087,61.0,309.0,328.0
20,40,FGS,8823,0.329545259475708,37,0.8378,0.15,0.2067,0.1351,0.125,0.1299,66.0,307.0,356.0
20,40,FGS,4669,0.2532474994659424,32,0.9062,0.075,0.1933,0.0938,0.075,0.0833,64.0,269.0,292.0
20,40,FGS,6131,0.24868011474609375,34,0.9412,0.05,0.2133,0.0588,0.05,0.0541,67.0,296.0,328.0
20,40,FGS,2617,0.30496859550476074,34,0.7941,0.175,0.18,0.1765,0.15,0.1622,62.0,255.0,283.0
20,40,FGS,7166,0.2609071731567383,35,0.8857,0.1,0.2067,0.0857,0.075,0.08,65.0,279.0,314.0
20,40,FGS,1428,0.23235273361206055,32,0.75,0.2,0.16,0.1875,0.15,0.1667,59.0,269.0,347.0
20,40,FGS,8328,0.2330465316772461,26,0.7308,0.175,0.1267,0.1923,0.125,0.1515,54.0,279.0,303.0
20,40,FGS,8289,0.32169246673583984,37,0.8378,0.15,0.2067,0.1081,0.1,0.1039,65.0,317.0,359.0
20,40,FGS,5978,0.23496794700622559,32,0.9062,0.075,0.1933,0.0938,0.075,0.0833,63.0,268.0,286.0
20,40,FGS,5511,0.2420496940612793,30,0.8667,0.1,0.1733,0.1,0.075,0.0857,59.0,274.0,319.0
20,40,FGS,5864,0.33257102966308594,36,0.9722,0.025,0.2333,0.0,0.0,,68.0,357.0,361.0
20,40,FGS,606,0.2239384651184082,23,0.9565,0.025,0.1467,0.0435,0.025,0.0317,62.0,281.0,306.0
20,40,FGS,1933,0.22835969924926758,31,0.9032,0.075,0.1867,0.0968,0.075,0.0845,65.0,305.0,317.0
20,40,FGS,6071,0.29834437370300293,28,0.8214,0.125,0.1533,0.1786,0.125,0.1471,60.0,308.0,329.0
20,40,FGS,5504,0.2317028045654297,27,0.963,0.025,0.1733,0.0,0.0,,65.0,332.0,358.0
20,40,FGS,5163,0.23320746421813965,30,0.7333,0.2,0.1467,0.1333,0.1,0.1143,57.0,284.0,294.0
20,40,FGS,2406,0.29955148696899414,31,0.8387,0.125,0.1733,0.129,0.1,0.1127,59.0,297.0,336.0
20,40,FGS,304,0.24747705459594727,36,0.8889,0.1,0.2133,0.1111,0.1,0.1053,63.0,317.0,343.0
20,40,FGS,3391,0.23318123817443848,33,0.9394,0.05,0.2067,0.0606,0.05,0.0548,66.0,304.0,334.0
20,40,FGS,359,0.2513256072998047,31,0.8387,0.125,0.1733,0.129,0.1,0.1127,63.0,272.0,338.0
20,40,FGS,9096,0.3275923728942871,32,1.0,0.0,0.2133,0.0,0.0,,70.0,353.0,356.0
20,40,FGS,3533,0.25801825523376465,32,0.9062,0.075,0.1933,0.0938,0.075,0.0833,64.0,338.0,358.0
20,40,FGS,4125,0.24331092834472656,32,0.9062,0.075,0.1933,0.0625,0.05,0.0556,65.0,266.0,298.0
20,40,FGS,3094,0.3252136707305908,29,0.8276,0.125,0.16,0.1724,0.125,0.1449,63.0,244.0,268.0
20,40,FGS,6398,0.22403526306152344,30,0.9333,0.05,0.1867,0.0333,0.025,0.0286,66.0,332.0,357.0
