nnz,fdr,tpr,fpr,precision,recall,F1,shd,sid_low,sid_high,dataset,seed,n_nodes,elapsed_bsaf_creation,elapsed_model_solution,is_converged,fact_ranking_method,model_ranking_method,num_edges_est,best_model,aba_elapsed,ranking_elapsed,best_I
5,0.2,1.0,0.1667,0.4,0.5,0.4444,3.0,5.0,15.0,cancer,7816,5,0.09893465042114258,0.5078091621398926,True,v2,original_ranking,5,"[(1, 3), (0, 4), (0, 3), (0, 1), (0, 2)]",0,1.8783397674560547,19.59223091198125
4,0.0,1.0,0.0,0.5,0.5,0.5,2.0,5.0,15.0,cancer,3578,5,0.09893465042114258,0.5069131851196289,True,v2,original_ranking,4,"[(0, 4), (0, 3), (0, 1), (0, 2)]",0,1.8865342140197754,19.183079703344053
3,0.0,0.75,0.0,0.6667,0.5,0.5714,2.0,1.0,11.0,cancer,2656,5,0.09893465042114258,0.46569061279296875,True,v2,original_ranking,3,"[(0, 4), (0, 3), (0, 1)]",0,1.1303982734680176,10.825485407588843
4,0.0,1.0,0.0,0.5,0.5,0.5,2.0,5.0,15.0,cancer,2688,5,0.09893465042114258,0.5096092224121094,True,v2,original_ranking,4,"[(0, 4), (0, 3), (0, 1), (0, 2)]",0,1.877948522567749,18.79932549645801
4,0.0,1.0,0.0,0.5,0.5,0.5,2.0,5.0,15.0,cancer,2494,5,0.09893465042114258,0.5076553821563721,True,v2,original_ranking,4,"[(0, 3), (0, 2), (0, 4), (0, 1)]",0,1.878812313079834,19.226991790950688
3,0.0,0.75,0.0,0.6667,0.5,0.5714,2.0,1.0,11.0,cancer,183,5,0.09893465042114258,0.46399378776550293,True,v2,original_ranking,3,"[(0, 4), (0, 3), (0, 1)]",0,1.1313462257385254,11.187420068695685
4,0.0,1.0,0.0,0.5,0.5,0.5,2.0,5.0,15.0,cancer,7977,5,0.09893465042114258,0.520484209060669,True,v2,original_ranking,4,"[(0, 4), (0, 3), (0, 2), (0, 1)]",0,1.8870649337768555,21.00262410289887
3,0.0,0.75,0.0,0.6667,0.5,0.5714,2.0,1.0,11.0,cancer,3199,5,0.09893465042114258,0.47386622428894043,True,v2,original_ranking,3,"[(0, 4), (0, 3), (0, 1)]",0,1.15968656539917,11.417328149032326
4,0.0,1.0,0.0,0.5,0.5,0.5,2.0,5.0,15.0,cancer,316,5,0.09893465042114258,0.5087902545928955,True,v2,original_ranking,4,"[(0, 4), (0, 3), (0, 1), (0, 2)]",0,1.8784539699554443,18.25622623435301
4,0.0,1.0,0.0,0.5,0.5,0.5,2.0,5.0,15.0,cancer,8266,5,0.09893465042114258,0.5072576999664307,True,v2,original_ranking,4,"[(0, 3), (0, 4), (0, 1), (0, 2)]",0,1.8748600482940674,19.315298742873914
3,0.0,0.75,0.0,0.6667,0.5,0.5714,2.0,1.0,11.0,cancer,1532,5,0.09893465042114258,0.46553587913513184,True,v2,original_ranking,3,"[(0, 4), (0, 3), (0, 1)]",0,1.143113613128662,10.981944039367253
4,0.0,1.0,0.0,0.5,0.5,0.5,2.0,5.0,15.0,cancer,1009,5,0.09893465042114258,0.5183217525482178,True,v2,original_ranking,4,"[(0, 4), (0, 3), (0, 1), (0, 2)]",0,1.8864593505859375,19.225829214845618
4,0.0,1.0,0.0,0.5,0.5,0.5,2.0,5.0,15.0,cancer,2250,5,0.09893465042114258,0.6012439727783203,True,v2,original_ranking,4,"[(0, 3), (0, 2), (0, 4), (0, 1)]",0,1.886108636856079,19.807765499076066
3,0.0,0.75,0.0,0.6667,0.5,0.5714,2.0,1.0,11.0,cancer,4447,5,0.09893465042114258,0.46471405029296875,True,v2,original_ranking,3,"[(0, 4), (0, 3), (0, 1)]",0,1.1330876350402832,11.45896684716684
4,0.0,1.0,0.0,0.5,0.5,0.5,2.0,5.0,15.0,cancer,2415,5,0.09893465042114258,0.5075662136077881,True,v2,original_ranking,4,"[(0, 4), (0, 1), (0, 3), (0, 2)]",0,1.8920471668243408,19.10653109909542
5,0.2,1.0,0.1667,0.4,0.5,0.4444,3.0,5.0,19.0,cancer,3595,5,0.09893465042114258,0.5152325630187988,True,v2,original_ranking,5,"[(1, 4), (0, 4), (0, 3), (0, 1), (0, 2)]",0,1.894751787185669,19.13674775276474
4,0.0,1.0,0.0,0.5,0.5,0.5,2.0,5.0,15.0,cancer,4187,5,0.09893465042114258,0.5108098983764648,True,v2,original_ranking,4,"[(0, 3), (0, 1), (0, 4), (0, 2)]",0,1.8784773349761963,18.88599120577329
4,0.0,1.0,0.0,0.5,0.5,0.5,2.0,5.0,15.0,cancer,4135,5,0.09893465042114258,0.5121917724609375,True,v2,original_ranking,4,"[(0, 4), (0, 3), (0, 2), (0, 1)]",0,1.8872511386871338,19.28245286329518
5,0.2,1.0,0.1667,0.4,0.5,0.4444,3.0,5.0,15.0,cancer,5174,5,0.09893465042114258,0.5098505020141602,True,v2,original_ranking,5,"[(1, 2), (0, 4), (0, 3), (0, 2), (0, 1)]",0,1.8736984729766846,20.849203269965145
4,0.0,1.0,0.0,0.5,0.5,0.5,2.0,5.0,15.0,cancer,5303,5,0.09893465042114258,0.5124661922454834,True,v2,original_ranking,4,"[(0, 4), (0, 3), (0, 2), (0, 1)]",0,1.8816502094268799,20.2644789141587
5,0.2,1.0,0.1667,0.4,0.5,0.4444,3.0,5.0,15.0,cancer,3942,5,0.09893465042114258,0.472048282623291,True,v2,original_ranking,5,"[(2, 4), (0, 4), (0, 3), (0, 2), (0, 1)]",0,2.2100894451141357,23.903485567743108
4,0.0,1.0,0.0,0.5,0.5,0.5,2.0,5.0,15.0,cancer,2778,5,0.09893465042114258,0.5115342140197754,True,v2,original_ranking,4,"[(0, 4), (0, 3), (0, 1), (0, 2)]",0,1.894749402999878,18.497344873015297
3,0.0,0.75,0.0,0.6667,0.5,0.5714,2.0,1.0,11.0,cancer,2804,5,0.09893465042114258,0.461810827255249,True,v2,original_ranking,3,"[(0, 4), (0, 3), (0, 1)]",0,1.1418359279632568,11.574821137933899
4,0.0,1.0,0.0,0.5,0.5,0.5,2.0,5.0,15.0,cancer,2145,5,0.09893465042114258,0.5126242637634277,True,v2,original_ranking,4,"[(0, 4), (0, 3), (0, 1), (0, 2)]",0,1.8816742897033691,19.64863587890845
4,0.0,1.0,0.0,0.5,0.5,0.5,2.0,5.0,15.0,cancer,150,5,0.09893465042114258,0.5067613124847412,True,v2,original_ranking,4,"[(0, 4), (0, 1), (0, 3), (0, 2)]",0,1.8743960857391357,18.816084025933144
4,0.0,1.0,0.0,0.5,0.5,0.5,2.0,5.0,15.0,cancer,8823,5,0.09893465042114258,0.508115291595459,True,v2,original_ranking,4,"[(0, 3), (0, 4), (0, 1), (0, 2)]",0,1.8745536804199219,18.976781493841045
4,0.0,1.0,0.0,0.5,0.5,0.5,2.0,5.0,15.0,cancer,4669,5,0.09893465042114258,0.503781795501709,True,v2,original_ranking,4,"[(0, 3), (0, 4), (0, 1), (0, 2)]",0,1.8990287780761719,19.53472453180374
3,0.0,0.75,0.0,0.6667,0.5,0.5714,2.0,1.0,11.0,cancer,6131,5,0.09893465042114258,0.4602196216583252,True,v2,original_ranking,3,"[(0, 4), (0, 3), (0, 1)]",0,1.1343915462493896,12.48251447627692
4,0.0,1.0,0.0,0.5,0.5,0.5,2.0,5.0,15.0,cancer,2617,5,0.09893465042114258,0.5082855224609375,True,v2,original_ranking,4,"[(0, 3), (0, 4), (0, 1), (0, 2)]",0,1.8984720706939697,18.4024899905844
5,0.2,1.0,0.1667,0.4,0.5,0.4444,3.0,5.0,15.0,cancer,7166,5,0.09893465042114258,0.4773430824279785,True,v2,original_ranking,5,"[(1, 3), (0, 4), (0, 3), (0, 2), (0, 1)]",0,2.1641476154327393,18.596435102493405
4,0.0,1.0,0.0,0.5,0.5,0.5,2.0,5.0,15.0,cancer,1428,5,0.09893465042114258,0.5154862403869629,True,v2,original_ranking,4,"[(0, 3), (0, 1), (0, 4), (0, 2)]",0,1.880253791809082,19.04198324491676
4,0.0,1.0,0.0,0.5,0.5,0.5,2.0,5.0,15.0,cancer,8328,5,0.09893465042114258,0.5053977966308594,True,v2,original_ranking,4,"[(0, 4), (0, 3), (0, 1), (0, 2)]",0,1.894195795059204,19.56436013112032
4,0.0,1.0,0.0,0.5,0.5,0.5,2.0,5.0,15.0,cancer,8289,5,0.09893465042114258,0.5154001712799072,True,v2,original_ranking,4,"[(0, 4), (0, 3), (0, 2), (0, 1)]",0,1.912766456604004,21.284795378977314
3,0.0,0.75,0.0,0.6667,0.5,0.5714,2.0,1.0,11.0,cancer,5978,5,0.09893465042114258,0.45818281173706055,True,v2,original_ranking,3,"[(0, 4), (0, 3), (0, 1)]",0,1.131286859512329,11.515951980531124
4,0.0,1.0,0.0,0.5,0.5,0.5,2.0,5.0,15.0,cancer,5511,5,0.09893465042114258,0.5075385570526123,True,v2,original_ranking,4,"[(0, 4), (0, 3), (0, 2), (0, 1)]",0,1.8778581619262695,18.83884113068969
4,0.0,1.0,0.0,0.5,0.5,0.5,2.0,5.0,15.0,cancer,5864,5,0.09893465042114258,0.5108613967895508,True,v2,original_ranking,4,"[(0, 4), (0, 2), (0, 3), (0, 1)]",0,1.8898866176605225,18.94364578393712
4,0.0,1.0,0.0,0.5,0.5,0.5,2.0,5.0,15.0,cancer,606,5,0.09893465042114258,0.5114758014678955,True,v2,original_ranking,4,"[(0, 4), (0, 3), (0, 1), (0, 2)]",0,1.8983125686645508,18.973047172499943
4,0.0,1.0,0.0,0.5,0.5,0.5,2.0,5.0,15.0,cancer,1933,5,0.09893465042114258,0.5112652778625488,True,v2,original_ranking,4,"[(0, 4), (0, 3), (0, 2), (0, 1)]",0,1.8988959789276123,17.97409462889055
3,0.0,0.75,0.0,0.6667,0.5,0.5714,2.0,1.0,11.0,cancer,6071,5,0.09893465042114258,0.46334385871887207,True,v2,original_ranking,3,"[(0, 4), (0, 3), (0, 1)]",0,1.3418693542480469,12.04656935276417
3,0.0,0.75,0.0,0.6667,0.5,0.5714,2.0,1.0,11.0,cancer,5504,5,0.09893465042114258,0.4615194797515869,True,v2,original_ranking,3,"[(0, 4), (0, 3), (0, 1)]",0,1.1412875652313232,10.756625575639951
3,0.0,0.75,0.0,0.6667,0.5,0.5714,2.0,1.0,11.0,cancer,5163,5,0.09893465042114258,0.4636116027832031,True,v2,original_ranking,3,"[(0, 4), (0, 3), (0, 1)]",0,1.1437335014343262,10.71311390242166
3,0.0,0.75,0.0,0.6667,0.5,0.5714,2.0,1.0,11.0,cancer,2406,5,0.09893465042114258,0.46640610694885254,True,v2,original_ranking,3,"[(0, 4), (0, 3), (0, 1)]",0,1.1489579677581787,13.16545373733837
4,0.0,1.0,0.0,0.5,0.5,0.5,2.0,5.0,15.0,cancer,304,5,0.09893465042114258,0.5159327983856201,True,v2,original_ranking,4,"[(0, 4), (0, 3), (0, 1), (0, 2)]",0,1.884404182434082,19.605343470104014
4,0.0,1.0,0.0,0.5,0.5,0.5,2.0,5.0,15.0,cancer,3391,5,0.09893465042114258,0.506303071975708,True,v2,original_ranking,4,"[(0, 4), (0, 1), (0, 3), (0, 2)]",0,1.8925349712371826,19.634005312153228
3,0.0,0.75,0.0,0.6667,0.5,0.5714,2.0,1.0,11.0,cancer,359,5,0.09893465042114258,0.4599299430847168,True,v2,original_ranking,3,"[(0, 4), (0, 3), (0, 1)]",0,1.1378390789031982,11.57806404572269
4,0.0,1.0,0.0,0.5,0.5,0.5,2.0,5.0,15.0,cancer,9096,5,0.09893465042114258,0.5085453987121582,True,v2,original_ranking,4,"[(0, 4), (0, 1), (0, 3), (0, 2)]",0,1.889373779296875,19.29990852393861
4,0.0,1.0,0.0,0.5,0.5,0.5,2.0,5.0,15.0,cancer,3533,5,0.09893465042114258,0.5134894847869873,True,v2,original_ranking,4,"[(0, 3), (0, 1), (0, 4), (0, 2)]",0,1.8749418258666992,19.215332585568248
4,0.0,1.0,0.0,0.5,0.5,0.5,2.0,5.0,15.0,cancer,4125,5,0.09893465042114258,0.5167379379272461,True,v2,original_ranking,4,"[(0, 4), (0, 3), (0, 1), (0, 2)]",0,1.8745002746582031,19.78537094967047
4,0.0,1.0,0.0,0.5,0.5,0.5,2.0,5.0,15.0,cancer,3094,5,0.09893465042114258,0.5341134071350098,True,v2,original_ranking,4,"[(0, 4), (0, 3), (0, 2), (0, 1)]",0,1.8853106498718262,18.85461125448148
3,0.0,0.75,0.0,0.6667,0.5,0.5714,2.0,1.0,11.0,cancer,6398,5,0.09893465042114258,0.46212005615234375,True,v2,original_ranking,3,"[(0, 4), (0, 3), (0, 1)]",0,1.1311817169189453,11.2919232114222
5,0.2,1.0,0.1667,0.4,0.5,0.4444,3.0,0.0,14.0,earthquake,7816,5,0.041684627532958984,0.5040912628173828,True,v2,original_ranking,5,"[(1, 2), (0, 4), (0, 3), (0, 2), (0, 1)]",0,2.226773738861084,35.41127713457994
6,0.3333,1.0,0.3333,0.3333,0.5,0.4,4.0,0.0,14.0,earthquake,3578,5,0.041684627532958984,0.4714806079864502,True,v2,original_ranking,6,"[(1, 2), (1, 4), (0, 4), (0, 3), (0, 2), (0, 1)]",0,2.4563348293304443,38.381652308601176
7,0.4286,1.0,0.5,0.2857,0.5,0.3636,5.0,0.0,14.0,earthquake,2656,5,0.041684627532958984,0.45196080207824707,True,v2,original_ranking,7,"[(1, 2), (2, 4), (1, 4), (0, 4), (0, 3), (0, 2), (0, 1)]",0,2.581022262573242,38.92240359631092
5,0.2,1.0,0.1667,0.4,0.5,0.4444,3.0,0.0,14.0,earthquake,2688,5,0.041684627532958984,0.511563777923584,True,v2,original_ranking,5,"[(1, 2), (0, 4), (0, 3), (0, 2), (0, 1)]",0,2.2149884700775146,34.92179010706422
6,0.3333,1.0,0.3333,0.3333,0.5,0.4,4.0,0.0,14.0,earthquake,2494,5,0.041684627532958984,0.46837472915649414,True,v2,original_ranking,6,"[(1, 2), (1, 4), (0, 4), (0, 3), (0, 2), (0, 1)]",0,2.400864839553833,36.619050441446106
6,0.3333,1.0,0.3333,0.3333,0.5,0.4,4.0,0.0,14.0,earthquake,183,5,0.041684627532958984,0.4645211696624756,True,v2,original_ranking,6,"[(1, 2), (1, 3), (0, 4), (0, 3), (0, 2), (0, 1)]",0,2.4274916648864746,38.48594731699264
5,0.2,1.0,0.1667,0.4,0.5,0.4444,3.0,0.0,14.0,earthquake,7977,5,0.041684627532958984,0.5034952163696289,True,v2,original_ranking,5,"[(1, 2), (0, 4), (0, 3), (0, 2), (0, 1)]",0,2.2381231784820557,34.817735132101035
6,0.3333,1.0,0.3333,0.3333,0.5,0.4,4.0,0.0,14.0,earthquake,3199,5,0.041684627532958984,0.4720025062561035,True,v2,original_ranking,6,"[(1, 2), (1, 4), (0, 4), (0, 3), (0, 2), (0, 1)]",0,2.430572509765625,38.517990269246766
6,0.3333,1.0,0.3333,0.3333,0.5,0.4,4.0,0.0,14.0,earthquake,316,5,0.041684627532958984,0.465259313583374,True,v2,original_ranking,6,"[(1, 2), (1, 4), (0, 4), (0, 3), (0, 2), (0, 1)]",0,2.4135310649871826,36.80020034985591
6,0.3333,1.0,0.3333,0.3333,0.5,0.4,4.0,0.0,14.0,earthquake,8266,5,0.041684627532958984,0.4787936210632324,True,v2,original_ranking,6,"[(1, 2), (1, 4), (0, 4), (0, 3), (0, 2), (0, 1)]",0,2.4211933612823486,37.183143669824524
5,0.2,1.0,0.1667,0.4,0.5,0.4444,3.0,0.0,14.0,earthquake,1532,5,0.041684627532958984,0.5133383274078369,True,v2,original_ranking,5,"[(1, 2), (0, 4), (0, 3), (0, 2), (0, 1)]",0,2.234285593032837,35.23747555981692
6,0.3333,1.0,0.3333,0.3333,0.5,0.4,4.0,0.0,14.0,earthquake,1009,5,0.041684627532958984,0.4659733772277832,True,v2,original_ranking,6,"[(1, 2), (1, 4), (0, 4), (0, 3), (0, 2), (0, 1)]",0,2.45001220703125,38.25890891684011
5,0.2,1.0,0.1667,0.4,0.5,0.4444,3.0,0.0,14.0,earthquake,2250,5,0.041684627532958984,0.5145184993743896,True,v2,original_ranking,5,"[(1, 2), (0, 4), (0, 3), (0, 2), (0, 1)]",0,2.235893726348877,35.25804294017913
6,0.3333,1.0,0.3333,0.3333,0.5,0.4,4.0,0.0,14.0,earthquake,4447,5,0.041684627532958984,0.46402668952941895,True,v2,original_ranking,6,"[(1, 2), (1, 4), (0, 4), (0, 3), (0, 2), (0, 1)]",0,2.456785202026367,35.78082166399544
5,0.2,1.0,0.1667,0.4,0.5,0.4444,3.0,0.0,14.0,earthquake,2415,5,0.041684627532958984,0.47821831703186035,True,v2,original_ranking,5,"[(1, 2), (0, 4), (0, 3), (0, 2), (0, 1)]",0,2.40161395072937,36.137546423342876
5,0.2,1.0,0.1667,0.4,0.5,0.4444,3.0,0.0,14.0,earthquake,3595,5,0.041684627532958984,0.5135636329650879,True,v2,original_ranking,5,"[(1, 2), (0, 4), (0, 3), (0, 2), (0, 1)]",0,2.230236291885376,35.42496406256019
6,0.3333,1.0,0.3333,0.3333,0.5,0.4,4.0,0.0,14.0,earthquake,4187,5,0.041684627532958984,0.46671152114868164,True,v2,original_ranking,6,"[(1, 2), (1, 4), (0, 4), (0, 3), (0, 2), (0, 1)]",0,2.441877841949463,38.19222182222482
6,0.3333,1.0,0.3333,0.3333,0.5,0.4,4.0,0.0,14.0,earthquake,4135,5,0.041684627532958984,0.4730994701385498,True,v2,original_ranking,6,"[(1, 2), (2, 4), (0, 4), (0, 3), (0, 2), (0, 1)]",0,2.4008586406707764,36.76431245722695
6,0.3333,1.0,0.3333,0.3333,0.5,0.4,4.0,0.0,14.0,earthquake,5174,5,0.041684627532958984,0.47470927238464355,True,v2,original_ranking,6,"[(1, 2), (1, 4), (0, 4), (0, 3), (0, 2), (0, 1)]",0,2.394558906555176,36.38137252566513
6,0.3333,1.0,0.3333,0.3333,0.5,0.4,4.0,0.0,14.0,earthquake,5303,5,0.041684627532958984,0.466381311416626,True,v2,original_ranking,6,"[(1, 2), (1, 4), (0, 4), (0, 3), (0, 2), (0, 1)]",0,2.4079809188842773,37.10540263344673
5,0.2,1.0,0.1667,0.4,0.5,0.4444,3.0,0.0,14.0,earthquake,3942,5,0.041684627532958984,0.4675023555755615,True,v2,original_ranking,5,"[(1, 2), (0, 4), (0, 3), (0, 2), (0, 1)]",0,2.408451795578003,36.60547404430441
6,0.3333,1.0,0.3333,0.3333,0.5,0.4,4.0,0.0,14.0,earthquake,2778,5,0.041684627532958984,0.46694278717041016,True,v2,original_ranking,6,"[(1, 2), (1, 4), (0, 4), (0, 3), (0, 2), (0, 1)]",0,2.411607027053833,36.401009698318965
6,0.3333,1.0,0.3333,0.3333,0.5,0.4,4.0,0.0,14.0,earthquake,2804,5,0.041684627532958984,0.4940986633300781,True,v2,original_ranking,6,"[(1, 2), (1, 4), (0, 4), (0, 3), (0, 2), (0, 1)]",0,2.6309051513671875,36.122441736425785
6,0.3333,1.0,0.3333,0.3333,0.5,0.4,4.0,0.0,14.0,earthquake,2145,5,0.041684627532958984,0.49508142471313477,True,v2,original_ranking,6,"[(1, 2), (1, 4), (0, 4), (0, 3), (0, 2), (0, 1)]",0,2.4440042972564697,38.115933762860706
6,0.3333,1.0,0.3333,0.3333,0.5,0.4,4.0,0.0,14.0,earthquake,150,5,0.041684627532958984,0.4715609550476074,True,v2,original_ranking,6,"[(1, 2), (1, 4), (0, 4), (0, 3), (0, 2), (0, 1)]",0,2.408454656600952,36.25562835688063
6,0.3333,1.0,0.3333,0.3333,0.5,0.4,4.0,0.0,14.0,earthquake,8823,5,0.041684627532958984,0.4649536609649658,True,v2,original_ranking,6,"[(1, 2), (1, 4), (0, 4), (0, 3), (0, 2), (0, 1)]",0,2.4084434509277344,36.65458086380908
5,0.2,1.0,0.1667,0.4,0.5,0.4444,3.0,0.0,14.0,earthquake,4669,5,0.041684627532958984,0.5330984592437744,True,v2,original_ranking,5,"[(1, 2), (0, 4), (0, 3), (0, 2), (0, 1)]",0,2.2525124549865723,34.557965462948076
5,0.2,1.0,0.1667,0.4,0.5,0.4444,3.0,0.0,14.0,earthquake,6131,5,0.041684627532958984,0.5209226608276367,True,v2,original_ranking,5,"[(1, 2), (0, 4), (0, 3), (0, 2), (0, 1)]",0,2.2211251258850098,34.86780816459048
5,0.2,1.0,0.1667,0.4,0.5,0.4444,3.0,0.0,14.0,earthquake,2617,5,0.041684627532958984,0.5150775909423828,True,v2,original_ranking,5,"[(1, 2), (0, 4), (0, 3), (0, 2), (0, 1)]",0,2.236222743988037,35.410449959813555
7,0.4286,1.0,0.5,0.2857,0.5,0.3636,5.0,0.0,14.0,earthquake,7166,5,0.041684627532958984,0.46799755096435547,True,v2,original_ranking,7,"[(1, 2), (2, 4), (1, 4), (0, 4), (0, 3), (0, 2), (0, 1)]",0,2.5742194652557373,39.250720199778506
5,0.2,1.0,0.1667,0.4,0.5,0.4444,3.0,0.0,14.0,earthquake,1428,5,0.041684627532958984,0.5168907642364502,True,v2,original_ranking,5,"[(1, 2), (0, 4), (0, 3), (0, 2), (0, 1)]",0,2.2382075786590576,35.0001877867361
6,0.3333,1.0,0.3333,0.3333,0.5,0.4,4.0,0.0,14.0,earthquake,8328,5,0.041684627532958984,0.505162239074707,True,v2,original_ranking,6,"[(1, 2), (1, 4), (0, 4), (0, 3), (0, 2), (0, 1)]",0,2.44551420211792,36.89203981270783
5,0.2,1.0,0.1667,0.4,0.5,0.4444,3.0,0.0,14.0,earthquake,8289,5,0.041684627532958984,0.5095689296722412,True,v2,original_ranking,5,"[(1, 2), (0, 4), (0, 3), (0, 2), (0, 1)]",0,2.235753059387207,34.90397970936613
5,0.2,1.0,0.1667,0.4,0.5,0.4444,3.0,0.0,14.0,earthquake,5978,5,0.041684627532958984,0.5105807781219482,True,v2,original_ranking,5,"[(1, 2), (0, 4), (0, 3), (0, 2), (0, 1)]",0,2.2464914321899414,34.98373202328884
5,0.2,1.0,0.1667,0.4,0.5,0.4444,3.0,0.0,14.0,earthquake,5511,5,0.041684627532958984,0.5382754802703857,True,v2,original_ranking,5,"[(1, 2), (0, 4), (0, 3), (0, 2), (0, 1)]",0,2.4007375240325928,35.26933682702561
5,0.2,1.0,0.1667,0.4,0.5,0.4444,3.0,0.0,14.0,earthquake,5864,5,0.041684627532958984,0.5380628108978271,True,v2,original_ranking,5,"[(1, 2), (0, 4), (0, 3), (0, 2), (0, 1)]",0,2.4059317111968994,35.19539514124726
6,0.3333,1.0,0.3333,0.3333,0.5,0.4,4.0,0.0,14.0,earthquake,606,5,0.041684627532958984,0.5082230567932129,True,v2,original_ranking,6,"[(1, 2), (1, 4), (0, 4), (0, 3), (0, 2), (0, 1)]",0,2.613917827606201,38.40642207463732
6,0.3333,1.0,0.3333,0.3333,0.5,0.4,4.0,0.0,14.0,earthquake,1933,5,0.041684627532958984,0.4947025775909424,True,v2,original_ranking,6,"[(1, 2), (1, 4), (0, 4), (0, 3), (0, 2), (0, 1)]",0,2.585488796234131,37.10007400626322
6,0.3333,1.0,0.3333,0.3333,0.5,0.4,4.0,0.0,14.0,earthquake,6071,5,0.041684627532958984,0.5090787410736084,True,v2,original_ranking,6,"[(1, 2), (1, 4), (0, 4), (0, 3), (0, 2), (0, 1)]",0,2.59401798248291,37.2427295275997
5,0.2,1.0,0.1667,0.4,0.5,0.4444,3.0,0.0,14.0,earthquake,5504,5,0.041684627532958984,0.4983220100402832,True,v2,original_ranking,5,"[(1, 2), (0, 4), (0, 3), (0, 2), (0, 1)]",0,2.596182107925415,35.955157112859574
5,0.2,1.0,0.1667,0.4,0.5,0.4444,3.0,0.0,14.0,earthquake,5163,5,0.041684627532958984,0.4971909523010254,True,v2,original_ranking,5,"[(1, 2), (0, 4), (0, 3), (0, 2), (0, 1)]",0,2.6093578338623047,36.58030102058616
5,0.2,1.0,0.1667,0.4,0.5,0.4444,3.0,0.0,14.0,earthquake,2406,5,0.041684627532958984,0.5406551361083984,True,v2,original_ranking,5,"[(1, 2), (0, 4), (0, 3), (0, 2), (0, 1)]",0,2.3984317779541016,34.83475659118823
5,0.2,1.0,0.1667,0.4,0.5,0.4444,3.0,0.0,14.0,earthquake,304,5,0.041684627532958984,0.5494706630706787,True,v2,original_ranking,5,"[(1, 2), (0, 4), (0, 3), (0, 2), (0, 1)]",0,2.3894436359405518,35.29411377085885
6,0.3333,1.0,0.3333,0.3333,0.5,0.4,4.0,0.0,14.0,earthquake,3391,5,0.041684627532958984,0.500058650970459,True,v2,original_ranking,6,"[(1, 2), (1, 4), (0, 4), (0, 3), (0, 2), (0, 1)]",0,2.5898778438568115,37.03004945462187
6,0.3333,1.0,0.3333,0.3333,0.5,0.4,4.0,0.0,14.0,earthquake,359,5,0.041684627532958984,0.5166540145874023,True,v2,original_ranking,6,"[(1, 2), (1, 4), (0, 4), (0, 3), (0, 2), (0, 1)]",0,2.5905656814575195,37.38959099971932
5,0.2,1.0,0.1667,0.4,0.5,0.4444,3.0,0.0,14.0,earthquake,9096,5,0.041684627532958984,0.5123357772827148,True,v2,original_ranking,5,"[(1, 2), (0, 4), (0, 3), (0, 2), (0, 1)]",0,2.24037766456604,35.22627091199761
5,0.2,1.0,0.1667,0.4,0.5,0.4444,3.0,0.0,14.0,earthquake,3533,5,0.041684627532958984,0.5059952735900879,True,v2,original_ranking,5,"[(1, 2), (0, 4), (0, 3), (0, 2), (0, 1)]",0,2.237144708633423,35.03790313103863
6,0.3333,1.0,0.3333,0.3333,0.5,0.4,4.0,0.0,14.0,earthquake,4125,5,0.041684627532958984,0.48885273933410645,True,v2,original_ranking,6,"[(1, 2), (1, 4), (0, 4), (0, 3), (0, 2), (0, 1)]",0,2.410172462463379,36.55518198243246
5,0.2,1.0,0.1667,0.4,0.5,0.4444,3.0,0.0,14.0,earthquake,3094,5,0.041684627532958984,0.5090658664703369,True,v2,original_ranking,5,"[(1, 2), (0, 4), (0, 3), (0, 2), (0, 1)]",0,2.246603488922119,35.4099456259337
5,0.2,1.0,0.1667,0.4,0.5,0.4444,3.0,0.0,14.0,earthquake,6398,5,0.041684627532958984,0.5175809860229492,True,v2,original_ranking,5,"[(1, 2), (0, 4), (0, 3), (0, 2), (0, 1)]",0,2.243236780166626,35.873042088799174
4,0.75,0.1667,0.3333,0.25,0.1667,0.2,9.0,13.0,25.0,survey,7816,6,0.1489732265472412,1.776043176651001,True,v2,original_ranking,4,"[(4, 5), (3, 4), (0, 2), (0, 1)]",0,1.9606561660766602,7.079575263540238
2,0.5,0.1667,0.1111,0.5,0.1667,0.25,7.0,15.0,21.0,survey,3578,6,0.1489732265472412,1.8303954601287842,True,v2,original_ranking,2,"[(0, 3), (0, 1)]",0,1.4369807243347168,7.874474890954446
4,0.75,0.1667,0.3333,0.25,0.1667,0.2,9.0,13.0,19.0,survey,2656,6,0.1489732265472412,1.7926294803619385,True,v2,original_ranking,4,"[(0, 3), (0, 5), (0, 1), (0, 2)]",0,2.062035083770752,7.868650692876638
4,0.75,0.1667,0.3333,0.25,0.1667,0.2,9.0,13.0,19.0,survey,2688,6,0.1489732265472412,1.7482478618621826,True,v2,original_ranking,4,"[(0, 5), (0, 3), (0, 2), (0, 1)]",0,2.0643224716186523,8.186423611693675
2,0.5,0.1667,0.1111,0.5,0.1667,0.25,7.0,15.0,21.0,survey,2494,6,0.1489732265472412,1.8290867805480957,True,v2,original_ranking,2,"[(0, 1), (0, 3)]",0,1.313368320465088,7.558029877871002
2,1.0,0.0,0.2222,0.0,0.0,,8.0,15.0,21.0,survey,183,6,0.1489732265472412,1.8264305591583252,True,v2,original_ranking,2,"[(4, 5), (3, 4)]",0,1.2593984603881836,7.070815802624193
2,0.5,0.1667,0.1111,0.5,0.1667,0.25,7.0,15.0,21.0,survey,7977,6,0.1489732265472412,1.8499653339385986,True,v2,original_ranking,2,"[(0, 1), (0, 3)]",0,1.3260040283203125,7.213316726734458
3,0.6667,0.1667,0.2222,0.3333,0.1667,0.2222,8.0,14.0,20.0,survey,3199,6,0.1489732265472412,1.7931861877441406,True,v2,original_ranking,3,"[(0, 3), (0, 1), (0, 2)]",0,1.8208985328674316,8.83092517372015
3,0.6667,0.1667,0.2222,0.3333,0.1667,0.2222,8.0,14.0,20.0,survey,316,6,0.1489732265472412,1.8163745403289795,True,v2,original_ranking,3,"[(0, 2), (0, 1), (0, 3)]",0,1.9801549911499023,7.1432220309848
4,0.75,0.1667,0.3333,0.25,0.1667,0.2,9.0,13.0,25.0,survey,8266,6,0.1489732265472412,1.8047142028808594,True,v2,original_ranking,4,"[(0, 1), (3, 4), (0, 2), (4, 5)]",0,1.5869717597961426,6.285558196272956
2,1.0,0.0,0.2222,0.0,0.0,,8.0,15.0,21.0,survey,1532,6,0.1489732265472412,1.7924585342407227,True,v2,original_ranking,2,"[(0, 3), (0, 5)]",0,1.7280752658843994,4.938167782693764
0,0.0,0.0,0.0,,0.0,,6.0,17.0,17.0,survey,1009,6,0.1489732265472412,1.7982168197631836,True,v2,original_ranking,0,[],0,1.311413288116455,-0.7090935418802135
4,0.75,0.1667,0.3333,0.25,0.1667,0.2,9.0,13.0,25.0,survey,2250,6,0.1489732265472412,1.7943696975708008,True,v2,original_ranking,4,"[(0, 1), (0, 2), (4, 5), (3, 4)]",0,1.5394847393035889,7.78653549660809
4,0.75,0.1667,0.3333,0.25,0.1667,0.2,9.0,13.0,25.0,survey,4447,6,0.1489732265472412,1.8019154071807861,True,v2,original_ranking,4,"[(0, 2), (4, 5), (3, 4), (0, 1)]",0,1.4422054290771484,6.5669723189110165
2,1.0,0.0,0.2222,0.0,0.0,,8.0,15.0,21.0,survey,2415,6,0.1489732265472412,1.7924222946166992,True,v2,original_ranking,2,"[(0, 3), (0, 5)]",0,1.7231521606445312,1.989066219866666
2,0.5,0.1667,0.1111,0.5,0.1667,0.25,7.0,15.0,21.0,survey,3595,6,0.1489732265472412,1.8361279964447021,True,v2,original_ranking,2,"[(0, 3), (0, 1)]",0,1.2920820713043213,7.963224778152949
4,0.75,0.1667,0.3333,0.25,0.1667,0.2,9.0,13.0,25.0,survey,4187,6,0.1489732265472412,1.8376398086547852,True,v2,original_ranking,4,"[(3, 4), (0, 2), (0, 1), (4, 5)]",0,1.2632908821105957,3.007031350917294
3,0.6667,0.1667,0.2222,0.3333,0.1667,0.2222,8.0,14.0,20.0,survey,4135,6,0.1489732265472412,1.7994763851165771,True,v2,original_ranking,3,"[(0, 1), (0, 3), (0, 2)]",0,1.8410086631774902,8.872578586561053
2,1.0,0.0,0.2222,0.0,0.0,,8.0,15.0,21.0,survey,5174,6,0.1489732265472412,1.785977840423584,True,v2,original_ranking,2,"[(0, 5), (0, 3)]",0,1.7229442596435547,3.7287780447971874
2,1.0,0.0,0.2222,0.0,0.0,,8.0,15.0,21.0,survey,5303,6,0.1489732265472412,1.8325750827789307,True,v2,original_ranking,2,"[(2, 4), (4, 5)]",0,1.261962890625,7.725198721902873
3,0.6667,0.1667,0.2222,0.3333,0.1667,0.2222,8.0,14.0,20.0,survey,3942,6,0.1489732265472412,1.7452435493469238,True,v2,original_ranking,3,"[(0, 3), (0, 2), (0, 1)]",0,2.0510404109954834,7.238971718636819
2,0.5,0.1667,0.1111,0.5,0.1667,0.25,7.0,15.0,21.0,survey,2778,6,0.1489732265472412,1.843729019165039,True,v2,original_ranking,2,"[(0, 3), (0, 1)]",0,1.301771640777588,8.035748388839373
2,0.5,0.1667,0.1111,0.5,0.1667,0.25,7.0,15.0,21.0,survey,2804,6,0.1489732265472412,1.8433473110198975,True,v2,original_ranking,2,"[(0, 3), (0, 1)]",0,1.2925617694854736,8.053098472950039
4,0.75,0.1667,0.3333,0.25,0.1667,0.2,9.0,13.0,19.0,survey,2145,6,0.1489732265472412,1.801128625869751,True,v2,original_ranking,4,"[(0, 1), (0, 5), (0, 2), (0, 3)]",0,1.4628863334655762,5.6545707796785
3,0.6667,0.1667,0.2222,0.3333,0.1667,0.2222,8.0,15.0,21.0,survey,150,6,0.1489732265472412,1.7909643650054932,True,v2,original_ranking,3,"[(0, 2), (0, 4), (0, 1)]",0,1.8489956855773926,10.579205034835015
4,0.75,0.1667,0.3333,0.25,0.1667,0.2,9.0,13.0,19.0,survey,8823,6,0.1489732265472412,1.7575840950012207,True,v2,original_ranking,4,"[(0, 3), (0, 1), (0, 2), (0, 5)]",0,2.056852340698242,7.551994788997648
3,0.6667,0.1667,0.2222,0.3333,0.1667,0.2222,8.0,14.0,20.0,survey,4669,6,0.1489732265472412,1.8228018283843994,True,v2,original_ranking,3,"[(0, 2), (0, 3), (0, 1)]",0,1.8426153659820557,10.622974087769487
2,0.5,0.1667,0.1111,0.5,0.1667,0.25,7.0,15.0,21.0,survey,6131,6,0.1489732265472412,1.7916407585144043,True,v2,original_ranking,2,"[(0, 3), (0, 1)]",0,1.8761060237884521,8.591294479129377
3,0.6667,0.1667,0.2222,0.3333,0.1667,0.2222,8.0,15.0,21.0,survey,2617,6,0.1489732265472412,1.713866949081421,True,v2,original_ranking,3,"[(0, 3), (0, 4), (0, 1)]",0,2.5637803077697754,14.769210988236873
2,1.0,0.0,0.2222,0.0,0.0,,8.0,15.0,21.0,survey,7166,6,0.1489732265472412,1.8428781032562256,True,v2,original_ranking,2,"[(3, 4), (4, 5)]",0,1.2484407424926758,5.636756456403879
3,0.6667,0.1667,0.2222,0.3333,0.1667,0.2222,8.0,15.0,21.0,survey,1428,6,0.1489732265472412,1.8075315952301025,True,v2,original_ranking,3,"[(0, 2), (0, 1), (0, 4)]",0,1.8270070552825928,10.091892021420952
1,0.0,0.1667,0.0,1.0,0.1667,0.2857,6.0,16.0,17.0,survey,8328,6,0.1489732265472412,1.729745864868164,True,v2,original_ranking,1,"[(3, 5)]",0,3.054137706756592,0.0055926117207831805
3,0.6667,0.1667,0.2222,0.3333,0.1667,0.2222,8.0,14.0,20.0,survey,8289,6,0.1489732265472412,1.8356513977050781,True,v2,original_ranking,3,"[(0, 3), (0, 1), (0, 2)]",0,1.8434169292449951,9.800572156281655
3,0.6667,0.1667,0.2222,0.3333,0.1667,0.2222,8.0,15.0,21.0,survey,5978,6,0.1489732265472412,1.7934455871582031,True,v2,original_ranking,3,"[(0, 1), (0, 4), (0, 3)]",0,1.836376428604126,8.042289863826559
4,0.75,0.1667,0.3333,0.25,0.1667,0.2,9.0,13.0,25.0,survey,5511,6,0.1489732265472412,1.802339792251587,True,v2,original_ranking,4,"[(0, 2), (3, 4), (0, 1), (4, 5)]",0,1.5524728298187256,7.9057866523606855
4,0.75,0.1667,0.3333,0.25,0.1667,0.2,9.0,13.0,19.0,survey,5864,6,0.1489732265472412,1.7905137538909912,True,v2,original_ranking,4,"[(0, 3), (0, 5), (0, 1), (0, 2)]",0,1.4528465270996094,5.002003269775081
3,0.6667,0.1667,0.2222,0.3333,0.1667,0.2222,8.0,15.0,21.0,survey,606,6,0.1489732265472412,1.7353434562683105,True,v2,original_ranking,3,"[(0, 1), (0, 3), (0, 4)]",0,2.3050601482391357,15.664726554071175
4,0.75,0.1667,0.3333,0.25,0.1667,0.2,9.0,13.0,19.0,survey,1933,6,0.1489732265472412,1.743093729019165,True,v2,original_ranking,4,"[(0, 2), (0, 1), (0, 5), (0, 3)]",0,2.059001922607422,8.639429996373307
4,0.75,0.1667,0.3333,0.25,0.1667,0.2,9.0,19.0,25.0,survey,6071,6,0.1489732265472412,1.7904927730560303,True,v2,original_ranking,4,"[(0, 1), (2, 4), (0, 3), (0, 4)]",0,1.8400671482086182,9.5697715823297
2,0.5,0.1667,0.1111,0.5,0.1667,0.25,7.0,15.0,21.0,survey,5504,6,0.1489732265472412,1.8377163410186768,True,v2,original_ranking,2,"[(0, 3), (0, 1)]",0,1.2811565399169922,7.703961747572268
3,0.6667,0.1667,0.2222,0.3333,0.1667,0.2222,8.0,15.0,21.0,survey,5163,6,0.1489732265472412,1.7496161460876465,True,v2,original_ranking,3,"[(0, 2), (0, 4), (0, 1)]",0,2.0632166862487793,5.7599227560047
2,0.5,0.1667,0.1111,0.5,0.1667,0.25,7.0,15.0,21.0,survey,2406,6,0.1489732265472412,1.7970762252807617,True,v2,original_ranking,2,"[(0, 2), (0, 1)]",0,1.5381343364715576,9.202149595241018
4,0.75,0.1667,0.3333,0.25,0.1667,0.2,9.0,13.0,25.0,survey,304,6,0.1489732265472412,1.8522179126739502,True,v2,original_ranking,4,"[(0, 2), (3, 4), (4, 5), (0, 1)]",0,1.305840015411377,7.718330224309572
2,1.0,0.0,0.2222,0.0,0.0,,8.0,15.0,21.0,survey,3391,6,0.1489732265472412,1.834111213684082,True,v2,original_ranking,2,"[(0, 5), (0, 2)]",0,1.3121652603149414,8.530133140463805
5,0.8,0.1667,0.4444,0.2,0.1667,0.1818,10.0,18.0,25.0,survey,359,6,0.1489732265472412,1.7505154609680176,True,v2,original_ranking,5,"[(0, 2), (3, 4), (0, 1), (0, 4), (4, 5)]",0,2.2807319164276123,5.463973699387272
6,0.8333,0.1667,0.5556,0.1667,0.1667,0.1667,11.0,18.0,25.0,survey,9096,6,0.1489732265472412,1.7697556018829346,True,v2,original_ranking,6,"[(0, 1), (2, 4), (3, 4), (4, 5), (0, 4), (0, 3)]",0,2.2078938484191895,6.7034665369059425
3,0.6667,0.1667,0.2222,0.3333,0.1667,0.2222,8.0,14.0,20.0,survey,3533,6,0.1489732265472412,1.7975656986236572,True,v2,original_ranking,3,"[(0, 2), (0, 3), (0, 1)]",0,2.000788450241089,7.012373571636306
3,0.6667,0.1667,0.2222,0.3333,0.1667,0.2222,8.0,14.0,20.0,survey,4125,6,0.1489732265472412,1.7602291107177734,True,v2,original_ranking,3,"[(0, 2), (0, 3), (0, 1)]",0,2.1007637977600098,6.5764306735366755
3,0.6667,0.1667,0.2222,0.3333,0.1667,0.2222,8.0,14.0,20.0,survey,3094,6,0.1489732265472412,1.7596657276153564,True,v2,original_ranking,3,"[(0, 3), (0, 2), (0, 1)]",0,2.068601608276367,6.871594840400443
2,0.5,0.1667,0.1111,0.5,0.1667,0.25,7.0,15.0,21.0,survey,6398,6,0.1489732265472412,1.8625590801239014,True,v2,original_ranking,2,"[(0, 1), (0, 3)]",0,1.295591115951538,7.814142733416248
9,1.0,0.0,0.45,0.0,0.0,,17.0,29.0,37.0,asia,7816,8,1.208078384399414,17.48793601989746,True,v2,original_ranking,9,"[(0, 5), (0, 1), (4, 6), (5, 6), (4, 7), (3, 5), (6, 7), (0, 2), (2, 7)]",0,5.688915967941284,33.30337110501978
9,1.0,0.0,0.45,0.0,0.0,,17.0,35.0,43.0,asia,3578,8,1.208078384399414,17.731573581695557,True,v2,original_ranking,9,"[(0, 4), (1, 6), (2, 6), (3, 5), (0, 2), (5, 6), (2, 7), (5, 7), (0, 5)]",0,5.64555025100708,38.484492138745765
10,1.0,0.0,0.5,0.0,0.0,,18.0,26.0,38.0,asia,2656,8,1.208078384399414,17.389992475509644,True,v2,original_ranking,10,"[(1, 6), (0, 5), (5, 6), (0, 3), (5, 7), (0, 4), (1, 4), (0, 1), (1, 3), (2, 5)]",0,7.851010322570801,44.624698978099104
7,0.8571,0.125,0.3,0.1429,0.125,0.1333,13.0,24.0,32.0,asia,2688,8,1.208078384399414,17.754892110824585,True,v2,original_ranking,7,"[(0, 3), (0, 1), (0, 5), (1, 7), (4, 7), (0, 4), (0, 6)]",0,5.628153562545776,16.917274722598943
10,1.0,0.0,0.5,0.0,0.0,,18.0,24.0,45.0,asia,2494,8,1.208078384399414,17.777355670928955,True,v2,original_ranking,10,"[(5, 6), (0, 2), (2, 4), (5, 7), (3, 5), (0, 1), (2, 6), (4, 7), (6, 7), (0, 4)]",0,7.105713844299316,41.32756514148176
8,1.0,0.0,0.4,0.0,0.0,,16.0,19.0,43.0,asia,183,8,1.208078384399414,17.586288452148438,True,v2,original_ranking,8,"[(5, 6), (4, 6), (1, 4), (1, 3), (2, 6), (3, 5), (4, 7), (6, 7)]",0,6.491119146347046,44.13755771303618
9,1.0,0.0,0.45,0.0,0.0,,17.0,25.0,33.0,asia,7977,8,1.208078384399414,17.635658025741577,True,v2,original_ranking,9,"[(4, 6), (0, 2), (0, 4), (5, 7), (0, 3), (0, 5), (0, 1), (5, 6), (2, 7)]",0,6.4528725147247314,72.18097411269892
8,0.75,0.25,0.3,0.125,0.125,0.125,14.0,27.0,38.0,asia,3199,8,1.208078384399414,17.93916964530945,True,v2,original_ranking,8,"[(1, 7), (2, 4), (2, 6), (4, 7), (6, 7), (3, 5), (2, 3), (3, 7)]",0,6.035813331604004,51.986559088984826
9,0.8889,0.125,0.4,0.0,0.0,,16.0,28.0,39.0,asia,316,8,1.208078384399414,17.97259497642517,True,v2,original_ranking,9,"[(1, 6), (2, 4), (2, 6), (5, 7), (6, 7), (4, 7), (0, 1), (2, 3), (3, 5)]",0,5.386497974395752,41.69272884755517
9,1.0,0.0,0.45,0.0,0.0,,17.0,24.0,34.0,asia,8266,8,1.208078384399414,17.589867115020752,True,v2,original_ranking,9,"[(1, 6), (0, 7), (0, 3), (1, 3), (2, 6), (1, 4), (0, 1), (1, 7), (5, 7)]",0,6.444995403289795,5.332396641267003
7,0.8571,0.125,0.3,0.1429,0.125,0.1333,13.0,25.0,33.0,asia,1532,8,1.208078384399414,17.79305648803711,True,v2,original_ranking,7,"[(0, 3), (0, 5), (0, 7), (0, 2), (0, 1), (0, 4), (0, 6)]",0,5.855509042739868,66.56804480248168
8,1.0,0.0,0.4,0.0,0.0,,16.0,30.0,38.0,asia,1009,8,1.208078384399414,17.76915407180786,True,v2,original_ranking,8,"[(0, 1), (0, 4), (4, 6), (0, 3), (5, 6), (6, 7), (0, 7), (2, 6)]",0,5.380180358886719,23.399200558853885
10,1.0,0.0,0.5,0.0,0.0,,18.0,20.0,37.0,asia,2250,8,1.208078384399414,17.667317628860474,True,v2,original_ranking,10,"[(0, 4), (5, 6), (1, 6), (1, 4), (0, 2), (0, 5), (1, 3), (0, 3), (3, 5), (2, 7)]",0,6.450534343719482,60.11619892308475
7,1.0,0.0,0.35,0.0,0.0,,15.0,22.0,25.0,asia,4447,8,1.208078384399414,17.58678936958313,True,v2,original_ranking,7,"[(5, 6), (2, 6), (1, 3), (4, 7), (6, 7), (1, 4), (1, 6)]",0,6.552056312561035,28.549163611635418
8,1.0,0.0,0.4,0.0,0.0,,16.0,26.0,34.0,asia,2415,8,1.208078384399414,17.81078839302063,True,v2,original_ranking,8,"[(0, 5), (0, 4), (1, 6), (1, 7), (5, 6), (4, 6), (0, 7), (0, 3)]",0,5.231334209442139,8.52207310462536
9,1.0,0.0,0.45,0.0,0.0,,17.0,39.0,49.0,asia,3595,8,1.208078384399414,17.60415506362915,True,v2,original_ranking,9,"[(0, 7), (5, 6), (0, 2), (0, 1), (0, 3), (3, 5), (2, 4), (2, 6), (2, 7)]",0,6.325068950653076,54.23776453549622
10,1.0,0.0,0.5,0.0,0.0,,18.0,22.0,38.0,asia,4187,8,1.208078384399414,17.617450714111328,True,v2,original_ranking,10,"[(0, 4), (0, 5), (1, 6), (0, 3), (2, 7), (5, 7), (3, 5), (5, 6), (0, 1), (4, 7)]",0,5.789458513259888,25.691082270348275
10,1.0,0.0,0.5,0.0,0.0,,18.0,29.0,37.0,asia,4135,8,1.208078384399414,17.571271181106567,True,v2,original_ranking,10,"[(0, 2), (1, 6), (5, 7), (1, 3), (2, 4), (2, 6), (0, 5), (0, 3), (4, 7), (6, 7)]",0,6.176755905151367,49.55915947485216
8,1.0,0.0,0.4,0.0,0.0,,16.0,32.0,40.0,asia,5174,8,1.208078384399414,17.396716356277466,True,v2,original_ranking,8,"[(4, 6), (2, 4), (1, 4), (6, 7), (0, 2), (5, 6), (2, 6), (1, 7)]",0,6.99818229675293,-25.57074067428717
7,1.0,0.0,0.35,0.0,0.0,,15.0,22.0,22.0,asia,5303,8,1.208078384399414,17.77396821975708,True,v2,original_ranking,7,"[(0, 7), (0, 4), (1, 3), (6, 7), (1, 6), (5, 7), (0, 3)]",0,5.759361982345581,-5.856636907541462
10,1.0,0.0,0.5,0.0,0.0,,18.0,23.0,32.0,asia,3942,8,1.208078384399414,17.602375507354736,True,v2,original_ranking,10,"[(4, 6), (0, 7), (0, 5), (0, 4), (2, 7), (1, 3), (0, 3), (2, 4), (2, 6), (1, 4)]",0,6.204416751861572,50.773096917428504
10,1.0,0.0,0.5,0.0,0.0,,18.0,19.0,36.0,asia,2778,8,1.208078384399414,17.784754991531372,True,v2,original_ranking,10,"[(4, 6), (0, 5), (0, 2), (1, 3), (5, 7), (2, 5), (0, 1), (1, 4), (0, 4), (5, 6)]",0,6.493759870529175,57.66062753931464
9,1.0,0.0,0.45,0.0,0.0,,17.0,29.0,42.0,asia,2804,8,1.208078384399414,17.728830575942993,True,v2,original_ranking,9,"[(5, 6), (0, 5), (4, 6), (2, 6), (2, 7), (2, 4), (0, 1), (0, 3), (1, 6)]",0,5.804130554199219,1.22465259287564
10,1.0,0.0,0.5,0.0,0.0,,18.0,20.0,36.0,asia,2145,8,1.208078384399414,17.603965044021606,True,v2,original_ranking,10,"[(0, 5), (0, 2), (6, 7), (4, 7), (5, 6), (3, 5), (0, 1), (2, 7), (4, 6), (0, 3)]",0,6.347604274749756,48.17165921704012
9,1.0,0.0,0.45,0.0,0.0,,17.0,25.0,35.0,asia,150,8,1.208078384399414,17.585509300231934,True,v2,original_ranking,9,"[(0, 4), (0, 1), (5, 6), (0, 2), (5, 7), (0, 3), (3, 5), (1, 4), (1, 3)]",0,6.763871192932129,59.79046671675076
10,1.0,0.0,0.5,0.0,0.0,,18.0,26.0,39.0,asia,8823,8,1.208078384399414,17.79028081893921,True,v2,original_ranking,10,"[(0, 7), (0, 3), (0, 5), (5, 6), (4, 7), (6, 7), (0, 1), (2, 6), (2, 4), (1, 6)]",0,5.734657287597656,31.79499519621982
10,1.0,0.0,0.5,0.0,0.0,,18.0,21.0,31.0,asia,4669,8,1.208078384399414,17.53024673461914,True,v2,original_ranking,10,"[(0, 4), (0, 1), (1, 4), (0, 2), (1, 3), (1, 6), (2, 6), (0, 3), (4, 7), (6, 7)]",0,6.803884983062744,35.59429078594962
9,1.0,0.0,0.45,0.0,0.0,,17.0,18.0,28.0,asia,6131,8,1.208078384399414,17.78865122795105,True,v2,original_ranking,9,"[(0, 5), (0, 2), (1, 6), (5, 7), (1, 3), (4, 6), (1, 4), (0, 1), (6, 7)]",0,5.728269338607788,56.0713809995183
8,0.875,0.125,0.35,0.125,0.125,0.125,14.0,24.0,32.0,asia,2617,8,1.208078384399414,17.752059936523438,True,v2,original_ranking,8,"[(0, 4), (0, 1), (0, 3), (5, 7), (2, 7), (4, 7), (0, 5), (0, 6)]",0,5.344336032867432,28.214575850591388
10,1.0,0.0,0.5,0.0,0.0,,18.0,20.0,36.0,asia,7166,8,1.208078384399414,17.613982677459717,True,v2,original_ranking,10,"[(5, 6), (1, 3), (6, 7), (0, 1), (3, 5), (2, 7), (4, 7), (0, 2), (1, 6), (0, 4)]",0,6.486324071884155,56.88328929446086
8,0.875,0.125,0.35,0.125,0.125,0.125,14.0,22.0,34.0,asia,1428,8,1.208078384399414,17.774139881134033,True,v2,original_ranking,8,"[(0, 5), (1, 7), (0, 4), (0, 6), (0, 3), (1, 3), (0, 7), (3, 5)]",0,5.651528835296631,15.044415551409516
7,0.8571,0.125,0.3,0.1429,0.125,0.1333,13.0,24.0,32.0,asia,8328,8,1.208078384399414,17.74032711982727,True,v2,original_ranking,7,"[(0, 4), (0, 1), (0, 7), (0, 3), (2, 7), (5, 7), (0, 6)]",0,5.6834328174591064,16.931974040547704
9,1.0,0.0,0.45,0.0,0.0,,17.0,25.0,33.0,asia,8289,8,1.208078384399414,17.581430673599243,True,v2,original_ranking,9,"[(0, 1), (0, 4), (5, 6), (5, 7), (2, 7), (1, 6), (0, 3), (4, 6), (0, 2)]",0,6.348479509353638,36.95032279862796
8,0.875,0.125,0.35,0.125,0.125,0.125,15.0,19.0,29.0,asia,5978,8,1.208078384399414,17.63141441345215,True,v2,original_ranking,8,"[(0, 5), (0, 7), (0, 3), (0, 6), (0, 2), (4, 6), (1, 3), (1, 4)]",0,6.516216278076172,27.803728692761222
8,1.0,0.0,0.4,0.0,0.0,,16.0,34.0,34.0,asia,5511,8,1.208078384399414,17.61812734603882,True,v2,original_ranking,8,"[(0, 5), (0, 4), (3, 5), (2, 5), (5, 6), (2, 7), (1, 6), (0, 1)]",0,6.353739261627197,24.491448293012468
9,1.0,0.0,0.45,0.0,0.0,,17.0,26.0,36.0,asia,5864,8,1.208078384399414,17.588435173034668,True,v2,original_ranking,9,"[(0, 2), (0, 5), (1, 7), (2, 4), (5, 7), (2, 7), (4, 6), (1, 6), (1, 4)]",0,6.439951419830322,-23.403457306371763
10,1.0,0.0,0.5,0.0,0.0,,18.0,36.0,45.0,asia,606,8,1.208078384399414,17.35672616958618,True,v2,original_ranking,10,"[(0, 2), (0, 1), (2, 4), (1, 7), (2, 6), (0, 3), (4, 7), (6, 7), (1, 6), (3, 5)]",0,6.473845958709717,55.703583515723395
8,1.0,0.0,0.4,0.0,0.0,,16.0,24.0,37.0,asia,1933,8,1.208078384399414,17.582425594329834,True,v2,original_ranking,8,"[(4, 6), (0, 5), (0, 3), (6, 7), (1, 7), (2, 4), (5, 6), (0, 1)]",0,5.990073204040527,30.600990871575785
8,1.0,0.0,0.4,0.0,0.0,,16.0,30.0,30.0,asia,6071,8,1.208078384399414,17.621578216552734,True,v2,original_ranking,8,"[(0, 5), (2, 7), (5, 6), (0, 7), (1, 7), (4, 6), (3, 5), (6, 7)]",0,5.604411363601685,9.070601320756401
7,0.8571,0.125,0.3,0.1429,0.125,0.1333,13.0,18.0,28.0,asia,5504,8,1.208078384399414,17.745018005371094,True,v2,original_ranking,7,"[(0, 5), (0, 2), (4, 7), (6, 7), (0, 6), (0, 1), (1, 4)]",0,5.192141056060791,-0.7567639238840194
7,0.8571,0.125,0.3,0.1429,0.125,0.1333,13.0,20.0,30.0,asia,5163,8,1.208078384399414,17.731907844543457,True,v2,original_ranking,7,"[(0, 1), (1, 3), (1, 4), (0, 7), (0, 5), (0, 6), (0, 2)]",0,5.492055416107178,48.94537626685091
8,1.0,0.0,0.4,0.0,0.0,,16.0,22.0,32.0,asia,2406,8,1.208078384399414,17.81308889389038,True,v2,original_ranking,8,"[(0, 3), (0, 7), (5, 6), (0, 1), (0, 5), (1, 4), (0, 2), (1, 6)]",0,5.5673828125,54.578651771966875
7,1.0,0.0,0.35,0.0,0.0,,15.0,27.0,35.0,asia,304,8,1.208078384399414,17.411228895187378,True,v2,original_ranking,7,"[(0, 1), (0, 4), (0, 2), (0, 5), (1, 6), (0, 3), (5, 6)]",0,7.61139178276062,24.565580310896497
8,1.0,0.0,0.4,0.0,0.0,,16.0,25.0,33.0,asia,3391,8,1.208078384399414,17.761247396469116,True,v2,original_ranking,8,"[(0, 2), (0, 3), (4, 6), (1, 6), (5, 6), (0, 7), (0, 1), (6, 7)]",0,5.513570785522461,28.48113662370116
10,1.0,0.0,0.5,0.0,0.0,,18.0,32.0,40.0,asia,359,8,1.208078384399414,17.770343780517578,True,v2,original_ranking,10,"[(0, 4), (0, 3), (2, 4), (1, 7), (2, 6), (5, 7), (0, 5), (1, 6), (1, 4), (5, 6)]",0,5.6096227169036865,29.460397661343904
9,1.0,0.0,0.45,0.0,0.0,,17.0,22.0,40.0,asia,9096,8,1.208078384399414,17.61774444580078,True,v2,original_ranking,9,"[(0, 2), (6, 7), (0, 4), (5, 7), (2, 7), (5, 6), (0, 3), (2, 5), (0, 5)]",0,6.160465240478516,39.62871391689441
8,1.0,0.0,0.4,0.0,0.0,,16.0,23.0,39.0,asia,3533,8,1.208078384399414,17.815269947052002,True,v2,original_ranking,8,"[(0, 7), (1, 6), (5, 6), (0, 4), (0, 2), (1, 3), (3, 5), (0, 1)]",0,5.6190807819366455,38.96045554412659
8,1.0,0.0,0.4,0.0,0.0,,16.0,28.0,41.0,asia,4125,8,1.208078384399414,17.755743503570557,True,v2,original_ranking,8,"[(0, 3), (0, 2), (5, 6), (0, 4), (0, 1), (2, 7), (6, 7), (2, 6)]",0,5.073015213012695,24.13500012314085
8,1.0,0.0,0.4,0.0,0.0,,16.0,25.0,31.0,asia,3094,8,1.208078384399414,17.573734760284424,True,v2,original_ranking,8,"[(5, 6), (1, 6), (5, 7), (2, 6), (2, 4), (6, 7), (4, 7), (1, 3)]",0,5.916625022888184,20.061149090500855
7,1.0,0.0,0.35,0.0,0.0,,15.0,27.0,41.0,asia,6398,8,1.208078384399414,17.70926833152771,True,v2,original_ranking,7,"[(4, 6), (5, 6), (2, 6), (2, 4), (3, 5), (1, 3), (2, 7)]",0,5.377761363983154,5.278123021120473
6,0.8333,0.0588,0.1316,0.0,0.0,,21.0,47.0,50.0,sachs,7816,11,11.143790245056152,184.9869031906128,True,v2,original_ranking,6,"[(6, 8), (4, 10), (3, 7), (1, 4), (3, 4), (3, 6)]",0,13.750452041625977,4.850055643687991
7,0.7143,0.1176,0.1316,0.1429,0.0588,0.0833,20.0,50.0,58.0,sachs,3578,11,11.143790245056152,187.21615958213806,True,v2,original_ranking,7,"[(0, 5), (3, 5), (5, 7), (1, 5), (4, 8), (8, 10), (3, 4)]",0,15.363455533981323,4.603590739675144
8,1.0,0.0,0.2105,0.0,0.0,,25.0,52.0,52.0,sachs,2656,11,11.143790245056152,186.4146409034729,True,v2,original_ranking,8,"[(4, 6), (6, 8), (5, 7), (6, 10), (1, 5), (6, 7), (1, 10), (3, 4)]",0,14.438456058502197,24.563592332060757
5,1.0,0.0,0.1316,0.0,0.0,,21.0,58.0,58.0,sachs,2688,11,11.143790245056152,186.519633769989,True,v2,original_ranking,5,"[(2, 4), (5, 8), (4, 8), (5, 10), (1, 4)]",0,15.810703754425049,-110.78195649335804
8,1.0,0.0,0.2105,0.0,0.0,,25.0,53.0,53.0,sachs,2494,11,11.143790245056152,185.67341542243958,True,v2,original_ranking,8,"[(2, 6), (5, 7), (2, 5), (6, 8), (4, 6), (2, 9), (1, 5), (0, 5)]",0,14.592460870742798,-53.352204053104195
5,1.0,0.0,0.1316,0.0,0.0,,22.0,53.0,53.0,sachs,183,11,11.143790245056152,186.82706999778748,True,v2,original_ranking,5,"[(6, 7), (6, 10), (3, 6), (2, 6), (0, 10)]",0,9.169528722763062,-33.56387909246231
6,1.0,0.0,0.1579,0.0,0.0,,23.0,53.0,53.0,sachs,7977,11,11.143790245056152,184.7891185283661,True,v2,original_ranking,6,"[(0, 6), (3, 6), (1, 6), (6, 7), (3, 5), (4, 6)]",0,15.688361167907715,-64.62616556221317
5,0.8,0.0588,0.1053,0.0,0.0,,20.0,50.0,53.0,sachs,3199,11,11.143790245056152,185.1981339454651,True,v2,original_ranking,5,"[(4, 5), (4, 9), (0, 5), (0, 6), (3, 7)]",0,13.592154264450073,-99.69433153088049
5,0.8,0.0588,0.1053,0.0,0.0,,20.0,52.0,60.0,sachs,316,11,11.143790245056152,185.01541686058044,True,v2,original_ranking,5,"[(0, 9), (4, 9), (1, 10), (9, 10), (4, 8)]",0,16.03373694419861,-172.01803108601715
7,0.8571,0.0588,0.1579,0.0,0.0,,22.0,51.0,59.0,sachs,8266,11,11.143790245056152,186.01346158981323,True,v2,original_ranking,7,"[(2, 10), (1, 6), (2, 5), (4, 8), (1, 10), (5, 7), (6, 7)]",0,14.611340284347534,-79.2864731687109
9,0.8889,0.0588,0.2105,0.0,0.0,,24.0,52.0,60.0,sachs,1532,11,11.143790245056152,186.13835453987122,True,v2,original_ranking,9,"[(4, 5), (9, 10), (6, 7), (3, 6), (4, 9), (3, 9), (4, 8), (2, 5), (5, 7)]",0,13.642512798309326,13.831617474701442
7,1.0,0.0,0.1842,0.0,0.0,,24.0,60.0,60.0,sachs,1009,11,11.143790245056152,185.34461283683777,True,v2,original_ranking,7,"[(1, 5), (5, 8), (1, 10), (0, 8), (3, 5), (9, 10), (8, 9)]",0,16.448567628860474,-62.55957012227272
4,0.75,0.0588,0.0789,0.0,0.0,,19.0,51.0,59.0,sachs,2250,11,11.143790245056152,197.17466926574707,True,v2,original_ranking,4,"[(5, 7), (4, 5), (2, 4), (4, 8)]",0,14.407293319702148,-91.09878893428814
6,0.8333,0.0588,0.1316,0.0,0.0,,21.0,49.0,57.0,sachs,4447,11,11.143790245056152,196.10758996009827,True,v2,original_ranking,6,"[(3, 4), (9, 10), (2, 10), (4, 9), (4, 8), (1, 2)]",0,16.554619073867798,-112.40431457586422
5,0.8,0.0588,0.1053,0.0,0.0,,20.0,50.0,58.0,sachs,2415,11,11.143790245056152,196.45698833465576,True,v2,original_ranking,5,"[(5, 7), (3, 4), (4, 5), (4, 10), (4, 8)]",0,16.795181035995483,-80.52638806057269
4,1.0,0.0,0.1053,0.0,0.0,,21.0,53.0,53.0,sachs,3595,11,11.143790245056152,197.12884879112244,True,v2,original_ranking,4,"[(1, 5), (6, 8), (1, 6), (1, 9)]",0,13.859668493270874,-128.03989230050982
8,1.0,0.0,0.2105,0.0,0.0,,23.0,58.0,58.0,sachs,4187,11,11.143790245056152,196.48790574073792,True,v2,original_ranking,8,"[(6, 8), (3, 4), (6, 7), (2, 5), (4, 10), (5, 7), (0, 7), (4, 8)]",0,14.019851922988892,-31.062335678777238
10,1.0,0.0,0.2632,0.0,0.0,,26.0,59.0,59.0,sachs,4135,11,11.143790245056152,194.80835342407227,True,v2,original_ranking,10,"[(5, 10), (0, 5), (3, 9), (0, 2), (4, 8), (9, 10), (5, 7), (1, 9), (1, 5), (0, 8)]",0,17.848995447158813,42.55169876886417
5,1.0,0.0,0.1316,0.0,0.0,,22.0,53.0,53.0,sachs,5174,11,11.143790245056152,197.23354244232178,True,v2,original_ranking,5,"[(5, 8), (4, 5), (5, 7), (1, 5), (3, 5)]",0,13.2030029296875,43.42175386655162
7,1.0,0.0,0.1842,0.0,0.0,,24.0,52.0,53.0,sachs,5303,11,11.143790245056152,195.11857151985168,True,v2,original_ranking,7,"[(5, 7), (0, 5), (6, 8), (4, 5), (0, 9), (4, 6), (1, 10)]",0,14.5781991481781,-87.99612029746439
9,0.8889,0.0588,0.2105,0.0,0.0,,24.0,50.0,58.0,sachs,3942,11,11.143790245056152,194.0822355747223,True,v2,original_ranking,9,"[(2, 9), (9, 10), (2, 4), (1, 5), (7, 9), (4, 5), (3, 4), (5, 7), (4, 8)]",0,14.096097230911255,42.25983800380948
6,0.8333,0.0588,0.1316,0.0,0.0,,20.0,57.0,60.0,sachs,2778,11,11.143790245056152,194.9525420665741,True,v2,original_ranking,6,"[(6, 8), (6, 10), (4, 8), (1, 6), (3, 7), (3, 6)]",0,14.132134199142456,25.84603969809562
6,1.0,0.0,0.1579,0.0,0.0,,23.0,53.0,53.0,sachs,2804,11,11.143790245056152,193.7753779888153,True,v2,original_ranking,6,"[(0, 6), (2, 9), (6, 10), (1, 9), (8, 9), (9, 10)]",0,14.574892520904541,-138.00062399120839
3,0.6667,0.0588,0.0526,0.0,0.0,,18.0,51.0,59.0,sachs,2145,11,11.143790245056152,194.34532761573792,True,v2,original_ranking,3,"[(4, 8), (2, 10), (2, 9)]",0,14.503779172897339,-162.89138730614923
3,1.0,0.0,0.0789,0.0,0.0,,20.0,52.0,60.0,sachs,150,11,11.143790245056152,194.09890723228455,True,v2,original_ranking,3,"[(2, 6), (6, 10), (0, 8)]",0,15.360852718353271,-149.25864025434976
6,1.0,0.0,0.1579,0.0,0.0,,23.0,52.0,52.0,sachs,8823,11,11.143790245056152,195.4919891357422,True,v2,original_ranking,6,"[(0, 6), (6, 10), (1, 6), (2, 4), (6, 7), (2, 6)]",0,14.647104978561401,-26.853328548146145
8,1.0,0.0,0.2105,0.0,0.0,,25.0,53.0,53.0,sachs,4669,11,11.143790245056152,193.80511093139648,True,v2,original_ranking,8,"[(0, 6), (5, 10), (6, 7), (1, 5), (6, 8), (2, 6), (4, 5), (5, 7)]",0,14.143986463546753,25.663520877110365
7,1.0,0.0,0.1842,0.0,0.0,,24.0,53.0,53.0,sachs,6131,11,11.143790245056152,195.7998378276825,True,v2,original_ranking,7,"[(6, 8), (0, 9), (1, 6), (0, 5), (4, 5), (6, 10), (5, 7)]",0,14.33815336227417,-96.16667637192985
6,0.8333,0.0588,0.1316,0.0,0.0,,21.0,50.0,53.0,sachs,2617,11,11.143790245056152,195.10720252990723,True,v2,original_ranking,6,"[(3, 5), (5, 8), (0, 5), (4, 5), (3, 7), (5, 10)]",0,14.390459775924683,-0.13354250428229808
4,1.0,0.0,0.1053,0.0,0.0,,21.0,51.0,60.0,sachs,7166,11,11.143790245056152,195.47476077079773,True,v2,original_ranking,4,"[(2, 6), (0, 8), (1, 10), (2, 5)]",0,9.771389961242676,-94.82296385546269
8,1.0,0.0,0.2105,0.0,0.0,,25.0,53.0,53.0,sachs,1428,11,11.143790245056152,193.84362125396729,True,v2,original_ranking,8,"[(5, 8), (5, 10), (3, 5), (6, 7), (6, 8), (2, 6), (0, 5), (0, 6)]",0,15.493520021438599,-35.78123161433
3,0.6667,0.0588,0.0526,0.0,0.0,,18.0,48.0,51.0,sachs,8328,11,11.143790245056152,194.53491258621216,True,v2,original_ranking,3,"[(3, 4), (4, 10), (3, 7)]",0,15.91414499282837,-74.60342704231023
5,1.0,0.0,0.1316,0.0,0.0,,22.0,53.0,53.0,sachs,8289,11,11.143790245056152,196.9286391735077,True,v2,original_ranking,5,"[(4, 5), (5, 10), (1, 5), (3, 5), (5, 8)]",0,14.079917907714844,-42.78852313730488
10,0.9,0.0588,0.2368,0.1,0.0588,0.0741,26.0,51.0,51.0,sachs,5978,11,11.143790245056152,197.19903922080994,True,v2,original_ranking,10,"[(5, 7), (9, 10), (6, 7), (0, 9), (0, 6), (8, 10), (3, 6), (2, 10), (1, 5), (1, 9)]",0,14.656360387802124,4.60168089074013
6,1.0,0.0,0.1579,0.0,0.0,,23.0,58.0,58.0,sachs,5511,11,11.143790245056152,193.87123560905457,True,v2,original_ranking,6,"[(6, 8), (6, 7), (2, 10), (0, 2), (0, 8), (2, 6)]",0,16.61513900756836,-96.89310797454114
8,1.0,0.0,0.2105,0.0,0.0,,25.0,53.0,53.0,sachs,5864,11,11.143790245056152,194.63436269760132,True,v2,original_ranking,8,"[(0, 5), (1, 10), (3, 6), (5, 10), (6, 7), (5, 8), (0, 6), (1, 6)]",0,14.974418640136719,-8.0091600334702
6,0.8333,0.0588,0.1316,0.0,0.0,,21.0,51.0,59.0,sachs,606,11,11.143790245056152,193.3973388671875,True,v2,original_ranking,6,"[(3, 5), (2, 5), (2, 9), (5, 7), (4, 8), (3, 4)]",0,15.504833698272705,-51.36970959144733
8,0.875,0.0588,0.1842,0.0,0.0,,23.0,52.0,60.0,sachs,1933,11,11.143790245056152,196.452250957489,True,v2,original_ranking,8,"[(8, 9), (3, 5), (5, 7), (3, 6), (4, 8), (1, 5), (7, 9), (9, 10)]",0,14.725474119186401,-37.689101909279536
7,1.0,0.0,0.1842,0.0,0.0,,24.0,53.0,53.0,sachs,6071,11,11.143790245056152,194.89318013191223,True,v2,original_ranking,7,"[(1, 5), (3, 5), (0, 5), (0, 9), (5, 8), (1, 6), (6, 10)]",0,14.575423240661621,-68.81498079853876
3,1.0,0.0,0.0789,0.0,0.0,,20.0,53.0,53.0,sachs,5504,11,11.143790245056152,193.94640445709229,True,v2,original_ranking,3,"[(5, 10), (5, 8), (4, 5)]",0,16.87896990776062,-174.00880699394924
6,0.8333,0.0588,0.1316,0.1667,0.0588,0.087,20.0,59.0,60.0,sachs,5163,11,11.143790245056152,194.38630318641663,True,v2,original_ranking,6,"[(6, 10), (6, 8), (8, 10), (1, 6), (0, 8), (4, 8)]",0,17.295617818832397,-150.60995324142894
4,1.0,0.0,0.1053,0.0,0.0,,21.0,52.0,53.0,sachs,2406,11,11.143790245056152,193.30814242362976,True,v2,original_ranking,4,"[(4, 5), (4, 6), (4, 9), (1, 10)]",0,15.902502298355103,-173.88895554652365
3,1.0,0.0,0.0789,0.0,0.0,,20.0,53.0,53.0,sachs,304,11,11.143790245056152,194.17991399765015,True,v2,original_ranking,3,"[(4, 9), (9, 10), (0, 9)]",0,14.884550333023071,-171.19987680244733
9,1.0,0.0,0.2368,0.0,0.0,,26.0,53.0,53.0,sachs,3391,11,11.143790245056152,195.5730767250061,True,v2,original_ranking,9,"[(8, 9), (3, 9), (6, 10), (4, 9), (4, 6), (4, 5), (0, 6), (9, 10), (1, 10)]",0,10.301129341125488,-61.31337233680666
6,1.0,0.0,0.1579,0.0,0.0,,23.0,52.0,53.0,sachs,359,11,11.143790245056152,194.91414189338684,True,v2,original_ranking,6,"[(5, 7), (0, 5), (0, 9), (1, 5), (1, 10), (5, 8)]",0,18.039072275161743,-57.5911627832531
8,0.875,0.0588,0.1842,0.0,0.0,,23.0,51.0,59.0,sachs,9096,11,11.143790245056152,196.06147503852844,True,v2,original_ranking,8,"[(1, 5), (0, 6), (5, 7), (6, 7), (4, 6), (2, 8), (2, 5), (4, 10)]",0,13.518279075622559,18.870176759146947
10,1.0,0.0,0.2632,0.0,0.0,,27.0,53.0,53.0,sachs,3533,11,11.143790245056152,193.90939831733704,True,v2,original_ranking,10,"[(8, 9), (4, 6), (4, 5), (5, 10), (1, 6), (0, 9), (0, 6), (9, 10), (3, 5), (6, 7)]",0,16.732882738113403,-14.13911397775826
7,1.0,0.0,0.1842,0.0,0.0,,23.0,52.0,52.0,sachs,4125,11,11.143790245056152,195.8706328868866,True,v2,original_ranking,7,"[(4, 6), (0, 6), (6, 7), (5, 7), (2, 5), (3, 7), (2, 10)]",0,16.08170461654663,-68.79732992995645
2,1.0,0.0,0.0526,0.0,0.0,,19.0,53.0,53.0,sachs,3094,11,11.143790245056152,196.40377402305603,True,v2,original_ranking,2,"[(4, 5), (4, 9)]",0,12.095958948135376,-133.2765557715147
7,1.0,0.0,0.1842,0.0,0.0,,24.0,51.0,52.0,sachs,6398,11,11.143790245056152,194.0156695842743,True,v2,original_ranking,7,"[(0, 6), (3, 4), (6, 7), (3, 6), (2, 5), (1, 10), (2, 9)]",0,13.570260763168335,-86.22918074973663
8,1.0,0.0,0.0485,0.0,0.0,,33.0,318.0,340.0,child,7816,20,566.9924612045288,12332.06714272499,True,v2,original_ranking,8,"[(9, 14), (7, 17), (7, 9), (7, 13), (9, 11), (8, 14), (12, 15), (6, 19)]",0,184.5922486782074,-1703.8938769231186
