dataset,model,seed,elapsed,nnz,fdr,tpr,fpr,precision,recall,F1,shd,sid_low,sid_high
cancer,Random,7816,0.0006127357482910156,4,0.5,0.5,0.3333,0.25,0.25,0.25,5.0,4.0,14.0
cancer,Random,3578,0.00021791458129882812,4,0.75,0.25,0.5,0.0,0.0,,7.0,6.0,16.0
cancer,Random,2656,0.00020647048950195312,4,0.25,0.75,0.1667,0.75,0.75,0.75,2.0,3.0,13.0
cancer,Random,2688,0.00020623207092285156,4,0.5,0.5,0.3333,0.5,0.5,0.5,5.0,6.0,11.0
cancer,Random,2494,0.00020575523376464844,4,0.75,0.25,0.5,0.25,0.25,0.25,6.0,9.0,14.0
cancer,Random,183,0.00020575523376464844,4,1.0,0.0,0.6667,0.0,0.0,,6.0,15.0,20.0
cancer,Random,7977,0.00020003318786621094,4,0.5,0.5,0.3333,0.5,0.5,0.5,2.0,10.0,10.0
cancer,Random,3199,0.0002110004425048828,4,0.75,0.25,0.5,0.25,0.25,0.25,7.0,5.0,10.0
cancer,Random,316,0.00021123886108398438,4,1.0,0.0,0.6667,0.0,0.0,,7.0,12.0,17.0
cancer,Random,8266,0.00020384788513183594,4,0.75,0.25,0.5,0.25,0.25,0.25,6.0,14.0,19.0
cancer,Random,1532,0.0002040863037109375,4,0.75,0.25,0.5,0.25,0.25,0.25,5.0,13.0,13.0
cancer,Random,1009,0.00020647048950195312,4,0.75,0.25,0.5,0.25,0.25,0.25,5.0,13.0,13.0
cancer,Random,2250,0.00020384788513183594,4,0.25,0.75,0.1667,0.5,0.5,0.5,3.0,1.0,11.0
cancer,Random,4447,0.00020837783813476562,4,1.0,0.0,0.6667,0.0,0.0,,7.0,12.0,12.0
cancer,Random,2415,0.000202178955078125,4,1.0,0.0,0.6667,0.0,0.0,,7.0,13.0,18.0
cancer,Random,3595,0.0001990795135498047,4,1.0,0.0,0.6667,0.0,0.0,,7.0,12.0,17.0
cancer,Random,4187,0.00020384788513183594,4,1.0,0.0,0.6667,0.0,0.0,,8.0,7.0,16.0
cancer,Random,4135,0.00020360946655273438,4,0.5,0.5,0.3333,0.25,0.25,0.25,5.0,5.0,15.0
cancer,Random,5174,0.00020813941955566406,4,0.5,0.5,0.3333,0.25,0.25,0.25,5.0,5.0,15.0
cancer,Random,5303,0.0002124309539794922,4,1.0,0.0,0.6667,0.0,0.0,,8.0,7.0,7.0
cancer,Random,3942,0.0002067089080810547,4,1.0,0.0,0.6667,0.0,0.0,,8.0,12.0,17.0
cancer,Random,2778,0.00020432472229003906,4,0.75,0.25,0.5,0.25,0.25,0.25,7.0,6.0,10.0
cancer,Random,2804,0.00020384788513183594,4,1.0,0.0,0.6667,0.0,0.0,,8.0,7.0,12.0
cancer,Random,2145,0.0002155303955078125,4,1.0,0.0,0.6667,0.0,0.0,,6.0,10.0,10.0
cancer,Random,150,0.00020360946655273438,4,0.5,0.5,0.3333,0.25,0.25,0.25,6.0,4.0,9.0
cancer,Random,8823,0.00020265579223632812,4,0.75,0.25,0.5,0.0,0.0,,7.0,6.0,16.0
cancer,Random,4669,0.0002033710479736328,4,0.5,0.5,0.3333,0.5,0.5,0.5,3.0,8.0,13.0
cancer,Random,6131,0.00020623207092285156,4,0.75,0.25,0.5,0.25,0.25,0.25,6.0,8.0,13.0
cancer,Random,2617,0.00020956993103027344,4,0.75,0.25,0.5,0.25,0.25,0.25,6.0,8.0,14.0
cancer,Random,7166,0.00018167495727539062,4,0.5,0.5,0.3333,0.5,0.5,0.5,5.0,6.0,11.0
cancer,Random,1428,0.00018358230590820312,4,1.0,0.0,0.6667,0.0,0.0,,6.0,11.0,16.0
cancer,Random,8328,0.0001842975616455078,4,1.0,0.0,0.6667,0.0,0.0,,8.0,7.0,13.0
cancer,Random,8289,0.00018405914306640625,4,0.5,0.5,0.3333,0.25,0.25,0.25,5.0,9.0,19.0
cancer,Random,5978,0.00018072128295898438,4,0.75,0.25,0.5,0.25,0.25,0.25,5.0,9.0,14.0
cancer,Random,5511,0.0001895427703857422,4,0.5,0.5,0.3333,0.5,0.5,0.5,3.0,5.0,15.0
cancer,Random,5864,0.00018334388732910156,4,0.25,0.75,0.1667,0.25,0.25,0.25,4.0,9.0,19.0
cancer,Random,606,0.00018310546875,4,1.0,0.0,0.6667,0.0,0.0,,6.0,18.0,18.0
cancer,Random,1933,0.00018262863159179688,4,0.5,0.5,0.3333,0.25,0.25,0.25,4.0,8.0,13.0
cancer,Random,6071,0.00018167495727539062,4,0.25,0.75,0.1667,0.5,0.5,0.5,3.0,1.0,11.0
cancer,Random,5504,0.00018215179443359375,4,0.75,0.25,0.5,0.25,0.25,0.25,6.0,5.0,13.0
cancer,Random,5163,0.0001819133758544922,4,0.5,0.5,0.3333,0.25,0.25,0.25,5.0,4.0,14.0
cancer,Random,2406,0.00018215179443359375,4,0.75,0.25,0.5,0.25,0.25,0.25,7.0,4.0,10.0
cancer,Random,304,0.00018739700317382812,4,0.25,0.75,0.1667,0.25,0.25,0.25,5.0,9.0,14.0
cancer,Random,3391,0.0001800060272216797,4,0.75,0.25,0.5,0.25,0.25,0.25,5.0,9.0,14.0
cancer,Random,359,0.0001838207244873047,4,0.75,0.25,0.5,0.25,0.25,0.25,7.0,5.0,10.0
cancer,Random,9096,0.00019741058349609375,4,0.75,0.25,0.5,0.25,0.25,0.25,6.0,8.0,18.0
cancer,Random,3533,0.0001819133758544922,4,0.75,0.25,0.5,0.0,0.0,,7.0,6.0,16.0
cancer,Random,4125,0.0001823902130126953,4,0.75,0.25,0.5,0.0,0.0,,7.0,6.0,17.0
cancer,Random,3094,0.00018095970153808594,4,0.5,0.5,0.3333,0.25,0.25,0.25,5.0,5.0,15.0
cancer,Random,6398,0.0001850128173828125,4,1.0,0.0,0.6667,0.0,0.0,,7.0,12.0,17.0
cancer,MPC,7816,0.00841212272644043,4,0.0,1.0,0.0,0.5,0.5,0.5,2.0,5.0,15.0
cancer,MPC,3578,0.007631778717041016,4,0.0,1.0,0.0,0.5,0.5,0.5,2.0,5.0,15.0
cancer,MPC,2656,0.004706859588623047,3,0.0,0.75,0.0,0.6667,0.5,0.5714,2.0,1.0,11.0
cancer,MPC,2688,0.007582426071166992,4,0.0,1.0,0.0,0.5,0.5,0.5,2.0,5.0,15.0
cancer,MPC,2494,0.007544994354248047,4,0.0,1.0,0.0,0.5,0.5,0.5,2.0,5.0,15.0
cancer,MPC,183,0.004698038101196289,3,0.0,0.75,0.0,0.6667,0.5,0.5714,2.0,1.0,11.0
cancer,MPC,7977,0.007635354995727539,4,0.0,1.0,0.0,0.5,0.5,0.5,2.0,5.0,15.0
cancer,MPC,3199,0.0046787261962890625,3,0.0,0.75,0.0,0.6667,0.5,0.5714,2.0,1.0,11.0
cancer,MPC,316,0.007785320281982422,4,0.0,1.0,0.0,0.5,0.5,0.5,2.0,5.0,15.0
cancer,MPC,8266,0.007732868194580078,4,0.0,1.0,0.0,0.5,0.5,0.5,2.0,5.0,15.0
cancer,MPC,1532,0.004652500152587891,3,0.0,0.75,0.0,0.6667,0.5,0.5714,2.0,1.0,11.0
cancer,MPC,1009,0.007563352584838867,4,0.0,1.0,0.0,0.5,0.5,0.5,2.0,5.0,15.0
cancer,MPC,2250,0.0075418949127197266,4,0.0,1.0,0.0,0.5,0.5,0.5,2.0,5.0,15.0
cancer,MPC,4447,0.007224559783935547,3,0.0,0.75,0.0,0.6667,0.5,0.5714,2.0,1.0,11.0
cancer,MPC,2415,0.007552623748779297,4,0.0,1.0,0.0,0.5,0.5,0.5,2.0,5.0,15.0
cancer,MPC,3595,0.007642507553100586,4,0.0,1.0,0.0,0.5,0.5,0.5,2.0,5.0,15.0
cancer,MPC,4187,0.007544517517089844,4,0.0,1.0,0.0,0.5,0.5,0.5,2.0,5.0,15.0
cancer,MPC,4135,0.007565736770629883,4,0.0,1.0,0.0,0.5,0.5,0.5,2.0,5.0,15.0
cancer,MPC,5174,0.007740020751953125,4,0.0,1.0,0.0,0.5,0.5,0.5,2.0,5.0,15.0
cancer,MPC,5303,0.007630586624145508,4,0.0,1.0,0.0,0.5,0.5,0.5,2.0,5.0,15.0
cancer,MPC,3942,0.008721590042114258,5,0.2,1.0,0.1667,0.4,0.5,0.4444,3.0,5.0,15.0
cancer,MPC,2778,0.007532596588134766,4,0.0,1.0,0.0,0.5,0.5,0.5,2.0,5.0,15.0
cancer,MPC,2804,0.004720926284790039,3,0.0,0.75,0.0,0.6667,0.5,0.5714,2.0,1.0,11.0
cancer,MPC,2145,0.007623910903930664,4,0.0,1.0,0.0,0.5,0.5,0.5,2.0,5.0,15.0
cancer,MPC,150,0.007569313049316406,4,0.0,1.0,0.0,0.5,0.5,0.5,2.0,5.0,15.0
cancer,MPC,8823,0.007548809051513672,4,0.0,1.0,0.0,0.5,0.5,0.5,2.0,5.0,15.0
cancer,MPC,4669,0.007559299468994141,4,0.0,1.0,0.0,0.5,0.5,0.5,2.0,5.0,15.0
cancer,MPC,6131,0.0048580169677734375,3,0.0,0.75,0.0,0.6667,0.5,0.5714,2.0,1.0,11.0
cancer,MPC,2617,0.007731437683105469,4,0.0,1.0,0.0,0.5,0.5,0.5,2.0,5.0,15.0
cancer,MPC,7166,0.008640050888061523,5,0.2,1.0,0.1667,0.4,0.5,0.4444,3.0,5.0,15.0
cancer,MPC,1428,0.007565021514892578,4,0.0,1.0,0.0,0.5,0.5,0.5,2.0,5.0,15.0
cancer,MPC,8328,0.007550239562988281,4,0.0,1.0,0.0,0.5,0.5,0.5,2.0,5.0,15.0
cancer,MPC,8289,0.007653951644897461,4,0.0,1.0,0.0,0.5,0.5,0.5,2.0,5.0,15.0
cancer,MPC,5978,0.004694938659667969,3,0.0,0.75,0.0,0.6667,0.5,0.5714,2.0,1.0,11.0
cancer,MPC,5511,0.007563591003417969,4,0.0,1.0,0.0,0.5,0.5,0.5,2.0,5.0,15.0
cancer,MPC,5864,0.007550477981567383,4,0.0,1.0,0.0,0.5,0.5,0.5,2.0,5.0,15.0
cancer,MPC,606,0.007579803466796875,4,0.0,1.0,0.0,0.5,0.5,0.5,2.0,5.0,15.0
cancer,MPC,1933,0.007570028305053711,4,0.0,1.0,0.0,0.5,0.5,0.5,2.0,5.0,15.0
cancer,MPC,6071,0.005435943603515625,3,0.0,0.75,0.0,0.6667,0.5,0.5714,2.0,1.0,11.0
cancer,MPC,5504,0.0046918392181396484,3,0.0,0.75,0.0,0.6667,0.5,0.5714,2.0,1.0,11.0
cancer,MPC,5163,0.004711627960205078,3,0.0,0.75,0.0,0.6667,0.5,0.5714,2.0,1.0,11.0
cancer,MPC,2406,0.004739522933959961,3,0.0,0.75,0.0,0.6667,0.5,0.5714,2.0,1.0,11.0
cancer,MPC,304,0.00753331184387207,4,0.0,1.0,0.0,0.5,0.5,0.5,2.0,5.0,15.0
cancer,MPC,3391,0.007562160491943359,4,0.0,1.0,0.0,0.5,0.5,0.5,2.0,5.0,15.0
cancer,MPC,359,0.00467371940612793,3,0.0,0.75,0.0,0.6667,0.5,0.5714,2.0,1.0,11.0
cancer,MPC,9096,0.007544517517089844,4,0.0,1.0,0.0,0.5,0.5,0.5,2.0,5.0,15.0
cancer,MPC,3533,0.0075604915618896484,4,0.0,1.0,0.0,0.5,0.5,0.5,2.0,5.0,15.0
cancer,MPC,4125,0.007546901702880859,4,0.0,1.0,0.0,0.5,0.5,0.5,2.0,5.0,15.0
cancer,MPC,3094,0.0075740814208984375,4,0.0,1.0,0.0,0.5,0.5,0.5,2.0,5.0,15.0
cancer,MPC,6398,0.004687070846557617,3,0.0,0.75,0.0,0.6667,0.5,0.5714,2.0,1.0,11.0
cancer,NOTEARS-MLP,7816,90.09070897102356,2,0.5,0.25,0.1667,0.5,0.25,0.3333,3.0,10.0,10.0
cancer,NOTEARS-MLP,3578,1.307077169418335,2,0.5,0.25,0.1667,0.5,0.25,0.3333,3.0,10.0,10.0
cancer,NOTEARS-MLP,2656,3.466686487197876,2,0.5,0.25,0.1667,0.5,0.25,0.3333,3.0,10.0,10.0
cancer,NOTEARS-MLP,2688,0.9502434730529785,1,0.0,0.25,0.0,1.0,0.25,0.4,3.0,6.0,11.0
cancer,NOTEARS-MLP,2494,4.36215353012085,2,0.5,0.25,0.1667,0.5,0.25,0.3333,3.0,10.0,10.0
cancer,NOTEARS-MLP,183,3.2629356384277344,3,0.6667,0.25,0.3333,0.3333,0.25,0.2857,3.0,11.0,11.0
cancer,NOTEARS-MLP,7977,3.1172783374786377,2,0.5,0.25,0.1667,0.5,0.25,0.3333,3.0,10.0,10.0
cancer,NOTEARS-MLP,3199,3.4392504692077637,2,0.5,0.25,0.1667,0.5,0.25,0.3333,3.0,10.0,10.0
cancer,NOTEARS-MLP,316,2.897350549697876,2,0.5,0.25,0.1667,0.5,0.25,0.3333,3.0,10.0,10.0
cancer,NOTEARS-MLP,8266,1.2749488353729248,2,0.5,0.25,0.1667,0.5,0.25,0.3333,3.0,10.0,10.0
cancer,NOTEARS-MLP,1532,2.914729118347168,1,0.0,0.25,0.0,1.0,0.25,0.4,3.0,6.0,11.0
cancer,NOTEARS-MLP,1009,4.7989678382873535,2,0.5,0.25,0.1667,0.5,0.25,0.3333,3.0,10.0,10.0
cancer,NOTEARS-MLP,2250,1.0757966041564941,2,0.5,0.25,0.1667,0.5,0.25,0.3333,3.0,10.0,10.0
cancer,NOTEARS-MLP,4447,3.053464651107788,2,0.5,0.25,0.1667,0.5,0.25,0.3333,3.0,10.0,10.0
cancer,NOTEARS-MLP,2415,1.0982475280761719,2,0.5,0.25,0.1667,0.5,0.25,0.3333,3.0,10.0,10.0
cancer,NOTEARS-MLP,3595,3.173631429672241,2,0.5,0.25,0.1667,0.5,0.25,0.3333,3.0,10.0,10.0
cancer,NOTEARS-MLP,4187,2.7167510986328125,2,0.5,0.25,0.1667,0.5,0.25,0.3333,3.0,10.0,10.0
cancer,NOTEARS-MLP,4135,0.8990943431854248,2,0.5,0.25,0.1667,0.5,0.25,0.3333,3.0,10.0,10.0
cancer,NOTEARS-MLP,5174,1.0913164615631104,2,0.5,0.25,0.1667,0.5,0.25,0.3333,3.0,10.0,10.0
cancer,NOTEARS-MLP,5303,1.0100481510162354,1,0.0,0.25,0.0,1.0,0.25,0.4,3.0,6.0,11.0
cancer,NOTEARS-MLP,3942,2.9687421321868896,2,0.5,0.25,0.1667,0.5,0.25,0.3333,3.0,10.0,10.0
cancer,NOTEARS-MLP,2778,2.913727283477783,2,0.5,0.25,0.1667,0.5,0.25,0.3333,3.0,10.0,10.0
cancer,NOTEARS-MLP,2804,2.846220016479492,2,0.5,0.25,0.1667,0.5,0.25,0.3333,3.0,10.0,10.0
cancer,NOTEARS-MLP,2145,3.377495765686035,2,0.5,0.25,0.1667,0.5,0.25,0.3333,3.0,10.0,10.0
cancer,NOTEARS-MLP,150,4.106881618499756,3,0.6667,0.25,0.3333,0.3333,0.25,0.2857,3.0,11.0,11.0
cancer,NOTEARS-MLP,8823,2.7087156772613525,2,0.5,0.25,0.1667,0.5,0.25,0.3333,3.0,10.0,10.0
cancer,NOTEARS-MLP,4669,3.340607166290283,2,0.5,0.25,0.1667,0.5,0.25,0.3333,3.0,10.0,10.0
cancer,NOTEARS-MLP,6131,3.588886260986328,2,0.5,0.25,0.1667,0.5,0.25,0.3333,3.0,10.0,10.0
cancer,NOTEARS-MLP,2617,1.1212286949157715,2,0.5,0.25,0.1667,0.5,0.25,0.3333,3.0,10.0,10.0
cancer,NOTEARS-MLP,7166,4.115357160568237,2,0.5,0.25,0.1667,0.5,0.25,0.3333,3.0,10.0,10.0
cancer,NOTEARS-MLP,1428,2.686279058456421,2,0.5,0.25,0.1667,0.5,0.25,0.3333,3.0,10.0,10.0
cancer,NOTEARS-MLP,8328,3.336047410964966,3,0.6667,0.25,0.3333,0.3333,0.25,0.2857,3.0,11.0,11.0
cancer,NOTEARS-MLP,8289,2.643397092819214,2,0.5,0.25,0.1667,0.5,0.25,0.3333,3.0,10.0,10.0
cancer,NOTEARS-MLP,5978,1.0245378017425537,1,0.0,0.25,0.0,1.0,0.25,0.4,3.0,6.0,11.0
cancer,NOTEARS-MLP,5511,3.802196502685547,2,0.5,0.25,0.1667,0.5,0.25,0.3333,3.0,10.0,10.0
cancer,NOTEARS-MLP,5864,1.1152758598327637,1,0.0,0.25,0.0,1.0,0.25,0.4,3.0,6.0,11.0
cancer,NOTEARS-MLP,606,3.296152114868164,2,0.5,0.25,0.1667,0.5,0.25,0.3333,3.0,10.0,10.0
cancer,NOTEARS-MLP,1933,3.1938045024871826,2,0.5,0.25,0.1667,0.5,0.25,0.3333,3.0,10.0,10.0
cancer,NOTEARS-MLP,6071,1.3584074974060059,3,0.6667,0.25,0.3333,0.3333,0.25,0.2857,3.0,11.0,11.0
cancer,NOTEARS-MLP,5504,3.230900764465332,2,0.5,0.25,0.1667,0.5,0.25,0.3333,3.0,10.0,10.0
cancer,NOTEARS-MLP,5163,1.0422348976135254,2,0.5,0.25,0.1667,0.5,0.25,0.3333,3.0,10.0,10.0
cancer,NOTEARS-MLP,2406,3.947181463241577,2,0.5,0.25,0.1667,0.5,0.25,0.3333,3.0,10.0,10.0
cancer,NOTEARS-MLP,304,3.1158359050750732,2,0.5,0.25,0.1667,0.5,0.25,0.3333,3.0,10.0,10.0
cancer,NOTEARS-MLP,3391,3.3517112731933594,2,0.5,0.25,0.1667,0.5,0.25,0.3333,3.0,10.0,10.0
cancer,NOTEARS-MLP,359,3.3598058223724365,2,0.5,0.25,0.1667,0.5,0.25,0.3333,3.0,10.0,10.0
cancer,NOTEARS-MLP,9096,1.0485165119171143,2,0.5,0.25,0.1667,0.5,0.25,0.3333,3.0,10.0,10.0
cancer,NOTEARS-MLP,3533,0.7787423133850098,0,0.0,0.0,0.0,,0.0,,4.0,10.0,10.0
cancer,NOTEARS-MLP,4125,3.05531644821167,1,0.0,0.25,0.0,1.0,0.25,0.4,3.0,6.0,11.0
cancer,NOTEARS-MLP,3094,1.2171061038970947,1,0.0,0.25,0.0,1.0,0.25,0.4,3.0,6.0,11.0
cancer,NOTEARS-MLP,6398,1.1340727806091309,2,0.5,0.25,0.1667,0.5,0.25,0.3333,3.0,10.0,10.0
earthquake,Random,7816,0.00019359588623046875,4,0.5,0.5,0.3333,0.0,0.0,,6.0,7.0,16.0
earthquake,Random,3578,0.00018215179443359375,4,0.75,0.25,0.5,0.0,0.0,,7.0,11.0,16.0
earthquake,Random,2656,0.00018167495727539062,4,0.5,0.5,0.3333,0.25,0.25,0.25,4.0,8.0,13.0
earthquake,Random,2688,0.00018835067749023438,4,0.75,0.25,0.5,0.25,0.25,0.25,5.0,8.0,13.0
earthquake,Random,2494,0.00019288063049316406,4,0.75,0.25,0.5,0.25,0.25,0.25,6.0,3.0,8.0
earthquake,Random,183,0.0001823902130126953,4,0.75,0.25,0.5,0.25,0.25,0.25,5.0,8.0,13.0
earthquake,Random,7977,0.000186920166015625,4,0.5,0.5,0.3333,0.5,0.5,0.5,2.0,10.0,10.0
earthquake,Random,3199,0.00018906593322753906,4,1.0,0.0,0.6667,0.0,0.0,,7.0,12.0,17.0
earthquake,Random,316,0.0001850128173828125,4,0.75,0.25,0.5,0.25,0.25,0.25,7.0,6.0,6.0
earthquake,Random,8266,0.0001914501190185547,4,0.75,0.25,0.5,0.25,0.25,0.25,6.0,8.0,13.0
earthquake,Random,1532,0.00018978118896484375,4,0.75,0.25,0.5,0.25,0.25,0.25,5.0,8.0,8.0
earthquake,Random,1009,0.00018215179443359375,4,0.75,0.25,0.5,0.25,0.25,0.25,5.0,8.0,8.0
earthquake,Random,2250,0.00018167495727539062,4,0.25,0.75,0.1667,0.5,0.5,0.5,3.0,1.0,11.0
earthquake,Random,4447,0.0001842975616455078,4,1.0,0.0,0.6667,0.0,0.0,,7.0,11.0,11.0
earthquake,Random,2415,0.0001933574676513672,4,1.0,0.0,0.6667,0.0,0.0,,7.0,12.0,12.0
earthquake,Random,3595,0.0001804828643798828,4,0.75,0.25,0.5,0.25,0.25,0.25,7.0,5.0,10.0
earthquake,Random,4187,0.0001819133758544922,4,1.0,0.0,0.6667,0.0,0.0,,8.0,7.0,16.0
earthquake,Random,4135,0.00018310546875,4,0.5,0.5,0.3333,0.25,0.25,0.25,5.0,9.0,19.0
earthquake,Random,5174,0.00019049644470214844,4,0.5,0.5,0.3333,0.0,0.0,,6.0,7.0,16.0
earthquake,Random,5303,0.0001957416534423828,4,1.0,0.0,0.6667,0.0,0.0,,8.0,6.0,11.0
earthquake,Random,3942,0.0001842975616455078,4,1.0,0.0,0.6667,0.0,0.0,,8.0,12.0,17.0
earthquake,Random,2778,0.0001800060272216797,4,1.0,0.0,0.6667,0.0,0.0,,7.0,12.0,18.0
earthquake,Random,2804,0.0001933574676513672,4,1.0,0.0,0.6667,0.0,0.0,,8.0,5.0,12.0
earthquake,Random,2145,0.00018739700317382812,4,0.75,0.25,0.5,0.25,0.25,0.25,5.0,8.0,8.0
earthquake,Random,150,0.0001811981201171875,4,0.75,0.25,0.5,0.0,0.0,,6.0,12.0,17.0
earthquake,Random,8823,0.00019502639770507812,4,0.75,0.25,0.5,0.0,0.0,,7.0,6.0,16.0
earthquake,Random,4669,0.00018405914306640625,4,0.75,0.25,0.5,0.25,0.25,0.25,4.0,10.0,10.0
earthquake,Random,6131,0.0001819133758544922,4,0.75,0.25,0.5,0.0,0.0,,7.0,12.0,17.0
earthquake,Random,2617,0.00019860267639160156,4,0.75,0.25,0.5,0.0,0.0,,7.0,6.0,12.0
earthquake,Random,7166,0.0001850128173828125,4,0.75,0.25,0.5,0.25,0.25,0.25,5.0,8.0,13.0
earthquake,Random,1428,0.00018858909606933594,4,0.75,0.25,0.5,0.25,0.25,0.25,5.0,8.0,13.0
earthquake,Random,8328,0.0001823902130126953,4,1.0,0.0,0.6667,0.0,0.0,,8.0,7.0,16.0
earthquake,Random,8289,0.00019311904907226562,4,0.5,0.5,0.3333,0.25,0.25,0.25,5.0,4.0,14.0
earthquake,Random,5978,0.0001838207244873047,4,0.75,0.25,0.5,0.25,0.25,0.25,5.0,10.0,15.0
earthquake,Random,5511,0.00018262863159179688,4,0.5,0.5,0.3333,0.5,0.5,0.5,3.0,6.0,11.0
earthquake,Random,5864,0.00018167495727539062,4,0.25,0.75,0.1667,0.5,0.5,0.5,3.0,1.0,15.0
earthquake,Random,606,0.0001823902130126953,4,0.75,0.25,0.5,0.25,0.25,0.25,5.0,10.0,10.0
earthquake,Random,1933,0.00018167495727539062,4,0.75,0.25,0.5,0.0,0.0,,5.0,10.0,20.0
earthquake,Random,6071,0.00019049644470214844,4,0.25,0.75,0.1667,0.25,0.25,0.25,4.0,9.0,19.0
earthquake,Random,5504,0.00018358230590820312,4,0.75,0.25,0.5,0.25,0.25,0.25,6.0,5.0,13.0
earthquake,Random,5163,0.0001862049102783203,4,0.5,0.5,0.3333,0.0,0.0,,6.0,7.0,16.0
earthquake,Random,2406,0.00018358230590820312,4,1.0,0.0,0.6667,0.0,0.0,,7.0,11.0,17.0
earthquake,Random,304,0.00019311904907226562,4,0.5,0.5,0.3333,0.25,0.25,0.25,4.0,9.0,19.0
earthquake,Random,3391,0.00018858909606933594,4,0.5,0.5,0.3333,0.25,0.25,0.25,6.0,5.0,10.0
earthquake,Random,359,0.00018548965454101562,4,1.0,0.0,0.6667,0.0,0.0,,7.0,12.0,17.0
earthquake,Random,9096,0.00019025802612304688,4,0.75,0.25,0.5,0.0,0.0,,7.0,6.0,16.0
earthquake,Random,3533,0.00019502639770507812,4,0.75,0.25,0.5,0.0,0.0,,7.0,6.0,16.0
earthquake,Random,4125,0.0001895427703857422,4,0.75,0.25,0.5,0.25,0.25,0.25,6.0,4.0,18.0
earthquake,Random,3094,0.00018644332885742188,4,0.5,0.5,0.3333,0.5,0.5,0.5,4.0,6.0,15.0
earthquake,Random,6398,0.00018215179443359375,4,1.0,0.0,0.6667,0.0,0.0,,7.0,12.0,17.0
earthquake,MPC,7816,0.009241104125976562,4,0.0,1.0,0.0,0.5,0.5,0.5,2.0,5.0,15.0
earthquake,MPC,3578,0.010076284408569336,5,0.2,1.0,0.1667,0.4,0.5,0.4444,3.0,5.0,15.0
earthquake,MPC,2656,0.010622978210449219,6,0.3333,1.0,0.3333,0.3333,0.5,0.4,4.0,5.0,15.0
earthquake,MPC,2688,0.009131669998168945,4,0.0,1.0,0.0,0.5,0.5,0.5,2.0,5.0,15.0
earthquake,MPC,2494,0.009863138198852539,5,0.2,1.0,0.1667,0.4,0.5,0.4444,3.0,5.0,15.0
earthquake,MPC,183,1.1979169845581055,5,0.2,1.0,0.1667,0.4,0.5,0.4444,3.0,5.0,15.0
earthquake,MPC,7977,0.009462356567382812,4,0.0,1.0,0.0,0.5,0.5,0.5,2.0,5.0,15.0
earthquake,MPC,3199,0.009949684143066406,5,0.2,1.0,0.1667,0.4,0.5,0.4444,3.0,5.0,15.0
earthquake,MPC,316,0.009771585464477539,5,0.2,1.0,0.1667,0.4,0.5,0.4444,3.0,5.0,15.0
earthquake,MPC,8266,0.009807348251342773,5,0.2,1.0,0.1667,0.4,0.5,0.4444,3.0,5.0,15.0
earthquake,MPC,1532,0.009138822555541992,4,0.0,1.0,0.0,0.5,0.5,0.5,2.0,5.0,15.0
earthquake,MPC,1009,0.010084867477416992,5,0.2,1.0,0.1667,0.4,0.5,0.4444,3.0,5.0,15.0
earthquake,MPC,2250,0.00914144515991211,4,0.0,1.0,0.0,0.5,0.5,0.5,2.0,5.0,15.0
earthquake,MPC,4447,0.010024547576904297,5,0.2,1.0,0.1667,0.4,0.5,0.4444,3.0,5.0,15.0
earthquake,MPC,2415,0.00980830192565918,5,0.2,1.0,0.1667,0.4,0.5,0.4444,3.0,5.0,15.0
earthquake,MPC,3595,0.009168386459350586,4,0.0,1.0,0.0,0.5,0.5,0.5,2.0,5.0,15.0
earthquake,MPC,4187,0.010051488876342773,5,0.2,1.0,0.1667,0.4,0.5,0.4444,3.0,5.0,15.0
earthquake,MPC,4135,0.010034561157226562,5,0.2,1.0,0.1667,0.4,0.5,0.4444,3.0,5.0,15.0
earthquake,MPC,5174,0.009821891784667969,5,0.2,1.0,0.1667,0.4,0.5,0.4444,3.0,5.0,15.0
earthquake,MPC,5303,0.009805440902709961,5,0.2,1.0,0.1667,0.4,0.5,0.4444,3.0,5.0,15.0
earthquake,MPC,3942,0.009849309921264648,5,0.2,1.0,0.1667,0.4,0.5,0.4444,3.0,5.0,15.0
earthquake,MPC,2778,0.00974416732788086,5,0.2,1.0,0.1667,0.4,0.5,0.4444,3.0,5.0,15.0
earthquake,MPC,2804,0.010209321975708008,5,0.2,1.0,0.1667,0.4,0.5,0.4444,3.0,5.0,15.0
earthquake,MPC,2145,0.010012388229370117,5,0.2,1.0,0.1667,0.4,0.5,0.4444,3.0,5.0,15.0
earthquake,MPC,150,0.009825468063354492,5,0.2,1.0,0.1667,0.4,0.5,0.4444,3.0,5.0,15.0
earthquake,MPC,8823,0.009837150573730469,5,0.2,1.0,0.1667,0.4,0.5,0.4444,3.0,5.0,15.0
earthquake,MPC,4669,0.009186267852783203,4,0.0,1.0,0.0,0.5,0.5,0.5,2.0,5.0,15.0
earthquake,MPC,6131,0.009125471115112305,4,0.0,1.0,0.0,0.5,0.5,0.5,2.0,5.0,15.0
earthquake,MPC,2617,0.010495662689208984,4,0.0,1.0,0.0,0.5,0.5,0.5,2.0,5.0,15.0
earthquake,MPC,7166,0.010547399520874023,6,0.3333,1.0,0.3333,0.3333,0.5,0.4,4.0,5.0,15.0
earthquake,MPC,1428,0.00912785530090332,4,0.0,1.0,0.0,0.5,0.5,0.5,2.0,5.0,15.0
earthquake,MPC,8328,0.009833335876464844,5,0.2,1.0,0.1667,0.4,0.5,0.4444,3.0,5.0,15.0
earthquake,MPC,8289,0.009121894836425781,4,0.0,1.0,0.0,0.5,0.5,0.5,2.0,5.0,15.0
earthquake,MPC,5978,0.009164094924926758,4,0.0,1.0,0.0,0.5,0.5,0.5,2.0,5.0,15.0
earthquake,MPC,5511,0.009169816970825195,4,0.0,1.0,0.0,0.5,0.5,0.5,2.0,5.0,15.0
earthquake,MPC,5864,0.00915670394897461,4,0.0,1.0,0.0,0.5,0.5,0.5,2.0,5.0,15.0
earthquake,MPC,606,0.009997129440307617,5,0.2,1.0,0.1667,0.4,0.5,0.4444,3.0,5.0,15.0
earthquake,MPC,1933,0.009845733642578125,5,0.2,1.0,0.1667,0.4,0.5,0.4444,3.0,5.0,15.0
earthquake,MPC,6071,0.009845733642578125,5,0.2,1.0,0.1667,0.4,0.5,0.4444,3.0,5.0,15.0
earthquake,MPC,5504,0.009878158569335938,5,0.2,1.0,0.1667,0.4,0.5,0.4444,3.0,5.0,15.0
earthquake,MPC,5163,0.00982046127319336,5,0.2,1.0,0.1667,0.4,0.5,0.4444,3.0,5.0,15.0
earthquake,MPC,2406,0.009165525436401367,4,0.0,1.0,0.0,0.5,0.5,0.5,2.0,5.0,15.0
earthquake,MPC,304,0.009113073348999023,4,0.0,1.0,0.0,0.5,0.5,0.5,2.0,5.0,15.0
earthquake,MPC,3391,0.010109424591064453,5,0.2,1.0,0.1667,0.4,0.5,0.4444,3.0,5.0,15.0
earthquake,MPC,359,0.009966135025024414,5,0.2,1.0,0.1667,0.4,0.5,0.4444,3.0,5.0,15.0
earthquake,MPC,9096,0.009117603302001953,4,0.0,1.0,0.0,0.5,0.5,0.5,2.0,5.0,15.0
earthquake,MPC,3533,0.009140968322753906,4,0.0,1.0,0.0,0.5,0.5,0.5,2.0,5.0,15.0
earthquake,MPC,4125,0.009858131408691406,5,0.2,1.0,0.1667,0.4,0.5,0.4444,3.0,5.0,15.0
earthquake,MPC,3094,0.009112834930419922,4,0.0,1.0,0.0,0.5,0.5,0.5,2.0,5.0,15.0
earthquake,MPC,6398,0.009186506271362305,4,0.0,1.0,0.0,0.5,0.5,0.5,2.0,5.0,15.0
earthquake,NOTEARS-MLP,7816,17.076926946640015,5,0.2,1.0,0.1667,0.4,0.5,0.4444,3.0,0.0,14.0
earthquake,NOTEARS-MLP,3578,18.20410418510437,5,0.2,1.0,0.1667,0.4,0.5,0.4444,3.0,0.0,14.0
earthquake,NOTEARS-MLP,2656,16.61813449859619,5,0.2,1.0,0.1667,0.4,0.5,0.4444,3.0,0.0,14.0
earthquake,NOTEARS-MLP,2688,20.25556516647339,5,0.2,1.0,0.1667,0.4,0.5,0.4444,3.0,0.0,14.0
earthquake,NOTEARS-MLP,2494,21.81799578666687,4,0.5,0.5,0.3333,0.5,0.5,0.5,3.0,5.0,10.0
earthquake,NOTEARS-MLP,183,26.322915077209473,6,0.6667,0.5,0.6667,0.1667,0.25,0.2,5.0,8.0,15.0
earthquake,NOTEARS-MLP,7977,19.805544137954712,5,0.2,1.0,0.1667,0.4,0.5,0.4444,3.0,0.0,14.0
earthquake,NOTEARS-MLP,3199,17.185530424118042,5,0.2,1.0,0.1667,0.4,0.5,0.4444,3.0,0.0,14.0
earthquake,NOTEARS-MLP,316,24.45260214805603,5,0.4,0.75,0.3333,0.4,0.5,0.4444,3.0,5.0,15.0
earthquake,NOTEARS-MLP,8266,21.175790786743164,5,0.2,1.0,0.1667,0.4,0.5,0.4444,3.0,0.0,14.0
earthquake,NOTEARS-MLP,1532,22.05141520500183,5,0.2,1.0,0.1667,0.4,0.5,0.4444,3.0,0.0,14.0
earthquake,NOTEARS-MLP,1009,17.221084594726562,5,0.2,1.0,0.1667,0.4,0.5,0.4444,3.0,0.0,14.0
earthquake,NOTEARS-MLP,2250,21.763089656829834,5,0.4,0.75,0.3333,0.4,0.5,0.4444,3.0,5.0,15.0
earthquake,NOTEARS-MLP,4447,27.281293392181396,5,0.4,0.75,0.3333,0.4,0.5,0.4444,3.0,5.0,15.0
earthquake,NOTEARS-MLP,2415,17.765056371688843,6,0.3333,1.0,0.3333,0.3333,0.5,0.4,4.0,0.0,18.0
earthquake,NOTEARS-MLP,3595,18.52841544151306,5,0.2,1.0,0.1667,0.4,0.5,0.4444,3.0,0.0,14.0
earthquake,NOTEARS-MLP,4187,22.152076482772827,5,0.2,1.0,0.1667,0.4,0.5,0.4444,3.0,0.0,14.0
earthquake,NOTEARS-MLP,4135,25.713579654693604,5,0.4,0.75,0.3333,0.4,0.5,0.4444,3.0,5.0,15.0
earthquake,NOTEARS-MLP,5174,24.466474771499634,5,0.2,1.0,0.1667,0.4,0.5,0.4444,3.0,0.0,14.0
earthquake,NOTEARS-MLP,5303,15.276631116867065,5,0.2,1.0,0.1667,0.4,0.5,0.4444,3.0,0.0,14.0
earthquake,NOTEARS-MLP,3942,26.928784132003784,7,0.5714,0.75,0.6667,0.2857,0.5,0.3636,5.0,4.0,19.0
earthquake,NOTEARS-MLP,2778,21.649426221847534,6,0.6667,0.5,0.6667,0.1667,0.25,0.2,5.0,8.0,15.0
earthquake,NOTEARS-MLP,2804,17.416687726974487,5,0.2,1.0,0.1667,0.4,0.5,0.4444,3.0,0.0,14.0
earthquake,NOTEARS-MLP,2145,27.14387559890747,6,0.6667,0.5,0.6667,0.1667,0.25,0.2,5.0,8.0,15.0
earthquake,NOTEARS-MLP,150,21.663829803466797,6,0.6667,0.5,0.6667,0.1667,0.25,0.2,5.0,8.0,15.0
earthquake,NOTEARS-MLP,8823,20.164096355438232,5,0.2,1.0,0.1667,0.4,0.5,0.4444,3.0,0.0,14.0
earthquake,NOTEARS-MLP,4669,20.76492166519165,5,0.2,1.0,0.1667,0.4,0.5,0.4444,3.0,0.0,14.0
earthquake,NOTEARS-MLP,6131,22.70631718635559,6,0.3333,1.0,0.3333,0.3333,0.5,0.4,4.0,0.0,14.0
earthquake,NOTEARS-MLP,2617,15.41470456123352,5,0.2,1.0,0.1667,0.4,0.5,0.4444,3.0,0.0,14.0
earthquake,NOTEARS-MLP,7166,23.96086287498474,8,0.5,1.0,0.6667,0.25,0.5,0.3333,6.0,0.0,18.0
earthquake,NOTEARS-MLP,1428,22.509238958358765,5,0.2,1.0,0.1667,0.4,0.5,0.4444,3.0,0.0,14.0
earthquake,NOTEARS-MLP,8328,19.979599714279175,5,0.2,1.0,0.1667,0.4,0.5,0.4444,3.0,0.0,14.0
earthquake,NOTEARS-MLP,8289,15.826159477233887,5,0.2,1.0,0.1667,0.4,0.5,0.4444,3.0,0.0,14.0
earthquake,NOTEARS-MLP,5978,26.94518232345581,6,0.3333,1.0,0.3333,0.3333,0.5,0.4,4.0,0.0,18.0
earthquake,NOTEARS-MLP,5511,20.217938661575317,5,0.2,1.0,0.1667,0.4,0.5,0.4444,3.0,0.0,14.0
earthquake,NOTEARS-MLP,5864,23.4419527053833,5,0.4,0.75,0.3333,0.4,0.5,0.4444,3.0,5.0,15.0
earthquake,NOTEARS-MLP,606,23.779441118240356,4,0.5,0.5,0.3333,0.5,0.5,0.5,3.0,5.0,10.0
earthquake,NOTEARS-MLP,1933,22.88029670715332,6,0.3333,1.0,0.3333,0.3333,0.5,0.4,4.0,0.0,14.0
earthquake,NOTEARS-MLP,6071,24.673069953918457,5,0.4,0.75,0.3333,0.4,0.5,0.4444,3.0,5.0,15.0
earthquake,NOTEARS-MLP,5504,18.35488486289978,7,0.5714,0.75,0.6667,0.2857,0.5,0.3636,5.0,4.0,19.0
earthquake,NOTEARS-MLP,5163,18.940394639968872,5,0.2,1.0,0.1667,0.4,0.5,0.4444,3.0,0.0,14.0
earthquake,NOTEARS-MLP,2406,19.76925015449524,5,0.4,0.75,0.3333,0.4,0.5,0.4444,3.0,5.0,15.0
earthquake,NOTEARS-MLP,304,25.7039897441864,5,0.6,0.5,0.5,0.4,0.5,0.4444,4.0,9.0,14.0
earthquake,NOTEARS-MLP,3391,15.247844457626343,5,0.2,1.0,0.1667,0.4,0.5,0.4444,3.0,0.0,14.0
earthquake,NOTEARS-MLP,359,25.03118586540222,6,0.3333,1.0,0.3333,0.3333,0.5,0.4,4.0,0.0,18.0
earthquake,NOTEARS-MLP,9096,16.570748805999756,5,0.2,1.0,0.1667,0.4,0.5,0.4444,3.0,0.0,14.0
earthquake,NOTEARS-MLP,3533,19.712738275527954,5,0.2,1.0,0.1667,0.4,0.5,0.4444,3.0,0.0,14.0
earthquake,NOTEARS-MLP,4125,22.489704608917236,5,0.2,1.0,0.1667,0.4,0.5,0.4444,3.0,0.0,14.0
earthquake,NOTEARS-MLP,3094,19.937975645065308,5,0.2,1.0,0.1667,0.4,0.5,0.4444,3.0,0.0,14.0
earthquake,NOTEARS-MLP,6398,21.44763684272766,6,0.3333,1.0,0.3333,0.3333,0.5,0.4,4.0,0.0,18.0
survey,Random,7816,0.00019431114196777344,6,0.6667,0.3333,0.4444,0.3333,0.3333,0.3333,6.0,19.0,19.0
survey,Random,3578,0.00019860267639160156,6,0.8333,0.1667,0.5556,0.1667,0.1667,0.1667,11.0,11.0,22.0
survey,Random,2656,0.00019311904907226562,6,0.6667,0.3333,0.4444,0.1667,0.1667,0.1667,10.0,13.0,24.0
survey,Random,2688,0.00018787384033203125,6,0.8333,0.1667,0.5556,0.1667,0.1667,0.1667,9.0,19.0,19.0
survey,Random,2494,0.00018930435180664062,6,0.6667,0.3333,0.4444,0.3333,0.3333,0.3333,8.0,17.0,23.0
survey,Random,183,0.00018835067749023438,6,0.6667,0.3333,0.4444,0.1667,0.1667,0.1667,10.0,12.0,24.0
survey,Random,7977,0.00019693374633789062,6,0.8333,0.1667,0.5556,0.1667,0.1667,0.1667,9.0,23.0,30.0
survey,Random,3199,0.0001995563507080078,6,1.0,0.0,0.6667,0.0,0.0,,10.0,24.0,24.0
survey,Random,316,0.00018787384033203125,6,0.6667,0.3333,0.4444,0.3333,0.3333,0.3333,8.0,15.0,28.0
survey,Random,8266,0.0001876354217529297,6,0.6667,0.3333,0.4444,0.3333,0.3333,0.3333,9.0,15.0,20.0
survey,Random,1532,0.0001895427703857422,6,0.6667,0.3333,0.4444,0.1667,0.1667,0.1667,10.0,10.0,16.0
survey,Random,1009,0.00018906593322753906,6,0.5,0.5,0.3333,0.5,0.5,0.5,6.0,11.0,23.0
survey,Random,2250,0.00019216537475585938,6,0.8333,0.1667,0.5556,0.1667,0.1667,0.1667,11.0,14.0,22.0
survey,Random,4447,0.00019860267639160156,6,0.5,0.5,0.3333,0.3333,0.3333,0.3333,7.0,8.0,25.0
survey,Random,2415,0.00019240379333496094,6,0.6667,0.3333,0.4444,0.3333,0.3333,0.3333,8.0,9.0,22.0
survey,Random,3595,0.00019359588623046875,6,1.0,0.0,0.6667,0.0,0.0,,11.0,17.0,23.0
survey,Random,4187,0.00019049644470214844,6,0.6667,0.3333,0.4444,0.3333,0.3333,0.3333,9.0,14.0,28.0
survey,Random,4135,0.00019240379333496094,6,0.6667,0.3333,0.4444,0.3333,0.3333,0.3333,6.0,14.0,20.0
survey,Random,5174,0.0002040863037109375,6,0.6667,0.3333,0.4444,0.3333,0.3333,0.3333,8.0,13.0,26.0
survey,Random,5303,0.00020003318786621094,6,1.0,0.0,0.6667,0.0,0.0,,11.0,18.0,30.0
survey,Random,3942,0.00019407272338867188,6,0.6667,0.3333,0.4444,0.3333,0.3333,0.3333,9.0,10.0,18.0
survey,Random,2778,0.00019073486328125,6,0.5,0.5,0.3333,0.5,0.5,0.5,7.0,12.0,18.0
survey,Random,2804,0.0001914501190185547,6,0.6667,0.3333,0.4444,0.3333,0.3333,0.3333,8.0,13.0,30.0
survey,Random,2145,0.00019502639770507812,6,0.8333,0.1667,0.5556,0.1667,0.1667,0.1667,11.0,8.0,15.0
survey,Random,150,0.00018405914306640625,6,0.8333,0.1667,0.5556,0.0,0.0,,10.0,13.0,19.0
survey,Random,8823,0.00018739700317382812,6,0.8333,0.1667,0.5556,0.1667,0.1667,0.1667,11.0,8.0,20.0
survey,Random,4669,0.0001850128173828125,6,0.6667,0.3333,0.4444,0.3333,0.3333,0.3333,9.0,10.0,18.0
survey,Random,6131,0.0001957416534423828,6,0.8333,0.1667,0.5556,0.1667,0.1667,0.1667,9.0,15.0,23.0
survey,Random,2617,0.00020074844360351562,6,0.6667,0.3333,0.4444,0.3333,0.3333,0.3333,9.0,14.0,27.0
survey,Random,7166,0.00020241737365722656,6,0.5,0.5,0.3333,0.3333,0.3333,0.3333,8.0,14.0,28.0
survey,Random,1428,0.00019693374633789062,6,0.8333,0.1667,0.5556,0.1667,0.1667,0.1667,10.0,13.0,19.0
survey,Random,8328,0.00019884109497070312,6,0.8333,0.1667,0.5556,0.1667,0.1667,0.1667,10.0,18.0,27.0
survey,Random,8289,0.00019407272338867188,6,0.5,0.5,0.3333,0.5,0.5,0.5,7.0,14.0,23.0
survey,Random,5978,0.00019359588623046875,6,0.3333,0.6667,0.2222,0.5,0.5,0.5,6.0,7.0,25.0
survey,Random,5511,0.0002028942108154297,6,0.6667,0.3333,0.4444,0.3333,0.3333,0.3333,8.0,15.0,22.0
survey,Random,5864,0.00020051002502441406,6,0.6667,0.3333,0.4444,0.1667,0.1667,0.1667,10.0,16.0,30.0
survey,Random,606,0.0001957416534423828,6,0.6667,0.3333,0.4444,0.3333,0.3333,0.3333,9.0,17.0,29.0
survey,Random,1933,0.00018906593322753906,6,0.6667,0.3333,0.4444,0.3333,0.3333,0.3333,7.0,13.0,19.0
survey,Random,6071,0.00019502639770507812,6,0.6667,0.3333,0.4444,0.1667,0.1667,0.1667,9.0,10.0,16.0
survey,Random,5504,0.00019025802612304688,6,0.6667,0.3333,0.4444,0.3333,0.3333,0.3333,8.0,7.0,25.0
survey,Random,5163,0.00019478797912597656,6,0.6667,0.3333,0.4444,0.3333,0.3333,0.3333,9.0,13.0,26.0
survey,Random,2406,0.0002048015594482422,6,0.5,0.5,0.3333,0.5,0.5,0.5,5.0,13.0,13.0
survey,Random,304,0.00020003318786621094,6,0.5,0.5,0.3333,0.3333,0.3333,0.3333,7.0,8.0,21.0
survey,Random,3391,0.00020933151245117188,6,0.5,0.5,0.3333,0.5,0.5,0.5,7.0,15.0,22.0
survey,Random,359,0.00020384788513183594,6,0.6667,0.3333,0.4444,0.3333,0.3333,0.3333,7.0,16.0,16.0
survey,Random,9096,0.00019860267639160156,6,0.5,0.5,0.3333,0.5,0.5,0.5,6.0,6.0,19.0
survey,Random,3533,0.00019049644470214844,6,0.8333,0.1667,0.5556,0.1667,0.1667,0.1667,10.0,18.0,26.0
survey,Random,4125,0.00020599365234375,6,0.6667,0.3333,0.4444,0.3333,0.3333,0.3333,10.0,8.0,21.0
survey,Random,3094,0.0001957416534423828,6,0.3333,0.6667,0.2222,0.5,0.5,0.5,5.0,4.0,17.0
survey,Random,6398,0.000202178955078125,6,0.5,0.5,0.3333,0.5,0.5,0.5,7.0,12.0,18.0
survey,MPC,7816,0.007788658142089844,4,0.25,0.5,0.1111,0.75,0.5,0.6,5.0,11.0,19.0
survey,MPC,3578,0.005666971206665039,3,0.0,0.5,0.0,1.0,0.5,0.6667,4.0,6.0,14.0
survey,MPC,2656,0.008240938186645508,5,0.0,0.8333,0.0,0.8,0.6667,0.7273,4.0,1.0,25.0
survey,MPC,2688,0.008076190948486328,5,0.0,0.8333,0.0,0.8,0.6667,0.7273,4.0,1.0,25.0
survey,MPC,2494,0.005118608474731445,3,0.0,0.5,0.0,1.0,0.5,0.6667,4.0,6.0,14.0
survey,MPC,183,0.0051767826080322266,3,0.0,0.5,0.0,1.0,0.5,0.6667,4.0,6.0,14.0
survey,MPC,7977,0.005244255065917969,3,0.0,0.5,0.0,1.0,0.5,0.6667,4.0,6.0,14.0
survey,MPC,3199,0.007200002670288086,4,0.0,0.6667,0.0,0.75,0.5,0.6,4.0,5.0,19.0
survey,MPC,316,0.0077402591705322266,4,0.0,0.6667,0.0,0.75,0.5,0.6,4.0,5.0,19.0
survey,MPC,8266,0.006654262542724609,4,0.0,0.6667,0.0,1.0,0.6667,0.8,4.0,2.0,20.0
survey,MPC,1532,0.007196187973022461,4,0.0,0.6667,0.0,0.75,0.5,0.6,4.0,5.0,19.0
survey,MPC,1009,0.005653858184814453,4,0.0,0.6667,0.0,0.75,0.5,0.6,5.0,15.0,29.0
survey,MPC,2250,0.006048679351806641,4,0.0,0.6667,0.0,0.75,0.5,0.6,5.0,10.0,24.0
survey,MPC,4447,0.005873441696166992,4,0.0,0.6667,0.0,1.0,0.6667,0.8,4.0,2.0,20.0
survey,MPC,2415,0.00714874267578125,4,0.0,0.6667,0.0,0.75,0.5,0.6,4.0,5.0,19.0
survey,MPC,3595,0.005120277404785156,3,0.0,0.5,0.0,1.0,0.5,0.6667,4.0,6.0,14.0
survey,MPC,4187,0.005034446716308594,3,0.0,0.5,0.0,0.6667,0.3333,0.4444,5.0,10.0,24.0
survey,MPC,4135,0.007119655609130859,4,0.0,0.6667,0.0,0.75,0.5,0.6,4.0,5.0,19.0
survey,MPC,5174,0.007122039794921875,4,0.0,0.6667,0.0,0.75,0.5,0.6,4.0,5.0,19.0
survey,MPC,5303,0.005121707916259766,3,0.0,0.5,0.0,1.0,0.5,0.6667,5.0,11.0,19.0
survey,MPC,3942,0.008011102676391602,5,0.0,0.8333,0.0,0.8,0.6667,0.7273,4.0,1.0,25.0
survey,MPC,2778,0.005213737487792969,3,0.0,0.5,0.0,1.0,0.5,0.6667,4.0,6.0,14.0
survey,MPC,2804,0.0051844120025634766,3,0.0,0.5,0.0,1.0,0.5,0.6667,4.0,6.0,14.0
survey,MPC,2145,0.005896091461181641,4,0.0,0.6667,0.0,1.0,0.6667,0.8,4.0,2.0,20.0
survey,MPC,150,0.0071964263916015625,4,0.0,0.6667,0.0,0.75,0.5,0.6,4.0,5.0,19.0
survey,MPC,8823,0.008182048797607422,5,0.0,0.8333,0.0,0.8,0.6667,0.7273,4.0,1.0,25.0
survey,MPC,4669,0.007193326950073242,4,0.0,0.6667,0.0,0.75,0.5,0.6,4.0,5.0,19.0
survey,MPC,6131,0.007158041000366211,4,0.25,0.5,0.1111,0.75,0.5,0.6,5.0,11.0,19.0
survey,MPC,2617,0.009955167770385742,6,0.1667,0.8333,0.1111,0.6667,0.6667,0.6667,5.0,1.0,25.0
survey,MPC,7166,0.005203723907470703,3,0.0,0.5,0.0,1.0,0.5,0.6667,4.0,6.0,14.0
survey,MPC,1428,0.007123231887817383,4,0.0,0.6667,0.0,0.75,0.5,0.6,4.0,5.0,19.0
survey,MPC,8328,0.012367010116577148,6,0.1667,0.8333,0.1111,0.6667,0.6667,0.6667,5.0,3.0,30.0
survey,MPC,8289,0.007074117660522461,4,0.0,0.6667,0.0,0.75,0.5,0.6,4.0,5.0,19.0
survey,MPC,5978,0.0070383548736572266,4,0.0,0.6667,0.0,0.75,0.5,0.6,4.0,5.0,19.0
survey,MPC,5511,0.005993843078613281,4,0.0,0.6667,0.0,0.75,0.5,0.6,5.0,10.0,24.0
survey,MPC,5864,0.005769252777099609,4,0.0,0.6667,0.0,1.0,0.6667,0.8,4.0,2.0,20.0
survey,MPC,606,0.00872349739074707,5,0.2,0.6667,0.1111,0.6,0.5,0.5455,5.0,5.0,19.0
survey,MPC,1933,0.008180379867553711,5,0.0,0.8333,0.0,0.8,0.6667,0.7273,4.0,1.0,25.0
survey,MPC,6071,0.007141828536987305,4,0.0,0.6667,0.0,0.75,0.5,0.6,4.0,5.0,19.0
survey,MPC,5504,0.005206584930419922,3,0.0,0.5,0.0,1.0,0.5,0.6667,4.0,6.0,14.0
survey,MPC,5163,0.008160829544067383,5,0.0,0.8333,0.0,0.8,0.6667,0.7273,4.0,1.0,25.0
survey,MPC,2406,0.006107330322265625,4,0.0,0.6667,0.0,0.75,0.5,0.6,5.0,10.0,24.0
survey,MPC,304,0.005213499069213867,3,0.0,0.5,0.0,1.0,0.5,0.6667,4.0,6.0,14.0
survey,MPC,3391,0.0051953792572021484,3,0.0,0.5,0.0,1.0,0.5,0.6667,5.0,11.0,19.0
survey,MPC,359,0.008936882019042969,5,0.0,0.8333,0.0,0.8,0.6667,0.7273,4.0,1.0,25.0
survey,MPC,9096,0.008603811264038086,5,0.0,0.8333,0.0,0.8,0.6667,0.7273,4.0,1.0,25.0
survey,MPC,3533,0.007610797882080078,4,0.0,0.6667,0.0,0.75,0.5,0.6,4.0,5.0,19.0
survey,MPC,4125,0.008126020431518555,5,0.0,0.8333,0.0,0.8,0.6667,0.7273,4.0,1.0,25.0
survey,MPC,3094,0.008073568344116211,5,0.0,0.8333,0.0,0.8,0.6667,0.7273,4.0,1.0,25.0
survey,MPC,6398,0.005113363265991211,3,0.0,0.5,0.0,1.0,0.5,0.6667,4.0,6.0,14.0
survey,NOTEARS-MLP,7816,0.876422643661499,1,0.0,0.1667,0.0,1.0,0.1667,0.2857,6.0,16.0,17.0
survey,NOTEARS-MLP,3578,1.175853967666626,1,0.0,0.1667,0.0,1.0,0.1667,0.2857,6.0,16.0,17.0
survey,NOTEARS-MLP,2656,1.3125948905944824,0,0.0,0.0,0.0,,0.0,,6.0,17.0,17.0
survey,NOTEARS-MLP,2688,0.9109344482421875,0,0.0,0.0,0.0,,0.0,,6.0,17.0,17.0
survey,NOTEARS-MLP,2494,0.6244416236877441,0,0.0,0.0,0.0,,0.0,,6.0,17.0,17.0
survey,NOTEARS-MLP,183,0.5817811489105225,0,0.0,0.0,0.0,,0.0,,6.0,17.0,17.0
survey,NOTEARS-MLP,7977,1.3519325256347656,1,0.0,0.1667,0.0,1.0,0.1667,0.2857,6.0,16.0,17.0
survey,NOTEARS-MLP,3199,1.3649706840515137,0,0.0,0.0,0.0,,0.0,,6.0,17.0,17.0
survey,NOTEARS-MLP,316,2.4849977493286133,1,0.0,0.1667,0.0,1.0,0.1667,0.2857,6.0,16.0,17.0
survey,NOTEARS-MLP,8266,0.7498133182525635,0,0.0,0.0,0.0,,0.0,,6.0,17.0,17.0
survey,NOTEARS-MLP,1532,0.6832706928253174,0,0.0,0.0,0.0,,0.0,,6.0,17.0,17.0
survey,NOTEARS-MLP,1009,0.8075876235961914,0,0.0,0.0,0.0,,0.0,,6.0,17.0,17.0
survey,NOTEARS-MLP,2250,0.6807518005371094,0,0.0,0.0,0.0,,0.0,,6.0,17.0,17.0
survey,NOTEARS-MLP,4447,1.6014928817749023,0,0.0,0.0,0.0,,0.0,,6.0,17.0,17.0
survey,NOTEARS-MLP,2415,0.7583198547363281,0,0.0,0.0,0.0,,0.0,,6.0,17.0,17.0
survey,NOTEARS-MLP,3595,0.7506635189056396,0,0.0,0.0,0.0,,0.0,,6.0,17.0,17.0
survey,NOTEARS-MLP,4187,0.659062385559082,0,0.0,0.0,0.0,,0.0,,6.0,17.0,17.0
survey,NOTEARS-MLP,4135,1.4927351474761963,1,0.0,0.1667,0.0,1.0,0.1667,0.2857,6.0,16.0,17.0
survey,NOTEARS-MLP,5174,0.6531031131744385,0,0.0,0.0,0.0,,0.0,,6.0,17.0,17.0
survey,NOTEARS-MLP,5303,0.6485273838043213,0,0.0,0.0,0.0,,0.0,,6.0,17.0,17.0
survey,NOTEARS-MLP,3942,1.0144240856170654,1,0.0,0.1667,0.0,1.0,0.1667,0.2857,6.0,16.0,17.0
survey,NOTEARS-MLP,2778,0.5855958461761475,0,0.0,0.0,0.0,,0.0,,6.0,17.0,17.0
survey,NOTEARS-MLP,2804,0.544264554977417,0,0.0,0.0,0.0,,0.0,,6.0,17.0,17.0
survey,NOTEARS-MLP,2145,0.9737012386322021,1,0.0,0.1667,0.0,1.0,0.1667,0.2857,6.0,16.0,17.0
survey,NOTEARS-MLP,150,3.5262866020202637,1,0.0,0.1667,0.0,1.0,0.1667,0.2857,6.0,16.0,17.0
survey,NOTEARS-MLP,8823,2.843438148498535,1,0.0,0.1667,0.0,1.0,0.1667,0.2857,6.0,16.0,17.0
survey,NOTEARS-MLP,4669,1.7420804500579834,1,0.0,0.1667,0.0,1.0,0.1667,0.2857,6.0,16.0,17.0
survey,NOTEARS-MLP,6131,2.852008819580078,1,0.0,0.1667,0.0,1.0,0.1667,0.2857,6.0,16.0,17.0
survey,NOTEARS-MLP,2617,0.7926180362701416,0,0.0,0.0,0.0,,0.0,,6.0,17.0,17.0
survey,NOTEARS-MLP,7166,1.543138027191162,1,0.0,0.1667,0.0,1.0,0.1667,0.2857,6.0,16.0,17.0
survey,NOTEARS-MLP,1428,0.8316662311553955,0,0.0,0.0,0.0,,0.0,,6.0,17.0,17.0
survey,NOTEARS-MLP,8328,1.156033992767334,0,0.0,0.0,0.0,,0.0,,6.0,17.0,17.0
survey,NOTEARS-MLP,8289,0.9421014785766602,0,0.0,0.0,0.0,,0.0,,6.0,17.0,17.0
survey,NOTEARS-MLP,5978,1.2911784648895264,0,0.0,0.0,0.0,,0.0,,6.0,17.0,17.0
survey,NOTEARS-MLP,5511,0.628995418548584,0,0.0,0.0,0.0,,0.0,,6.0,17.0,17.0
survey,NOTEARS-MLP,5864,0.6479058265686035,0,0.0,0.0,0.0,,0.0,,6.0,17.0,17.0
survey,NOTEARS-MLP,606,0.8942370414733887,0,0.0,0.0,0.0,,0.0,,6.0,17.0,17.0
survey,NOTEARS-MLP,1933,0.6457405090332031,0,0.0,0.0,0.0,,0.0,,6.0,17.0,17.0
survey,NOTEARS-MLP,6071,1.3698177337646484,1,0.0,0.1667,0.0,1.0,0.1667,0.2857,6.0,16.0,17.0
survey,NOTEARS-MLP,5504,1.1735336780548096,1,0.0,0.1667,0.0,1.0,0.1667,0.2857,6.0,16.0,17.0
survey,NOTEARS-MLP,5163,0.7528543472290039,0,0.0,0.0,0.0,,0.0,,6.0,17.0,17.0
survey,NOTEARS-MLP,2406,0.6366353034973145,0,0.0,0.0,0.0,,0.0,,6.0,17.0,17.0
survey,NOTEARS-MLP,304,2.9892990589141846,1,0.0,0.1667,0.0,1.0,0.1667,0.2857,6.0,16.0,17.0
survey,NOTEARS-MLP,3391,0.5719883441925049,0,0.0,0.0,0.0,,0.0,,6.0,17.0,17.0
survey,NOTEARS-MLP,359,1.206878423690796,1,0.0,0.1667,0.0,1.0,0.1667,0.2857,6.0,16.0,17.0
survey,NOTEARS-MLP,9096,0.6632142066955566,0,0.0,0.0,0.0,,0.0,,6.0,17.0,17.0
survey,NOTEARS-MLP,3533,0.7153339385986328,0,0.0,0.0,0.0,,0.0,,6.0,17.0,17.0
survey,NOTEARS-MLP,4125,1.1650428771972656,0,0.0,0.0,0.0,,0.0,,6.0,17.0,17.0
survey,NOTEARS-MLP,3094,0.6184754371643066,0,0.0,0.0,0.0,,0.0,,6.0,17.0,17.0
survey,NOTEARS-MLP,6398,0.6755862236022949,0,0.0,0.0,0.0,,0.0,,6.0,17.0,17.0
asia,Random,7816,0.0002484321594238281,8,0.625,0.375,0.25,0.125,0.125,0.125,10.0,20.0,41.0
asia,Random,3578,0.00022983551025390625,8,0.75,0.25,0.3,0.125,0.125,0.125,13.0,32.0,40.0
asia,Random,2656,0.0002415180206298828,8,1.0,0.0,0.4,0.0,0.0,,15.0,28.0,36.0
asia,Random,2688,0.0002415180206298828,8,0.75,0.25,0.3,0.25,0.25,0.25,14.0,16.0,40.0
asia,Random,2494,0.00021958351135253906,8,0.625,0.375,0.25,0.125,0.125,0.125,10.0,16.0,38.0
asia,Random,183,0.00023603439331054688,8,0.75,0.25,0.3,0.125,0.125,0.125,12.0,23.0,36.0
asia,Random,7977,0.00018739700317382812,8,0.75,0.25,0.3,0.125,0.125,0.125,13.0,25.0,33.0
asia,Random,3199,0.00018739700317382812,8,0.875,0.125,0.35,0.125,0.125,0.125,13.0,38.0,46.0
asia,Random,316,0.00018739700317382812,8,0.875,0.125,0.35,0.125,0.125,0.125,14.0,29.0,39.0
asia,Random,8266,0.0001895427703857422,8,0.75,0.25,0.3,0.0,0.0,,13.0,34.0,51.0
asia,Random,1532,0.00024580955505371094,8,0.75,0.25,0.3,0.125,0.125,0.125,13.0,30.0,40.0
asia,Random,1009,0.00024771690368652344,8,1.0,0.0,0.4,0.0,0.0,,16.0,18.0,34.0
asia,Random,2250,0.00024127960205078125,8,0.625,0.375,0.25,0.25,0.25,0.25,12.0,16.0,32.0
asia,Random,4447,0.00026106834411621094,8,0.75,0.25,0.3,0.25,0.25,0.25,12.0,31.0,39.0
asia,Random,2415,0.0002455711364746094,8,0.75,0.25,0.3,0.0,0.0,,12.0,23.0,37.0
asia,Random,3595,0.0002567768096923828,8,0.75,0.25,0.3,0.0,0.0,,12.0,31.0,48.0
asia,Random,4187,0.00026226043701171875,8,0.75,0.25,0.3,0.125,0.125,0.125,12.0,27.0,35.0
asia,Random,4135,0.0002396106719970703,8,0.875,0.125,0.35,0.0,0.0,,15.0,27.0,37.0
asia,Random,5174,0.00019931793212890625,8,0.875,0.125,0.35,0.125,0.125,0.125,13.0,30.0,38.0
asia,Random,5303,0.00018525123596191406,8,0.75,0.25,0.3,0.25,0.25,0.25,13.0,33.0,42.0
asia,Random,3942,0.00019168853759765625,8,0.5,0.5,0.2,0.25,0.25,0.25,10.0,23.0,39.0
asia,Random,2778,0.00019741058349609375,8,0.75,0.25,0.3,0.25,0.25,0.25,12.0,21.0,29.0
asia,Random,2804,0.0002620220184326172,8,0.875,0.125,0.35,0.125,0.125,0.125,14.0,26.0,43.0
asia,Random,2145,0.0002636909484863281,8,0.75,0.25,0.3,0.125,0.125,0.125,12.0,15.0,32.0
asia,Random,150,0.00028014183044433594,8,0.875,0.125,0.35,0.0,0.0,,12.0,27.0,47.0
asia,Random,8823,0.00026869773864746094,8,0.875,0.125,0.35,0.0,0.0,,13.0,22.0,39.0
asia,Random,4669,0.00024771690368652344,8,0.875,0.125,0.35,0.125,0.125,0.125,13.0,19.0,19.0
asia,Random,6131,0.0003917217254638672,8,0.75,0.25,0.3,0.25,0.25,0.25,11.0,22.0,34.0
asia,Random,2617,0.0003597736358642578,8,1.0,0.0,0.4,0.0,0.0,,16.0,28.0,29.0
asia,Random,7166,0.0002837181091308594,8,1.0,0.0,0.4,0.0,0.0,,15.0,29.0,40.0
asia,Random,1428,0.0004451274871826172,8,0.875,0.125,0.35,0.125,0.125,0.125,14.0,33.0,41.0
asia,Random,8328,0.0002646446228027344,8,0.75,0.25,0.3,0.125,0.125,0.125,12.0,36.0,52.0
asia,Random,8289,0.0002562999725341797,8,1.0,0.0,0.4,0.0,0.0,,15.0,36.0,38.0
asia,Random,5978,0.00023627281188964844,8,0.75,0.25,0.3,0.25,0.25,0.25,13.0,21.0,35.0
asia,Random,5511,0.0001888275146484375,8,0.875,0.125,0.35,0.125,0.125,0.125,14.0,25.0,32.0
asia,Random,5864,0.0001914501190185547,8,0.75,0.25,0.3,0.25,0.25,0.25,12.0,18.0,37.0
asia,Random,606,0.00018739700317382812,8,0.75,0.25,0.3,0.25,0.25,0.25,14.0,22.0,28.0
asia,Random,1933,0.0001862049102783203,8,0.75,0.25,0.3,0.125,0.125,0.125,14.0,18.0,38.0
asia,Random,6071,0.00023317337036132812,8,0.625,0.375,0.25,0.25,0.25,0.25,12.0,15.0,35.0
asia,Random,5504,0.0002372264862060547,8,1.0,0.0,0.4,0.0,0.0,,16.0,23.0,34.0
asia,Random,5163,0.0002338886260986328,8,0.875,0.125,0.35,0.125,0.125,0.125,13.0,38.0,38.0
asia,Random,2406,0.00023293495178222656,8,0.75,0.25,0.3,0.125,0.125,0.125,12.0,16.0,30.0
asia,Random,304,0.00023865699768066406,8,1.0,0.0,0.4,0.0,0.0,,14.0,22.0,32.0
asia,Random,3391,0.0002288818359375,8,0.375,0.625,0.15,0.125,0.125,0.125,8.0,10.0,35.0
asia,Random,359,0.00024271011352539062,8,0.875,0.125,0.35,0.125,0.125,0.125,14.0,29.0,31.0
asia,Random,9096,0.00023102760314941406,8,0.75,0.25,0.3,0.125,0.125,0.125,13.0,27.0,44.0
asia,Random,3533,0.00023698806762695312,8,0.875,0.125,0.35,0.0,0.0,,14.0,35.0,43.0
asia,Random,4125,0.0002243518829345703,8,0.875,0.125,0.35,0.125,0.125,0.125,15.0,21.0,29.0
asia,Random,3094,0.00019598007202148438,8,1.0,0.0,0.4,0.0,0.0,,16.0,32.0,41.0
asia,Random,6398,0.00019049644470214844,8,0.5,0.5,0.2,0.0,0.0,,10.0,13.0,36.0
asia,MPC,7816,0.021327733993530273,7,0.0,0.875,0.0,0.4286,0.375,0.4,4.0,19.0,42.0
asia,MPC,3578,0.020830154418945312,6,0.0,0.75,0.0,0.3333,0.25,0.2857,5.0,15.0,38.0
asia,MPC,2656,0.02641892433166504,8,0.0,1.0,0.0,0.375,0.375,0.375,4.0,0.0,51.0
asia,MPC,2688,0.020813703536987305,6,0.0,0.75,0.0,0.3333,0.25,0.2857,5.0,15.0,38.0
asia,MPC,2494,0.026529312133789062,6,0.0,0.75,0.0,0.3333,0.25,0.2857,5.0,15.0,38.0
asia,MPC,183,0.02485370635986328,7,0.0,0.875,0.0,0.2857,0.25,0.2667,5.0,1.0,47.0
asia,MPC,7977,0.022845029830932617,7,0.0,0.875,0.0,0.4286,0.375,0.4,4.0,19.0,42.0
asia,MPC,3199,0.02288198471069336,5,0.0,0.625,0.0,0.2,0.125,0.1538,6.0,22.0,37.0
asia,MPC,316,0.019939422607421875,5,0.0,0.625,0.0,0.2,0.125,0.1538,6.0,22.0,37.0
asia,MPC,8266,0.022642135620117188,7,0.0,0.875,0.0,0.4286,0.375,0.4,4.0,19.0,42.0
asia,MPC,1532,0.01996922492980957,6,0.0,0.75,0.0,0.3333,0.25,0.2857,5.0,15.0,38.0
asia,MPC,1009,0.02003931999206543,6,0.0,0.75,0.0,0.3333,0.25,0.2857,5.0,15.0,38.0
asia,MPC,2250,0.022856712341308594,7,0.0,0.875,0.0,0.4286,0.375,0.4,4.0,19.0,42.0
asia,MPC,4447,0.025386810302734375,7,0.0,0.875,0.0,0.2857,0.25,0.2667,5.0,1.0,47.0
asia,MPC,2415,0.02123236656188965,6,0.0,0.75,0.0,0.3333,0.25,0.2857,5.0,15.0,38.0
asia,MPC,3595,0.02321028709411621,7,0.0,0.875,0.0,0.4286,0.375,0.4,4.0,19.0,42.0
asia,MPC,4187,0.022547006607055664,7,0.0,0.875,0.0,0.4286,0.375,0.4,4.0,19.0,42.0
asia,MPC,4135,0.02344512939453125,7,0.0,0.875,0.0,0.4286,0.375,0.4,4.0,19.0,42.0
asia,MPC,5174,0.027593612670898438,8,0.0,1.0,0.0,0.375,0.375,0.375,4.0,0.0,51.0
asia,MPC,5303,0.022192955017089844,6,0.0,0.75,0.0,0.3333,0.25,0.2857,5.0,15.0,38.0
asia,MPC,3942,0.023635387420654297,7,0.0,0.875,0.0,0.4286,0.375,0.4,4.0,19.0,42.0
asia,MPC,2778,0.023532867431640625,7,0.0,0.875,0.0,0.4286,0.375,0.4,4.0,19.0,42.0
asia,MPC,2804,0.022005319595336914,6,0.0,0.75,0.0,0.3333,0.25,0.2857,5.0,15.0,38.0
asia,MPC,2145,0.024810791015625,7,0.0,0.875,0.0,0.4286,0.375,0.4,4.0,19.0,42.0
asia,MPC,150,0.024745941162109375,7,0.0,0.875,0.0,0.4286,0.375,0.4,4.0,19.0,42.0
asia,MPC,8823,0.021399497985839844,6,0.0,0.75,0.0,0.3333,0.25,0.2857,5.0,15.0,38.0
asia,MPC,4669,0.022678136825561523,7,0.0,0.875,0.0,0.4286,0.375,0.4,4.0,19.0,42.0
asia,MPC,6131,0.0200808048248291,6,0.0,0.75,0.0,0.3333,0.25,0.2857,5.0,15.0,38.0
asia,MPC,2617,0.02064967155456543,6,0.0,0.75,0.0,0.3333,0.25,0.2857,5.0,15.0,38.0
asia,MPC,7166,0.023365259170532227,7,0.0,0.875,0.0,0.4286,0.375,0.4,4.0,19.0,42.0
asia,MPC,1428,0.02066826820373535,6,0.0,0.75,0.0,0.3333,0.25,0.2857,5.0,15.0,38.0
asia,MPC,8328,0.020090579986572266,6,0.0,0.75,0.0,0.3333,0.25,0.2857,5.0,15.0,38.0
asia,MPC,8289,0.022774457931518555,7,0.0,0.875,0.0,0.4286,0.375,0.4,4.0,19.0,42.0
asia,MPC,5978,0.022783994674682617,7,0.0,0.875,0.0,0.2857,0.25,0.2667,5.0,1.0,47.0
asia,MPC,5511,0.024239301681518555,7,0.0,0.875,0.0,0.4286,0.375,0.4,4.0,19.0,42.0
asia,MPC,5864,0.025152206420898438,7,0.0,0.875,0.0,0.4286,0.375,0.4,4.0,19.0,42.0
asia,MPC,606,0.026042938232421875,8,0.125,0.875,0.05,0.375,0.375,0.375,5.0,6.0,53.0
asia,MPC,1933,0.023372173309326172,7,0.0,0.875,0.0,0.4286,0.375,0.4,4.0,19.0,42.0
asia,MPC,6071,0.02346205711364746,7,0.0,0.875,0.0,0.4286,0.375,0.4,4.0,19.0,42.0
asia,MPC,5504,0.02106022834777832,6,0.0,0.75,0.0,0.3333,0.25,0.2857,5.0,15.0,38.0
asia,MPC,5163,0.020699262619018555,6,0.0,0.75,0.0,0.3333,0.25,0.2857,5.0,15.0,38.0
asia,MPC,2406,0.020508527755737305,6,0.0,0.75,0.0,0.3333,0.25,0.2857,5.0,15.0,38.0
asia,MPC,304,0.026005983352661133,8,0.25,0.75,0.1,0.25,0.25,0.25,7.0,14.0,43.0
asia,MPC,3391,0.019958972930908203,6,0.0,0.75,0.0,0.3333,0.25,0.2857,5.0,15.0,38.0
asia,MPC,359,0.020560026168823242,6,0.0,0.75,0.0,0.3333,0.25,0.2857,5.0,15.0,38.0
asia,MPC,9096,0.022637367248535156,7,0.0,0.875,0.0,0.4286,0.375,0.4,4.0,19.0,42.0
asia,MPC,3533,0.020251035690307617,6,0.0,0.75,0.0,0.3333,0.25,0.2857,5.0,15.0,38.0
asia,MPC,4125,0.018967866897583008,6,0.0,0.75,0.0,0.3333,0.25,0.2857,5.0,15.0,38.0
asia,MPC,3094,0.023037433624267578,7,0.0,0.875,0.0,0.4286,0.375,0.4,4.0,19.0,42.0
asia,MPC,6398,0.02046942710876465,6,0.0,0.75,0.0,0.3333,0.25,0.2857,5.0,15.0,38.0
asia,NOTEARS-MLP,7816,71.04305338859558,9,0.4444,0.625,0.2,0.2222,0.25,0.2353,9.0,21.0,42.0
asia,NOTEARS-MLP,3578,68.83847117424011,8,0.375,0.625,0.15,0.25,0.25,0.25,8.0,21.0,43.0
asia,NOTEARS-MLP,2656,64.18346071243286,9,0.4444,0.625,0.2,0.2222,0.25,0.2353,9.0,21.0,42.0
asia,NOTEARS-MLP,2688,53.32506346702576,9,0.4444,0.625,0.2,0.2222,0.25,0.2353,9.0,21.0,42.0
asia,NOTEARS-MLP,2494,59.5816285610199,8,0.375,0.625,0.15,0.25,0.25,0.25,8.0,21.0,43.0
asia,NOTEARS-MLP,183,55.324286222457886,8,0.375,0.625,0.15,0.25,0.25,0.25,8.0,21.0,43.0
asia,NOTEARS-MLP,7977,53.333003997802734,8,0.375,0.625,0.15,0.25,0.25,0.25,8.0,21.0,43.0
asia,NOTEARS-MLP,3199,63.211939573287964,8,0.375,0.625,0.15,0.25,0.25,0.25,8.0,21.0,43.0
asia,NOTEARS-MLP,316,72.49889016151428,10,0.5,0.625,0.25,0.2,0.25,0.2222,10.0,11.0,43.0
asia,NOTEARS-MLP,8266,57.529847621917725,7,0.1429,0.75,0.05,0.2857,0.25,0.2667,7.0,18.0,40.0
asia,NOTEARS-MLP,1532,75.29324221611023,8,0.375,0.625,0.15,0.25,0.25,0.25,8.0,21.0,43.0
asia,NOTEARS-MLP,1009,77.22714114189148,9,0.4444,0.625,0.2,0.2222,0.25,0.2353,9.0,21.0,42.0
asia,NOTEARS-MLP,2250,58.78346633911133,8,0.375,0.625,0.15,0.25,0.25,0.25,8.0,21.0,43.0
asia,NOTEARS-MLP,4447,78.00056910514832,8,0.375,0.625,0.15,0.25,0.25,0.25,8.0,21.0,43.0
asia,NOTEARS-MLP,2415,89.17762565612793,7,0.1429,0.75,0.05,0.2857,0.25,0.2667,7.0,18.0,40.0
asia,NOTEARS-MLP,3595,83.79694962501526,8,0.375,0.625,0.15,0.25,0.25,0.25,8.0,21.0,43.0
asia,NOTEARS-MLP,4187,86.50966835021973,9,0.4444,0.625,0.2,0.2222,0.25,0.2353,9.0,12.0,40.0
asia,NOTEARS-MLP,4135,80.58120656013489,8,0.375,0.625,0.15,0.25,0.25,0.25,8.0,21.0,43.0
asia,NOTEARS-MLP,5174,96.29395151138306,8,0.375,0.625,0.15,0.25,0.25,0.25,8.0,21.0,43.0
asia,NOTEARS-MLP,5303,90.32175159454346,9,0.4444,0.625,0.2,0.2222,0.25,0.2353,9.0,21.0,42.0
asia,NOTEARS-MLP,3942,87.60119867324829,10,0.5,0.625,0.25,0.2,0.25,0.2222,10.0,11.0,43.0
asia,NOTEARS-MLP,2778,69.83838510513306,8,0.375,0.625,0.15,0.25,0.25,0.25,8.0,21.0,43.0
asia,NOTEARS-MLP,2804,87.7899420261383,9,0.4444,0.625,0.2,0.2222,0.25,0.2353,9.0,12.0,40.0
asia,NOTEARS-MLP,2145,78.3543701171875,9,0.4444,0.625,0.2,0.2222,0.25,0.2353,9.0,12.0,40.0
asia,NOTEARS-MLP,150,65.73854303359985,8,0.375,0.625,0.15,0.25,0.25,0.25,8.0,21.0,43.0
asia,NOTEARS-MLP,8823,54.03347563743591,8,0.375,0.625,0.15,0.25,0.25,0.25,8.0,21.0,43.0
asia,NOTEARS-MLP,4669,61.26975464820862,8,0.375,0.625,0.15,0.25,0.25,0.25,8.0,21.0,43.0
asia,NOTEARS-MLP,6131,55.89761018753052,8,0.375,0.625,0.15,0.25,0.25,0.25,8.0,21.0,43.0
asia,NOTEARS-MLP,2617,60.90127229690552,8,0.375,0.625,0.15,0.25,0.25,0.25,8.0,21.0,43.0
asia,NOTEARS-MLP,7166,56.50573492050171,8,0.375,0.625,0.15,0.25,0.25,0.25,8.0,21.0,43.0
asia,NOTEARS-MLP,1428,52.05750226974487,8,0.375,0.625,0.15,0.25,0.25,0.25,8.0,21.0,43.0
asia,NOTEARS-MLP,8328,52.42031979560852,8,0.375,0.625,0.15,0.25,0.25,0.25,8.0,21.0,43.0
asia,NOTEARS-MLP,8289,61.51169443130493,9,0.4444,0.625,0.2,0.2222,0.25,0.2353,9.0,21.0,42.0
asia,NOTEARS-MLP,5978,75.77924489974976,9,0.4444,0.625,0.2,0.2222,0.25,0.2353,9.0,21.0,42.0
asia,NOTEARS-MLP,5511,57.16304016113281,9,0.4444,0.625,0.2,0.2222,0.25,0.2353,9.0,21.0,42.0
asia,NOTEARS-MLP,5864,60.614360332489014,9,0.4444,0.625,0.2,0.2222,0.25,0.2353,9.0,21.0,42.0
asia,NOTEARS-MLP,606,59.561827659606934,7,0.1429,0.75,0.05,0.2857,0.25,0.2667,7.0,18.0,40.0
asia,NOTEARS-MLP,1933,46.14900255203247,8,0.125,0.875,0.05,0.375,0.375,0.375,4.0,1.0,30.0
asia,NOTEARS-MLP,6071,62.89758539199829,8,0.375,0.625,0.15,0.25,0.25,0.25,8.0,21.0,43.0
asia,NOTEARS-MLP,5504,53.26222610473633,8,0.375,0.625,0.15,0.25,0.25,0.25,8.0,21.0,43.0
asia,NOTEARS-MLP,5163,64.24491381645203,9,0.4444,0.625,0.2,0.2222,0.25,0.2353,9.0,21.0,42.0
asia,NOTEARS-MLP,2406,54.73916482925415,8,0.375,0.625,0.15,0.25,0.25,0.25,8.0,21.0,43.0
asia,NOTEARS-MLP,304,64.51171827316284,8,0.25,0.75,0.1,0.25,0.25,0.25,8.0,18.0,39.0
asia,NOTEARS-MLP,3391,57.3258261680603,8,0.375,0.625,0.15,0.25,0.25,0.25,8.0,21.0,43.0
asia,NOTEARS-MLP,359,72.53069758415222,9,0.4444,0.625,0.2,0.2222,0.25,0.2353,9.0,12.0,40.0
asia,NOTEARS-MLP,9096,57.15457630157471,8,0.375,0.625,0.15,0.25,0.25,0.25,8.0,21.0,43.0
asia,NOTEARS-MLP,3533,68.78609442710876,8,0.375,0.625,0.15,0.25,0.25,0.25,8.0,21.0,43.0
asia,NOTEARS-MLP,4125,59.677011013031006,9,0.4444,0.625,0.2,0.2222,0.25,0.2353,9.0,21.0,42.0
asia,NOTEARS-MLP,3094,64.86767482757568,9,0.4444,0.625,0.2,0.2222,0.25,0.2353,9.0,21.0,42.0
asia,NOTEARS-MLP,6398,54.14844489097595,9,0.4444,0.625,0.2,0.2222,0.25,0.2353,9.0,21.0,42.0
sachs,Random,7816,0.000213623046875,17,0.8235,0.1765,0.3684,0.1765,0.1765,0.1765,28.0,53.0,53.0
sachs,Random,3578,0.00021910667419433594,17,0.8235,0.1765,0.3684,0.1176,0.1176,0.1176,29.0,45.0,48.0
sachs,Random,2656,0.00022292137145996094,17,0.7647,0.2353,0.3421,0.0588,0.0588,0.0588,24.0,50.0,54.0
sachs,Random,2688,0.0002574920654296875,17,0.7647,0.2353,0.3421,0.1765,0.1765,0.1765,28.0,52.0,55.0
sachs,Random,2494,0.00021505355834960938,17,0.8824,0.1176,0.3947,0.0588,0.0588,0.0588,29.0,41.0,47.0
sachs,Random,183,0.0002491474151611328,17,0.7059,0.2941,0.3158,0.1765,0.1765,0.1765,27.0,40.0,51.0
sachs,Random,7977,0.0002570152282714844,17,0.8235,0.1765,0.3684,0.1765,0.1765,0.1765,26.0,50.0,50.0
sachs,Random,3199,0.000213623046875,17,0.7647,0.2353,0.3421,0.1176,0.1176,0.1176,25.0,43.0,50.0
sachs,Random,316,0.00026488304138183594,17,0.7647,0.2353,0.3421,0.1765,0.1765,0.1765,25.0,43.0,44.0
sachs,Random,8266,0.00022149085998535156,17,0.6471,0.3529,0.2895,0.2353,0.2353,0.2353,25.0,41.0,52.0
sachs,Random,1532,0.00025653839111328125,17,0.7059,0.2941,0.3158,0.1765,0.1765,0.1765,24.0,45.0,57.0
sachs,Random,1009,0.00020599365234375,17,0.8824,0.1176,0.3947,0.0588,0.0588,0.0588,27.0,54.0,57.0
sachs,Random,2250,0.00021219253540039062,17,0.8235,0.1765,0.3684,0.0588,0.0588,0.0588,26.0,57.0,59.0
sachs,Random,4447,0.0002536773681640625,17,0.8235,0.1765,0.3684,0.1765,0.1765,0.1765,29.0,46.0,47.0
sachs,Random,2415,0.0002124309539794922,17,0.7059,0.2941,0.3158,0.1176,0.1176,0.1176,24.0,51.0,57.0
sachs,Random,3595,0.00021195411682128906,17,0.8235,0.1765,0.3684,0.0588,0.0588,0.0588,29.0,42.0,57.0
sachs,Random,4187,0.00024580955505371094,17,0.9412,0.0588,0.4211,0.0588,0.0588,0.0588,32.0,46.0,54.0
sachs,Random,4135,0.00020551681518554688,17,0.7059,0.2941,0.3158,0.1765,0.1765,0.1765,25.0,42.0,55.0
sachs,Random,5174,0.0002608299255371094,17,0.8235,0.1765,0.3684,0.1176,0.1176,0.1176,29.0,51.0,56.0
sachs,Random,5303,0.0002562999725341797,17,0.8824,0.1176,0.3947,0.0588,0.0588,0.0588,28.0,51.0,58.0
sachs,Random,3942,0.00020885467529296875,17,0.9412,0.0588,0.4211,0.0588,0.0588,0.0588,28.0,56.0,56.0
sachs,Random,2778,0.00024056434631347656,17,0.8235,0.1765,0.3684,0.1176,0.1176,0.1176,27.0,47.0,48.0
sachs,Random,2804,0.00020599365234375,17,0.9412,0.0588,0.4211,0.0588,0.0588,0.0588,27.0,51.0,51.0
sachs,Random,2145,0.000209808349609375,17,0.7647,0.2353,0.3421,0.1176,0.1176,0.1176,28.0,37.0,47.0
sachs,Random,150,0.00020647048950195312,17,0.7647,0.2353,0.3421,0.0588,0.0588,0.0588,26.0,47.0,57.0
sachs,Random,8823,0.00025534629821777344,17,0.7059,0.2941,0.3158,0.1765,0.1765,0.1765,25.0,39.0,50.0
sachs,Random,4669,0.00021004676818847656,17,0.8235,0.1765,0.3684,0.1765,0.1765,0.1765,30.0,42.0,50.0
sachs,Random,6131,0.00021886825561523438,17,0.7059,0.2941,0.3158,0.1765,0.1765,0.1765,25.0,51.0,54.0
sachs,Random,2617,0.00025081634521484375,17,0.8235,0.1765,0.3684,0.0,0.0,,23.0,53.0,61.0
sachs,Random,7166,0.00025725364685058594,17,0.8235,0.1765,0.3684,0.1765,0.1765,0.1765,28.0,46.0,53.0
sachs,Random,1428,0.00020742416381835938,17,0.7647,0.2353,0.3421,0.1176,0.1176,0.1176,28.0,40.0,42.0
sachs,Random,8328,0.00020599365234375,17,0.6471,0.3529,0.2895,0.0588,0.0588,0.0588,22.0,35.0,55.0
sachs,Random,8289,0.0002040863037109375,17,0.7059,0.2941,0.3158,0.1176,0.1176,0.1176,26.0,44.0,52.0
sachs,Random,5978,0.00021123886108398438,17,0.6471,0.3529,0.2895,0.2941,0.2941,0.2941,27.0,36.0,37.0
sachs,Random,5511,0.0002105236053466797,17,0.7647,0.2353,0.3421,0.0588,0.0588,0.0588,24.0,48.0,59.0
sachs,Random,5864,0.00021386146545410156,17,0.7647,0.2353,0.3421,0.1176,0.1176,0.1176,27.0,35.0,55.0
sachs,Random,606,0.0002079010009765625,17,0.9412,0.0588,0.4211,0.0588,0.0588,0.0588,28.0,49.0,53.0
sachs,Random,1933,0.00021123886108398438,17,0.7647,0.2353,0.3421,0.1765,0.1765,0.1765,25.0,43.0,52.0
sachs,Random,6071,0.00023174285888671875,17,0.8235,0.1765,0.3684,0.1176,0.1176,0.1176,29.0,45.0,54.0
sachs,Random,5504,0.00020694732666015625,17,0.8824,0.1176,0.3947,0.0,0.0,,29.0,53.0,55.0
sachs,Random,5163,0.0002551078796386719,17,0.9412,0.0588,0.4211,0.0588,0.0588,0.0588,31.0,55.0,55.0
sachs,Random,2406,0.0002086162567138672,17,0.8235,0.1765,0.3684,0.1176,0.1176,0.1176,29.0,40.0,44.0
sachs,Random,304,0.0002067089080810547,17,0.8235,0.1765,0.3684,0.0588,0.0588,0.0588,25.0,49.0,56.0
sachs,Random,3391,0.00023293495178222656,17,0.7647,0.2353,0.3421,0.0588,0.0588,0.0588,26.0,49.0,57.0
sachs,Random,359,0.0002224445343017578,17,0.5882,0.4118,0.2632,0.2941,0.2941,0.2941,25.0,30.0,45.0
sachs,Random,9096,0.00025272369384765625,17,0.7647,0.2353,0.3421,0.1176,0.1176,0.1176,27.0,43.0,54.0
sachs,Random,3533,0.00021767616271972656,17,0.7647,0.2353,0.3421,0.1176,0.1176,0.1176,27.0,44.0,55.0
sachs,Random,4125,0.00021195411682128906,17,0.8235,0.1765,0.3684,0.1765,0.1765,0.1765,31.0,43.0,51.0
sachs,Random,3094,0.00020885467529296875,17,0.8235,0.1765,0.3684,0.1176,0.1176,0.1176,29.0,50.0,51.0
sachs,Random,6398,0.00020551681518554688,17,0.8824,0.1176,0.3947,0.0,0.0,,28.0,48.0,57.0
sachs,MPC,7816,0.05016016960144043,13,0.0769,0.7059,0.0263,0.0769,0.0588,0.0667,6.0,29.0,62.0
sachs,MPC,3578,0.05314016342163086,12,0.0833,0.6471,0.0263,0.0833,0.0588,0.069,7.0,31.0,62.0
sachs,MPC,2656,0.05172133445739746,13,0.1538,0.6471,0.0526,0.0769,0.0588,0.0667,8.0,30.0,62.0
sachs,MPC,2688,0.057433366775512695,13,0.1538,0.6471,0.0526,0.0769,0.0588,0.0667,8.0,29.0,62.0
sachs,MPC,2494,0.052274227142333984,14,0.1429,0.7059,0.0526,0.0714,0.0588,0.0645,7.0,25.0,62.0
sachs,MPC,183,0.03470611572265625,12,0.0833,0.6471,0.0263,0.0833,0.0588,0.069,7.0,29.0,62.0
sachs,MPC,7977,0.05652666091918945,15,0.2,0.7059,0.0789,0.0667,0.0588,0.0625,8.0,24.0,62.0
sachs,MPC,3199,0.05150604248046875,14,0.1429,0.7059,0.0526,0.0714,0.0588,0.0645,7.0,26.0,62.0
sachs,MPC,316,0.05905032157897949,14,0.2143,0.6471,0.0789,0.0714,0.0588,0.0645,9.0,26.0,62.0
sachs,MPC,8266,0.05325889587402344,13,0.1538,0.6471,0.0526,0.0769,0.0588,0.0667,8.0,27.0,62.0
sachs,MPC,1532,0.049100399017333984,13,0.1538,0.6471,0.0526,0.0769,0.0588,0.0667,8.0,30.0,62.0
sachs,MPC,1009,0.059038639068603516,13,0.1538,0.6471,0.0526,0.0769,0.0588,0.0667,8.0,31.0,62.0
sachs,MPC,2250,0.05224871635437012,13,0.1538,0.6471,0.0526,0.0769,0.0588,0.0667,8.0,30.0,62.0
sachs,MPC,4447,0.06007981300354004,14,0.2143,0.6471,0.0789,0.0714,0.0588,0.0645,9.0,26.0,62.0
sachs,MPC,2415,0.0616002082824707,14,0.2143,0.6471,0.0789,0.0714,0.0588,0.0645,9.0,28.0,62.0
sachs,MPC,3595,0.05083608627319336,13,0.1538,0.6471,0.0526,0.0769,0.0588,0.0667,8.0,30.0,62.0
sachs,MPC,4187,0.04997062683105469,13,0.1538,0.6471,0.0526,0.0769,0.0588,0.0667,8.0,30.0,62.0
sachs,MPC,4135,0.06183934211730957,14,0.2143,0.6471,0.0789,0.0714,0.0588,0.0645,9.0,27.0,62.0
sachs,MPC,5174,0.04595613479614258,12,0.0833,0.6471,0.0263,0.0833,0.0588,0.069,7.0,31.0,62.0
sachs,MPC,5303,0.05222463607788086,14,0.1429,0.7059,0.0526,0.0714,0.0588,0.0645,7.0,27.0,62.0
sachs,MPC,3942,0.04878592491149902,12,0.0833,0.6471,0.0263,0.0833,0.0588,0.069,7.0,31.0,62.0
sachs,MPC,2778,0.051518917083740234,13,0.2308,0.5882,0.0789,0.0769,0.0588,0.0667,10.0,29.0,62.0
sachs,MPC,2804,0.052093505859375,14,0.1429,0.7059,0.0526,0.0714,0.0588,0.0645,7.0,27.0,62.0
sachs,MPC,2145,0.0549311637878418,13,0.1538,0.6471,0.0526,0.0769,0.0588,0.0667,8.0,27.0,62.0
sachs,MPC,150,0.05438566207885742,13,0.2308,0.5882,0.0789,0.0769,0.0588,0.0667,10.0,30.0,62.0
sachs,MPC,8823,0.051093339920043945,13,0.1538,0.6471,0.0526,0.0769,0.0588,0.0667,8.0,27.0,62.0
sachs,MPC,4669,0.050435781478881836,14,0.1429,0.7059,0.0526,0.0714,0.0588,0.0645,7.0,25.0,62.0
sachs,MPC,6131,0.05197763442993164,13,0.1538,0.6471,0.0526,0.0769,0.0588,0.0667,8.0,30.0,62.0
sachs,MPC,2617,0.05288887023925781,13,0.1538,0.6471,0.0526,0.0769,0.0588,0.0667,8.0,29.0,62.0
sachs,MPC,7166,0.03748035430908203,11,0.0909,0.5882,0.0263,0.0909,0.0588,0.0714,8.0,32.0,62.0
sachs,MPC,1428,0.05494070053100586,13,0.2308,0.5882,0.0789,0.0769,0.0588,0.0667,10.0,29.0,62.0
sachs,MPC,8328,0.058199405670166016,14,0.2143,0.6471,0.0789,0.0714,0.0588,0.0645,9.0,26.0,62.0
sachs,MPC,8289,0.05039668083190918,12,0.1667,0.5882,0.0526,0.0833,0.0588,0.069,9.0,31.0,62.0
sachs,MPC,5978,0.05202674865722656,12,0.0833,0.6471,0.0263,0.0833,0.0588,0.069,7.0,31.0,62.0
sachs,MPC,5511,0.0581212043762207,13,0.1538,0.6471,0.0526,0.0769,0.0588,0.0667,8.0,29.0,62.0
sachs,MPC,5864,0.05262947082519531,13,0.1538,0.6471,0.0526,0.0769,0.0588,0.0667,8.0,30.0,62.0
sachs,MPC,606,0.05541229248046875,14,0.2143,0.6471,0.0789,0.0714,0.0588,0.0645,9.0,28.0,62.0
sachs,MPC,1933,0.05290961265563965,12,0.0833,0.6471,0.0263,0.0833,0.0588,0.069,7.0,31.0,62.0
sachs,MPC,6071,0.05196237564086914,13,0.2308,0.5882,0.0789,0.0769,0.0588,0.0667,10.0,29.0,62.0
sachs,MPC,5504,0.06128430366516113,14,0.2143,0.6471,0.0789,0.0714,0.0588,0.0645,9.0,28.0,62.0
sachs,MPC,5163,0.06224679946899414,14,0.2143,0.6471,0.0789,0.0714,0.0588,0.0645,9.0,28.0,62.0
sachs,MPC,2406,0.059514522552490234,15,0.2,0.7059,0.0789,0.0667,0.0588,0.0625,8.0,24.0,62.0
sachs,MPC,304,0.05443406105041504,12,0.1667,0.5882,0.0526,0.0833,0.0588,0.069,9.0,28.0,62.0
sachs,MPC,3391,0.03908801078796387,12,0.1667,0.5882,0.0526,0.0833,0.0588,0.069,9.0,31.0,62.0
sachs,MPC,359,0.06382393836975098,13,0.2308,0.5882,0.0789,0.0769,0.0588,0.0667,10.0,27.0,62.0
sachs,MPC,9096,0.0471954345703125,12,0.0833,0.6471,0.0263,0.0833,0.0588,0.069,7.0,31.0,62.0
sachs,MPC,3533,0.061400413513183594,14,0.2143,0.6471,0.0789,0.0714,0.0588,0.0645,9.0,26.0,62.0
sachs,MPC,4125,0.057127952575683594,13,0.1538,0.6471,0.0526,0.0769,0.0588,0.0667,8.0,29.0,62.0
sachs,MPC,3094,0.04477882385253906,12,0.0833,0.6471,0.0263,0.0833,0.0588,0.069,7.0,27.0,62.0
sachs,MPC,6398,0.04912424087524414,13,0.1538,0.6471,0.0526,0.0769,0.0588,0.0667,8.0,26.0,62.0
sachs,NOTEARS-MLP,7816,38.37790560722351,7,0.0,0.4118,0.0,0.0,0.0,,10.0,40.0,60.0
sachs,NOTEARS-MLP,3578,43.149375677108765,7,0.0,0.4118,0.0,0.0,0.0,,10.0,40.0,60.0
sachs,NOTEARS-MLP,2656,39.48287606239319,7,0.0,0.4118,0.0,0.0,0.0,,10.0,40.0,60.0
sachs,NOTEARS-MLP,2688,36.194037199020386,7,0.0,0.4118,0.0,0.0,0.0,,10.0,40.0,60.0
sachs,NOTEARS-MLP,2494,35.23097324371338,7,0.0,0.4118,0.0,0.0,0.0,,10.0,40.0,60.0
sachs,NOTEARS-MLP,183,45.88084316253662,7,0.0,0.4118,0.0,0.0,0.0,,10.0,40.0,60.0
sachs,NOTEARS-MLP,7977,40.1156370639801,7,0.0,0.4118,0.0,0.0,0.0,,10.0,40.0,60.0
sachs,NOTEARS-MLP,3199,38.380829095840454,7,0.0,0.4118,0.0,0.0,0.0,,10.0,40.0,60.0
sachs,NOTEARS-MLP,316,40.87917923927307,7,0.0,0.4118,0.0,0.0,0.0,,10.0,40.0,60.0
sachs,NOTEARS-MLP,8266,45.252376079559326,7,0.0,0.4118,0.0,0.0,0.0,,10.0,40.0,60.0
sachs,NOTEARS-MLP,1532,36.8135187625885,7,0.0,0.4118,0.0,0.0,0.0,,10.0,40.0,60.0
sachs,NOTEARS-MLP,1009,46.160447120666504,7,0.0,0.4118,0.0,0.0,0.0,,10.0,40.0,60.0
sachs,NOTEARS-MLP,2250,40.13347554206848,8,0.125,0.4118,0.0263,0.125,0.0588,0.08,11.0,39.0,60.0
sachs,NOTEARS-MLP,4447,38.16099452972412,7,0.0,0.4118,0.0,0.0,0.0,,10.0,40.0,60.0
sachs,NOTEARS-MLP,2415,39.92477297782898,7,0.0,0.4118,0.0,0.0,0.0,,10.0,40.0,60.0
sachs,NOTEARS-MLP,3595,42.30739068984985,7,0.0,0.4118,0.0,0.0,0.0,,10.0,40.0,60.0
sachs,NOTEARS-MLP,4187,34.648940563201904,7,0.0,0.4118,0.0,0.0,0.0,,10.0,40.0,60.0
sachs,NOTEARS-MLP,4135,40.37532305717468,7,0.0,0.4118,0.0,0.0,0.0,,10.0,40.0,60.0
sachs,NOTEARS-MLP,5174,35.26046824455261,7,0.0,0.4118,0.0,0.0,0.0,,10.0,40.0,60.0
sachs,NOTEARS-MLP,5303,36.98866939544678,7,0.0,0.4118,0.0,0.0,0.0,,10.0,40.0,60.0
sachs,NOTEARS-MLP,3942,43.357593297958374,7,0.0,0.4118,0.0,0.0,0.0,,10.0,40.0,60.0
sachs,NOTEARS-MLP,2778,38.6012122631073,7,0.0,0.4118,0.0,0.0,0.0,,10.0,40.0,60.0
sachs,NOTEARS-MLP,2804,39.48117923736572,7,0.0,0.4118,0.0,0.0,0.0,,10.0,40.0,60.0
sachs,NOTEARS-MLP,2145,45.49284529685974,7,0.0,0.4118,0.0,0.0,0.0,,10.0,40.0,60.0
sachs,NOTEARS-MLP,150,40.78185772895813,8,0.0,0.4706,0.0,0.0,0.0,,9.0,34.0,60.0
sachs,NOTEARS-MLP,8823,36.803088665008545,7,0.0,0.4118,0.0,0.0,0.0,,10.0,40.0,60.0
sachs,NOTEARS-MLP,4669,34.193735122680664,8,0.125,0.4118,0.0263,0.125,0.0588,0.08,11.0,39.0,59.0
sachs,NOTEARS-MLP,6131,44.79139995574951,8,0.125,0.4118,0.0263,0.125,0.0588,0.08,11.0,39.0,59.0
sachs,NOTEARS-MLP,2617,38.66085767745972,7,0.0,0.4118,0.0,0.0,0.0,,10.0,40.0,60.0
sachs,NOTEARS-MLP,7166,38.89164352416992,7,0.0,0.4118,0.0,0.0,0.0,,10.0,40.0,60.0
sachs,NOTEARS-MLP,1428,40.45352029800415,7,0.0,0.4118,0.0,0.0,0.0,,10.0,40.0,60.0
sachs,NOTEARS-MLP,8328,39.40597414970398,7,0.0,0.4118,0.0,0.0,0.0,,10.0,40.0,60.0
sachs,NOTEARS-MLP,8289,37.53304195404053,7,0.0,0.4118,0.0,0.0,0.0,,10.0,40.0,60.0
sachs,NOTEARS-MLP,5978,44.01162505149841,8,0.125,0.4118,0.0263,0.125,0.0588,0.08,11.0,39.0,59.0
sachs,NOTEARS-MLP,5511,44.01341128349304,7,0.0,0.4118,0.0,0.0,0.0,,10.0,40.0,60.0
sachs,NOTEARS-MLP,5864,37.99651837348938,7,0.0,0.4118,0.0,0.0,0.0,,10.0,40.0,60.0
sachs,NOTEARS-MLP,606,36.17234206199646,7,0.0,0.4118,0.0,0.0,0.0,,10.0,40.0,60.0
sachs,NOTEARS-MLP,1933,36.88221836090088,7,0.0,0.4118,0.0,0.0,0.0,,10.0,40.0,60.0
sachs,NOTEARS-MLP,6071,42.135193824768066,7,0.0,0.4118,0.0,0.0,0.0,,10.0,40.0,60.0
sachs,NOTEARS-MLP,5504,38.868844509124756,7,0.0,0.4118,0.0,0.0,0.0,,10.0,40.0,60.0
sachs,NOTEARS-MLP,5163,40.05714249610901,7,0.0,0.4118,0.0,0.0,0.0,,10.0,40.0,60.0
sachs,NOTEARS-MLP,2406,44.179936170578,7,0.0,0.4118,0.0,0.0,0.0,,10.0,40.0,60.0
sachs,NOTEARS-MLP,304,38.601356983184814,7,0.0,0.4118,0.0,0.0,0.0,,10.0,40.0,60.0
sachs,NOTEARS-MLP,3391,41.16325092315674,7,0.0,0.4118,0.0,0.0,0.0,,10.0,40.0,60.0
sachs,NOTEARS-MLP,359,49.083746671676636,7,0.0,0.4118,0.0,0.0,0.0,,10.0,40.0,60.0
sachs,NOTEARS-MLP,9096,42.46634364128113,7,0.0,0.4118,0.0,0.0,0.0,,10.0,40.0,60.0
sachs,NOTEARS-MLP,3533,44.46487331390381,7,0.0,0.4118,0.0,0.0,0.0,,10.0,40.0,60.0
sachs,NOTEARS-MLP,4125,39.84608793258667,7,0.0,0.4118,0.0,0.0,0.0,,10.0,40.0,60.0
sachs,NOTEARS-MLP,3094,43.979705572128296,7,0.0,0.4118,0.0,0.0,0.0,,10.0,40.0,60.0
sachs,NOTEARS-MLP,6398,37.18882369995117,7,0.0,0.4118,0.0,0.0,0.0,,10.0,40.0,60.0
child,Random,7816,0.00026798248291015625,25,0.92,0.08,0.1394,0.08,0.08,0.08,44.0,287.0,331.0
child,Random,3578,0.000308990478515625,25,0.92,0.08,0.1394,0.08,0.08,0.08,45.0,289.0,310.0
child,Random,2656,0.0002582073211669922,25,0.96,0.04,0.1455,0.04,0.04,0.04,47.0,345.0,346.0
child,Random,2688,0.00025534629821777344,25,0.84,0.16,0.1273,0.16,0.16,0.16,42.0,288.0,338.0
child,Random,2494,0.0002605915069580078,25,1.0,0.0,0.1515,0.0,0.0,,49.0,301.0,323.0
child,Random,183,0.00031495094299316406,25,0.92,0.08,0.1394,0.08,0.08,0.08,47.0,270.0,313.0
child,Random,7977,0.0002574920654296875,25,0.88,0.12,0.1333,0.12,0.12,0.12,46.0,273.0,320.0
child,Random,3199,0.000255584716796875,25,0.88,0.12,0.1333,0.08,0.08,0.08,46.0,309.0,332.0
child,Random,316,0.0002727508544921875,25,0.92,0.08,0.1394,0.08,0.08,0.08,46.0,307.0,309.0
child,Random,8266,0.00030040740966796875,25,0.88,0.12,0.1333,0.08,0.08,0.08,44.0,283.0,351.0
child,Random,1532,0.0002636909484863281,25,0.92,0.08,0.1394,0.08,0.08,0.08,46.0,280.0,309.0
child,Random,1009,0.00025725364685058594,25,0.96,0.04,0.1455,0.04,0.04,0.04,48.0,308.0,341.0
child,Random,2250,0.0002589225769042969,25,0.88,0.12,0.1333,0.08,0.08,0.08,45.0,249.0,333.0
child,Random,4447,0.00026297569274902344,25,0.92,0.08,0.1394,0.08,0.08,0.08,45.0,290.0,327.0
child,Random,2415,0.0002751350402832031,25,1.0,0.0,0.1515,0.0,0.0,,46.0,312.0,333.0
child,Random,3595,0.0002582073211669922,25,0.96,0.04,0.1455,0.0,0.0,,46.0,295.0,336.0
child,Random,4187,0.00026607513427734375,25,0.92,0.08,0.1394,0.08,0.08,0.08,45.0,307.0,312.0
child,Random,4135,0.0003082752227783203,25,0.88,0.12,0.1333,0.12,0.12,0.12,45.0,306.0,307.0
child,Random,5174,0.0002968311309814453,25,0.96,0.04,0.1455,0.04,0.04,0.04,48.0,292.0,335.0
child,Random,5303,0.0002551078796386719,25,0.76,0.24,0.1152,0.2,0.2,0.2,39.0,258.0,289.0
child,Random,3942,0.00025773048400878906,25,1.0,0.0,0.1515,0.0,0.0,,49.0,284.0,306.0
child,Random,2778,0.0002899169921875,25,0.92,0.08,0.1394,0.08,0.08,0.08,47.0,282.0,303.0
child,Random,2804,0.0002608299255371094,25,0.96,0.04,0.1455,0.04,0.04,0.04,49.0,273.0,294.0
child,Random,2145,0.0002627372741699219,25,0.96,0.04,0.1455,0.04,0.04,0.04,49.0,312.0,333.0
child,Random,150,0.00025534629821777344,25,0.88,0.12,0.1333,0.08,0.08,0.08,46.0,277.0,327.0
child,Random,8823,0.0002543926239013672,25,0.96,0.04,0.1455,0.04,0.04,0.04,46.0,298.0,298.0
child,Random,4669,0.00026106834411621094,25,0.84,0.16,0.1273,0.16,0.16,0.16,41.0,268.0,289.0
child,Random,6131,0.0002567768096923828,25,0.92,0.08,0.1394,0.08,0.08,0.08,47.0,270.0,272.0
child,Random,2617,0.0002548694610595703,25,0.92,0.08,0.1394,0.08,0.08,0.08,47.0,290.0,316.0
child,Random,7166,0.00026035308837890625,25,0.88,0.12,0.1333,0.12,0.12,0.12,44.0,299.0,320.0
child,Random,1428,0.0002703666687011719,25,0.84,0.16,0.1273,0.16,0.16,0.16,45.0,265.0,269.0
child,Random,8328,0.00028705596923828125,25,0.88,0.12,0.1333,0.08,0.08,0.08,45.0,326.0,330.0
child,Random,8289,0.000263214111328125,25,0.88,0.12,0.1333,0.04,0.04,0.04,45.0,286.0,352.0
child,Random,5978,0.00030612945556640625,25,0.96,0.04,0.1455,0.04,0.04,0.04,49.0,318.0,319.0
child,Random,5511,0.0002899169921875,25,0.96,0.04,0.1455,0.04,0.04,0.04,46.0,308.0,330.0
child,Random,5864,0.00030159950256347656,25,0.88,0.12,0.1333,0.08,0.08,0.08,45.0,281.0,304.0
child,Random,606,0.0002593994140625,25,0.96,0.04,0.1455,0.0,0.0,,47.0,290.0,315.0
child,Random,1933,0.0003161430358886719,25,0.88,0.12,0.1333,0.12,0.12,0.12,42.0,271.0,291.0
child,Random,6071,0.000263214111328125,25,0.88,0.12,0.1333,0.12,0.12,0.12,44.0,265.0,310.0
child,Random,5504,0.0002551078796386719,25,0.88,0.12,0.1333,0.12,0.12,0.12,44.0,299.0,341.0
child,Random,5163,0.0002536773681640625,25,0.96,0.04,0.1455,0.0,0.0,,49.0,302.0,344.0
child,Random,2406,0.00030159950256347656,25,0.92,0.08,0.1394,0.08,0.08,0.08,47.0,254.0,310.0
child,Random,304,0.00025963783264160156,25,0.96,0.04,0.1455,0.04,0.04,0.04,48.0,293.0,318.0
child,Random,3391,0.00026154518127441406,25,0.96,0.04,0.1455,0.04,0.04,0.04,48.0,287.0,306.0
child,Random,359,0.000263214111328125,25,1.0,0.0,0.1515,0.0,0.0,,49.0,295.0,351.0
child,Random,9096,0.0003018379211425781,25,0.88,0.12,0.1333,0.08,0.08,0.08,46.0,320.0,327.0
child,Random,3533,0.0002620220184326172,25,0.88,0.12,0.1333,0.08,0.08,0.08,44.0,249.0,313.0
child,Random,4125,0.00025844573974609375,25,0.92,0.08,0.1394,0.08,0.08,0.08,48.0,281.0,303.0
child,Random,3094,0.00026154518127441406,25,0.92,0.08,0.1394,0.08,0.08,0.08,48.0,292.0,328.0
child,Random,6398,0.00025963783264160156,25,0.84,0.16,0.1273,0.12,0.12,0.12,43.0,267.0,328.0
child,MPC,7816,0.5472016334533691,29,0.3448,0.76,0.0606,0.3793,0.44,0.4074,24.0,71.0,378.0
child,MPC,3578,0.5921041965484619,30,0.3333,0.8,0.0606,0.4,0.48,0.4364,23.0,57.0,380.0
child,MPC,2656,0.6499700546264648,31,0.3871,0.76,0.0727,0.3548,0.44,0.3929,26.0,68.0,378.0
child,MPC,2688,0.5976037979125977,31,0.3871,0.76,0.0727,0.3548,0.44,0.3929,26.0,68.0,378.0
child,MPC,2494,0.6014246940612793,30,0.3667,0.76,0.0667,0.3667,0.44,0.4,25.0,63.0,378.0
child,MPC,183,0.6440994739532471,31,0.3548,0.8,0.0667,0.3871,0.48,0.4286,24.0,56.0,380.0
child,MPC,7977,0.5282256603240967,29,0.3448,0.76,0.0606,0.3793,0.44,0.4074,24.0,70.0,378.0
child,MPC,3199,0.6765749454498291,32,0.4062,0.76,0.0788,0.3438,0.44,0.386,27.0,67.0,378.0
child,MPC,316,0.7091693878173828,32,0.375,0.8,0.0727,0.375,0.48,0.4211,25.0,51.0,380.0
child,MPC,8266,0.5373878479003906,28,0.3214,0.76,0.0545,0.3929,0.44,0.4151,23.0,74.0,378.0
child,MPC,1532,0.5662124156951904,29,0.3448,0.76,0.0606,0.3793,0.44,0.4074,24.0,68.0,378.0
child,MPC,1009,0.7248427867889404,33,0.4242,0.76,0.0848,0.3333,0.44,0.3793,28.0,68.0,378.0
child,MPC,2250,0.6382999420166016,31,0.3871,0.76,0.0727,0.3548,0.44,0.3929,26.0,67.0,378.0
child,MPC,4447,0.7092788219451904,33,0.4242,0.76,0.0848,0.3333,0.44,0.3793,28.0,67.0,378.0
child,MPC,2415,0.6539895534515381,32,0.4062,0.76,0.0788,0.3438,0.44,0.386,27.0,67.0,378.0
child,MPC,3595,0.7272887229919434,32,0.4062,0.76,0.0788,0.3438,0.44,0.386,27.0,67.0,378.0
child,MPC,4187,0.7763831615447998,32,0.375,0.8,0.0727,0.375,0.48,0.4211,25.0,52.0,380.0
child,MPC,4135,0.6337029933929443,32,0.375,0.8,0.0727,0.375,0.48,0.4211,25.0,55.0,380.0
child,MPC,5174,0.8928537368774414,34,0.4118,0.8,0.0848,0.3529,0.48,0.4068,27.0,56.0,380.0
child,MPC,5303,0.7942056655883789,34,0.4118,0.8,0.0848,0.3529,0.48,0.4068,27.0,53.0,380.0
child,MPC,3942,0.6841742992401123,31,0.3871,0.76,0.0727,0.3548,0.44,0.3929,26.0,71.0,378.0
child,MPC,2778,0.6033272743225098,29,0.3448,0.76,0.0606,0.3793,0.44,0.4074,24.0,71.0,378.0
child,MPC,2804,0.7276480197906494,33,0.3939,0.8,0.0788,0.3636,0.48,0.4138,26.0,53.0,380.0
child,MPC,2145,0.7033653259277344,31,0.3548,0.8,0.0667,0.3871,0.48,0.4286,24.0,54.0,380.0
child,MPC,150,0.44143033027648926,29,0.3448,0.76,0.0606,0.3793,0.44,0.4074,24.0,71.0,378.0
child,MPC,8823,0.6552102565765381,32,0.375,0.8,0.0727,0.375,0.48,0.4211,25.0,54.0,380.0
child,MPC,4669,0.6754655838012695,33,0.4242,0.76,0.0848,0.3333,0.44,0.3793,28.0,67.0,378.0
child,MPC,6131,0.6792306900024414,31,0.3871,0.76,0.0727,0.3548,0.44,0.3929,26.0,68.0,378.0
child,MPC,2617,0.631098747253418,32,0.4062,0.76,0.0788,0.3438,0.44,0.386,27.0,67.0,378.0
child,MPC,7166,0.6507167816162109,32,0.375,0.8,0.0727,0.375,0.48,0.4211,25.0,56.0,380.0
child,MPC,1428,0.588172197341919,29,0.3448,0.76,0.0606,0.3793,0.44,0.4074,24.0,69.0,378.0
child,MPC,8328,0.6898837089538574,33,0.4242,0.76,0.0848,0.3333,0.44,0.3793,28.0,67.0,378.0
child,MPC,8289,0.5838992595672607,30,0.3667,0.76,0.0667,0.3667,0.44,0.4,25.0,71.0,378.0
child,MPC,5978,0.5201356410980225,28,0.3214,0.76,0.0545,0.3929,0.44,0.4151,23.0,71.0,378.0
child,MPC,5511,0.6685431003570557,33,0.3939,0.8,0.0788,0.3636,0.48,0.4138,26.0,53.0,380.0
child,MPC,5864,0.5505127906799316,29,0.3448,0.76,0.0606,0.3793,0.44,0.4074,24.0,71.0,378.0
child,MPC,606,0.6375219821929932,31,0.3548,0.8,0.0667,0.3871,0.48,0.4286,24.0,54.0,380.0
child,MPC,1933,0.5671789646148682,30,0.3667,0.76,0.0667,0.3667,0.44,0.4,25.0,71.0,378.0
child,MPC,6071,0.7549090385437012,35,0.4286,0.8,0.0909,0.3429,0.48,0.4,28.0,53.0,380.0
child,MPC,5504,0.725064754486084,33,0.3939,0.8,0.0788,0.3636,0.48,0.4138,26.0,53.0,380.0
child,MPC,5163,0.7237222194671631,31,0.3548,0.8,0.0667,0.3871,0.48,0.4286,24.0,54.0,380.0
child,MPC,2406,0.7548909187316895,33,0.4242,0.76,0.0848,0.3333,0.44,0.3793,28.0,68.0,378.0
child,MPC,304,0.6137008666992188,30,0.3333,0.8,0.0606,0.4,0.48,0.4364,23.0,56.0,380.0
child,MPC,3391,0.6874475479125977,33,0.3939,0.8,0.0788,0.3636,0.48,0.4138,26.0,53.0,380.0
child,MPC,359,0.6353285312652588,31,0.3548,0.8,0.0667,0.3871,0.48,0.4286,24.0,53.0,380.0
child,MPC,9096,0.8109252452850342,30,0.3333,0.8,0.0606,0.4,0.48,0.4364,23.0,57.0,380.0
child,MPC,3533,0.6888308525085449,33,0.3939,0.8,0.0788,0.3636,0.48,0.4138,26.0,56.0,380.0
child,MPC,4125,0.5532016754150391,30,0.3667,0.76,0.0667,0.3667,0.44,0.4,25.0,70.0,378.0
child,MPC,3094,0.5907614231109619,32,0.4062,0.76,0.0788,0.3438,0.44,0.386,27.0,70.0,378.0
child,MPC,6398,0.5621840953826904,31,0.3548,0.8,0.0667,0.3871,0.48,0.4286,24.0,54.0,380.0
child,NOTEARS-MLP,7816,146.82596707344055,24,0.25,0.72,0.0364,0.5,0.48,0.4898,18.0,79.0,361.0
child,NOTEARS-MLP,3578,130.58391976356506,28,0.25,0.84,0.0424,0.5357,0.6,0.566,21.0,41.0,303.0
child,NOTEARS-MLP,2656,147.98859477043152,26,0.2692,0.76,0.0424,0.5,0.52,0.5098,22.0,73.0,316.0
child,NOTEARS-MLP,2688,147.03693890571594,25,0.2,0.8,0.0303,0.56,0.56,0.56,18.0,59.0,321.0
child,NOTEARS-MLP,2494,130.40203070640564,25,0.2,0.8,0.0303,0.6,0.6,0.6,15.0,59.0,322.0
child,NOTEARS-MLP,183,143.62045311927795,27,0.2222,0.84,0.0364,0.5556,0.6,0.5769,20.0,41.0,303.0
child,NOTEARS-MLP,7977,143.17721939086914,25,0.28,0.72,0.0424,0.48,0.48,0.48,22.0,84.0,306.0
child,NOTEARS-MLP,3199,131.4161138534546,26,0.3462,0.68,0.0545,0.4231,0.44,0.4314,22.0,94.0,343.0
child,NOTEARS-MLP,316,159.22597098350525,25,0.32,0.68,0.0485,0.44,0.44,0.44,20.0,94.0,337.0
child,NOTEARS-MLP,8266,136.1883668899536,24,0.2083,0.76,0.0303,0.5417,0.52,0.5306,21.0,79.0,322.0
child,NOTEARS-MLP,1532,144.58541083335876,27,0.2222,0.84,0.0364,0.5556,0.6,0.5769,20.0,41.0,303.0
child,NOTEARS-MLP,1009,149.48636174201965,26,0.1923,0.84,0.0303,0.5769,0.6,0.5882,19.0,44.0,303.0
child,NOTEARS-MLP,2250,130.41808676719666,24,0.2917,0.68,0.0424,0.5,0.48,0.4898,21.0,95.0,341.0
child,NOTEARS-MLP,4447,138.37422633171082,26,0.2308,0.8,0.0364,0.5385,0.56,0.549,21.0,61.0,316.0
child,NOTEARS-MLP,2415,187.6000952720642,25,0.2,0.8,0.0303,0.6,0.6,0.6,19.0,61.0,337.0
child,NOTEARS-MLP,3595,136.63055610656738,27,0.2222,0.84,0.0364,0.5556,0.6,0.5769,20.0,41.0,303.0
child,NOTEARS-MLP,4187,141.01645588874817,26,0.3077,0.72,0.0485,0.4615,0.48,0.4706,21.0,76.0,343.0
child,NOTEARS-MLP,4135,161.30957412719727,27,0.2222,0.84,0.0364,0.5556,0.6,0.5769,20.0,41.0,303.0
child,NOTEARS-MLP,5174,143.81235003471375,26,0.2308,0.8,0.0364,0.6154,0.64,0.6275,18.0,56.0,319.0
child,NOTEARS-MLP,5303,154.8878710269928,25,0.28,0.72,0.0424,0.52,0.52,0.52,19.0,78.0,322.0
child,NOTEARS-MLP,3942,167.25250601768494,25,0.2,0.8,0.0303,0.56,0.56,0.56,20.0,58.0,340.0
child,NOTEARS-MLP,2778,125.24615788459778,26,0.2308,0.8,0.0364,0.5385,0.56,0.549,20.0,59.0,303.0
child,NOTEARS-MLP,2804,147.12940192222595,27,0.2222,0.84,0.0364,0.5556,0.6,0.5769,20.0,41.0,303.0
child,NOTEARS-MLP,2145,136.74390935897827,26,0.2692,0.76,0.0424,0.5,0.52,0.5098,22.0,73.0,316.0
child,NOTEARS-MLP,150,174.17519760131836,26,0.2308,0.8,0.0364,0.5769,0.6,0.5882,21.0,61.0,319.0
child,NOTEARS-MLP,8823,150.43166851997375,27,0.2963,0.76,0.0485,0.5185,0.56,0.5385,23.0,72.0,321.0
child,NOTEARS-MLP,4669,168.5952980518341,26,0.2308,0.8,0.0364,0.5385,0.56,0.549,22.0,61.0,322.0
child,NOTEARS-MLP,6131,180.1672089099884,27,0.2222,0.84,0.0364,0.5556,0.6,0.5769,20.0,41.0,303.0
child,NOTEARS-MLP,2617,146.08182525634766,25,0.2,0.8,0.0303,0.56,0.56,0.56,21.0,61.0,322.0
child,NOTEARS-MLP,7166,129.34256434440613,28,0.25,0.84,0.0424,0.5357,0.6,0.566,22.0,41.0,317.0
child,NOTEARS-MLP,1428,154.8568036556244,26,0.1923,0.84,0.0303,0.5769,0.6,0.5882,19.0,44.0,303.0
child,NOTEARS-MLP,8328,145.53623008728027,27,0.2222,0.84,0.0364,0.6296,0.68,0.6538,18.0,41.0,319.0
child,NOTEARS-MLP,8289,122.6637225151062,27,0.2222,0.84,0.0364,0.5556,0.6,0.5769,20.0,41.0,303.0
child,NOTEARS-MLP,5978,152.38343596458435,27,0.2222,0.84,0.0364,0.5556,0.6,0.5769,20.0,41.0,303.0
child,NOTEARS-MLP,5511,134.7327778339386,26,0.3077,0.72,0.0485,0.4615,0.48,0.4706,19.0,77.0,324.0
child,NOTEARS-MLP,5864,132.6285960674286,25,0.2,0.8,0.0303,0.56,0.56,0.56,19.0,62.0,303.0
child,NOTEARS-MLP,606,170.4695041179657,26,0.2692,0.76,0.0424,0.5,0.52,0.5098,18.0,62.0,324.0
child,NOTEARS-MLP,1933,147.5700979232788,26,0.1923,0.84,0.0303,0.5769,0.6,0.5882,19.0,44.0,303.0
child,NOTEARS-MLP,6071,136.30114150047302,27,0.2593,0.8,0.0424,0.5185,0.56,0.5385,22.0,56.0,317.0
child,NOTEARS-MLP,5504,174.28566098213196,26,0.1923,0.84,0.0303,0.5769,0.6,0.5882,19.0,44.0,303.0
child,NOTEARS-MLP,5163,138.12503695487976,26,0.1923,0.84,0.0303,0.5769,0.6,0.5882,18.0,41.0,321.0
child,NOTEARS-MLP,2406,144.00298643112183,27,0.2593,0.8,0.0424,0.5185,0.56,0.5385,21.0,59.0,303.0
child,NOTEARS-MLP,304,133.59613466262817,27,0.2593,0.8,0.0424,0.5185,0.56,0.5385,22.0,58.0,316.0
child,NOTEARS-MLP,3391,168.40928053855896,26,0.1923,0.84,0.0303,0.5769,0.6,0.5882,15.0,44.0,306.0
child,NOTEARS-MLP,359,147.68887400627136,26,0.2308,0.8,0.0364,0.5385,0.56,0.549,20.0,59.0,303.0
child,NOTEARS-MLP,9096,148.23752760887146,26,0.2308,0.8,0.0364,0.5385,0.56,0.549,22.0,58.0,322.0
child,NOTEARS-MLP,3533,145.72925806045532,26,0.1923,0.84,0.0303,0.5769,0.6,0.5882,18.0,41.0,321.0
child,NOTEARS-MLP,4125,166.10469770431519,25,0.2,0.8,0.0303,0.56,0.56,0.56,21.0,61.0,322.0
child,NOTEARS-MLP,3094,157.31917476654053,27,0.2222,0.84,0.0364,0.5556,0.6,0.5769,20.0,41.0,303.0
child,NOTEARS-MLP,6398,147.54230499267578,27,0.2222,0.84,0.0364,0.5556,0.6,0.5769,20.0,41.0,303.0
insurance,Random,7816,0.0003592967987060547,52,0.9231,0.0769,0.1605,0.0769,0.0769,0.0769,90.0,607.0,612.0
insurance,Random,3578,0.0002989768981933594,52,0.9038,0.0962,0.1572,0.0769,0.0769,0.0769,92.0,610.0,642.0
insurance,Random,2656,0.00030040740966796875,52,0.9038,0.0962,0.1572,0.0769,0.0769,0.0769,93.0,571.0,651.0
insurance,Random,2688,0.00030541419982910156,52,0.9423,0.0577,0.1639,0.0577,0.0577,0.0577,92.0,603.0,606.0
insurance,Random,2494,0.0002994537353515625,52,0.9038,0.0962,0.1572,0.0769,0.0769,0.0769,94.0,600.0,614.0
insurance,Random,183,0.0003020763397216797,52,0.8654,0.1346,0.1505,0.0577,0.0577,0.0577,93.0,581.0,639.0
insurance,Random,7977,0.00030231475830078125,52,0.9423,0.0577,0.1639,0.0192,0.0192,0.0192,97.0,626.0,659.0
insurance,Random,3199,0.0003116130828857422,52,0.9038,0.0962,0.1572,0.0962,0.0962,0.0962,94.0,658.0,676.0
insurance,Random,316,0.0003173351287841797,52,0.8846,0.1154,0.1538,0.1154,0.1154,0.1154,89.0,589.0,627.0
insurance,Random,8266,0.00031256675720214844,52,0.8654,0.1346,0.1505,0.0385,0.0385,0.0385,90.0,545.0,622.0
insurance,Random,1532,0.0003120899200439453,52,0.8846,0.1154,0.1538,0.0769,0.0769,0.0769,93.0,584.0,596.0
insurance,Random,1009,0.0003161430358886719,52,0.9423,0.0577,0.1639,0.0577,0.0577,0.0577,95.0,595.0,659.0
insurance,Random,2250,0.0003046989440917969,52,0.9423,0.0577,0.1639,0.0577,0.0577,0.0577,92.0,617.0,654.0
insurance,Random,4447,0.0003094673156738281,52,0.9423,0.0577,0.1639,0.0577,0.0577,0.0577,94.0,605.0,613.0
insurance,Random,2415,0.0003008842468261719,52,0.9038,0.0962,0.1572,0.0962,0.0962,0.0962,96.0,609.0,640.0
insurance,Random,3595,0.0003478527069091797,52,0.9231,0.0769,0.1605,0.0577,0.0577,0.0577,93.0,627.0,662.0
insurance,Random,4187,0.00034618377685546875,52,0.9231,0.0769,0.1605,0.0769,0.0769,0.0769,94.0,631.0,635.0
insurance,Random,4135,0.00032258033752441406,52,0.9231,0.0769,0.1605,0.0769,0.0769,0.0769,94.0,599.0,661.0
insurance,Random,5174,0.00032711029052734375,52,0.9231,0.0769,0.1605,0.0769,0.0769,0.0769,93.0,607.0,623.0
insurance,Random,5303,0.0003662109375,52,0.9231,0.0769,0.1605,0.0769,0.0769,0.0769,96.0,608.0,654.0
insurance,Random,3942,0.00031948089599609375,52,0.8654,0.1346,0.1505,0.1346,0.1346,0.1346,90.0,583.0,657.0
insurance,Random,2778,0.0003037452697753906,52,0.8846,0.1154,0.1538,0.0962,0.0962,0.0962,94.0,599.0,600.0
insurance,Random,2804,0.0003025531768798828,52,0.8654,0.1346,0.1505,0.0962,0.0962,0.0962,93.0,585.0,653.0
insurance,Random,2145,0.00030493736267089844,52,0.8654,0.1346,0.1505,0.0962,0.0962,0.0962,87.0,608.0,643.0
insurance,Random,150,0.00031185150146484375,52,0.9423,0.0577,0.1639,0.0577,0.0577,0.0577,94.0,608.0,665.0
insurance,Random,8823,0.00031495094299316406,52,0.9231,0.0769,0.1605,0.0769,0.0769,0.0769,95.0,582.0,612.0
insurance,Random,4669,0.00030803680419921875,52,0.9038,0.0962,0.1572,0.0769,0.0769,0.0769,95.0,587.0,616.0
insurance,Random,6131,0.0003001689910888672,52,0.8846,0.1154,0.1538,0.0769,0.0769,0.0769,95.0,568.0,581.0
insurance,Random,2617,0.0003058910369873047,52,0.9231,0.0769,0.1605,0.0769,0.0769,0.0769,91.0,571.0,612.0
insurance,Random,7166,0.0002956390380859375,52,0.8654,0.1346,0.1505,0.0769,0.0769,0.0769,89.0,604.0,645.0
insurance,Random,1428,0.0003426074981689453,52,0.9231,0.0769,0.1605,0.0577,0.0577,0.0577,97.0,594.0,628.0
insurance,Random,8328,0.00030303001403808594,52,0.8654,0.1346,0.1505,0.1154,0.1154,0.1154,90.0,612.0,616.0
insurance,Random,8289,0.0003116130828857422,52,0.9423,0.0577,0.1639,0.0577,0.0577,0.0577,98.0,610.0,624.0
insurance,Random,5978,0.00029850006103515625,52,0.9231,0.0769,0.1605,0.0769,0.0769,0.0769,92.0,654.0,661.0
insurance,Random,5511,0.0003104209899902344,52,0.9808,0.0192,0.1706,0.0192,0.0192,0.0192,101.0,651.0,664.0
insurance,Random,5864,0.00031256675720214844,52,0.9808,0.0192,0.1706,0.0192,0.0192,0.0192,97.0,624.0,633.0
insurance,Random,606,0.00030922889709472656,52,0.9038,0.0962,0.1572,0.0962,0.0962,0.0962,95.0,591.0,599.0
insurance,Random,1933,0.00030303001403808594,52,0.9423,0.0577,0.1639,0.0577,0.0577,0.0577,97.0,609.0,638.0
insurance,Random,6071,0.0003058910369873047,52,0.9038,0.0962,0.1572,0.0769,0.0769,0.0769,92.0,595.0,629.0
insurance,Random,5504,0.0003123283386230469,52,0.9038,0.0962,0.1572,0.0769,0.0769,0.0769,91.0,623.0,629.0
insurance,Random,5163,0.0003044605255126953,52,0.9231,0.0769,0.1605,0.0577,0.0577,0.0577,93.0,632.0,645.0
insurance,Random,2406,0.0003001689910888672,52,0.9231,0.0769,0.1605,0.0769,0.0769,0.0769,95.0,614.0,645.0
insurance,Random,304,0.0003523826599121094,52,0.8654,0.1346,0.1505,0.0962,0.0962,0.0962,91.0,577.0,584.0
insurance,Random,3391,0.0003209114074707031,52,0.9231,0.0769,0.1605,0.0577,0.0577,0.0577,95.0,580.0,621.0
insurance,Random,359,0.0003032684326171875,52,0.9038,0.0962,0.1572,0.0769,0.0769,0.0769,93.0,582.0,637.0
insurance,Random,9096,0.0003330707550048828,52,0.9423,0.0577,0.1639,0.0577,0.0577,0.0577,95.0,639.0,642.0
insurance,Random,3533,0.00034546852111816406,52,0.9423,0.0577,0.1639,0.0385,0.0385,0.0385,99.0,597.0,628.0
insurance,Random,4125,0.0003070831298828125,52,0.9231,0.0769,0.1605,0.0769,0.0769,0.0769,89.0,637.0,641.0
insurance,Random,3094,0.00030493736267089844,52,0.8462,0.1538,0.1472,0.1538,0.1538,0.1538,91.0,583.0,614.0
insurance,Random,6398,0.00030517578125,52,0.8654,0.1346,0.1505,0.1346,0.1346,0.1346,87.0,588.0,621.0
insurance,MPC,7816,3.9218292236328125,63,0.5397,0.5577,0.1137,0.1905,0.2308,0.2087,76.0,349.0,691.0
insurance,MPC,3578,3.2243430614471436,58,0.5345,0.5192,0.1037,0.1897,0.2115,0.2,76.0,399.0,690.0
insurance,MPC,2656,2.7172634601593018,56,0.5,0.5385,0.0936,0.1964,0.2115,0.2037,71.0,357.0,691.0
insurance,MPC,2688,2.3976643085479736,56,0.5357,0.5,0.1003,0.1786,0.1923,0.1852,73.0,378.0,690.0
insurance,MPC,2494,3.233769416809082,61,0.4754,0.6154,0.097,0.2131,0.25,0.2301,70.0,296.0,691.0
insurance,MPC,183,4.667755603790283,61,0.5082,0.5769,0.1037,0.1967,0.2308,0.2124,74.0,335.0,691.0
insurance,MPC,7977,2.160245895385742,55,0.4727,0.5577,0.087,0.2182,0.2308,0.2243,69.0,355.0,691.0
insurance,MPC,3199,3.131235361099243,58,0.4483,0.6154,0.087,0.2414,0.2692,0.2545,68.0,295.0,691.0
insurance,MPC,316,4.5386810302734375,59,0.5254,0.5385,0.1037,0.2034,0.2308,0.2162,75.0,374.0,689.0
insurance,MPC,8266,2.3244380950927734,59,0.4915,0.5769,0.097,0.2203,0.25,0.2342,71.0,338.0,692.0
insurance,MPC,1532,3.279057502746582,58,0.5345,0.5192,0.1037,0.1897,0.2115,0.2,75.0,378.0,689.0
insurance,MPC,1009,2.872666358947754,59,0.4915,0.5769,0.097,0.2034,0.2308,0.2162,71.0,317.0,690.0
insurance,MPC,2250,3.308229684829712,60,0.45,0.6346,0.0903,0.2167,0.25,0.2321,68.0,276.0,691.0
insurance,MPC,4447,2.4215521812438965,55,0.4727,0.5577,0.087,0.2182,0.2308,0.2243,69.0,359.0,691.0
insurance,MPC,2415,4.3337554931640625,62,0.5323,0.5577,0.1104,0.1935,0.2308,0.2105,76.0,355.0,689.0
insurance,MPC,3595,3.1093499660491943,56,0.4821,0.5577,0.0903,0.2143,0.2308,0.2222,69.0,338.0,690.0
insurance,MPC,4187,2.17996883392334,52,0.4808,0.5192,0.0836,0.1923,0.1923,0.1923,69.0,384.0,689.0
insurance,MPC,4135,3.5762505531311035,59,0.5085,0.5577,0.1003,0.2034,0.2308,0.2162,74.0,357.0,691.0
insurance,MPC,5174,3.0535154342651367,55,0.4727,0.5577,0.087,0.2182,0.2308,0.2243,69.0,359.0,689.0
insurance,MPC,5303,3.184467315673828,60,0.5,0.5769,0.1003,0.2167,0.25,0.2321,73.0,357.0,690.0
insurance,MPC,3942,2.4295294284820557,57,0.4912,0.5577,0.0936,0.193,0.2115,0.2018,70.0,339.0,689.0
insurance,MPC,2778,2.5601861476898193,58,0.5345,0.5192,0.1037,0.1897,0.2115,0.2,75.0,375.0,688.0
insurance,MPC,2804,2.9095711708068848,59,0.5085,0.5577,0.1003,0.2203,0.25,0.2342,72.0,351.0,690.0
insurance,MPC,2145,4.87185263633728,63,0.5079,0.5962,0.107,0.1905,0.2308,0.2087,73.0,335.0,689.0
insurance,MPC,150,4.124436378479004,57,0.5088,0.5385,0.097,0.193,0.2115,0.2018,72.0,355.0,690.0
insurance,MPC,8823,2.602123737335205,56,0.5179,0.5192,0.097,0.1786,0.1923,0.1852,73.0,378.0,688.0
insurance,MPC,4669,2.9086952209472656,59,0.5254,0.5385,0.1037,0.2034,0.2308,0.2162,73.0,350.0,690.0
insurance,MPC,6131,2.3034651279449463,55,0.4727,0.5577,0.087,0.2182,0.2308,0.2243,68.0,360.0,690.0
insurance,MPC,2617,3.087066411972046,56,0.4821,0.5577,0.0903,0.2321,0.25,0.2407,70.0,361.0,690.0
insurance,MPC,7166,2.150844097137451,53,0.4528,0.5577,0.0803,0.1887,0.1923,0.1905,67.0,362.0,690.0
insurance,MPC,1428,3.3030519485473633,56,0.4821,0.5577,0.0903,0.2143,0.2308,0.2222,70.0,360.0,689.0
insurance,MPC,8328,4.306572437286377,58,0.5,0.5577,0.097,0.1897,0.2115,0.2,72.0,361.0,689.0
insurance,MPC,8289,2.602290630340576,60,0.5167,0.5577,0.1037,0.2,0.2308,0.2143,73.0,353.0,690.0
insurance,MPC,5978,3.4785566329956055,59,0.5085,0.5577,0.1003,0.1864,0.2115,0.1982,72.0,340.0,691.0
insurance,MPC,5511,3.219186544418335,56,0.5,0.5385,0.0936,0.1964,0.2115,0.2037,71.0,359.0,689.0
insurance,MPC,5864,3.1945583820343018,61,0.541,0.5385,0.1104,0.1803,0.2115,0.1947,76.0,357.0,689.0
insurance,MPC,606,4.694073438644409,61,0.4918,0.5962,0.1003,0.1967,0.2308,0.2124,70.0,295.0,691.0
insurance,MPC,1933,6.2388856410980225,57,0.4912,0.5577,0.0936,0.2105,0.2308,0.2202,71.0,379.0,689.0
insurance,MPC,6071,2.3258399963378906,57,0.4737,0.5769,0.0903,0.193,0.2115,0.2018,69.0,337.0,689.0
insurance,MPC,5504,3.1359152793884277,62,0.4839,0.6154,0.1003,0.2097,0.25,0.2281,72.0,291.0,692.0
insurance,MPC,5163,2.985807418823242,57,0.5088,0.5385,0.097,0.2105,0.2308,0.2202,73.0,376.0,690.0
insurance,MPC,2406,4.007081508636475,62,0.5323,0.5577,0.1104,0.1774,0.2115,0.193,75.0,332.0,690.0
insurance,MPC,304,2.1013762950897217,56,0.4821,0.5577,0.0903,0.2143,0.2308,0.2222,70.0,377.0,690.0
insurance,MPC,3391,3.6441285610198975,60,0.5167,0.5577,0.1037,0.2167,0.25,0.2321,73.0,356.0,691.0
insurance,MPC,359,3.6535568237304688,61,0.4918,0.5962,0.1003,0.1967,0.2308,0.2124,73.0,314.0,690.0
insurance,MPC,9096,2.3619227409362793,53,0.4906,0.5192,0.087,0.1887,0.1923,0.1905,71.0,362.0,689.0
