ST_elapsed,ST_best_model,ST_best_I,ST_total_num_facts,ST_used_num_facts,ST_num_models,CO_elapsed,CO_best_model,CO_best_I,CO_total_num_facts,CO_used_num_facts,CO_num_models,PR_elapsed,PR_best_model,PR_best_I,PR_total_num_facts,PR_used_num_facts,PR_num_models,abapc_existing_elapsed,n_nodes,n_edges,seed,is_best_st_in_all_co,is_best_st_in_all_pr,is_best_pr_in_all_co,is_all_st_subset_of_all_co,is_all_st_subset_of_all_pr,is_all_pr_subset_of_all_co
0.15920138359069824,"frozenset({(1, 0), (0, 2), (1, 2)})",2.9999999994324984,6,6,6,0.05324268341064453,"frozenset({(1, 0), (1, 2)})",2.9999999994324984,6,6,25,0.03603196144104004,"frozenset({(1, 0), (0, 2), (1, 2)})",2.9999999994324984,6,6,12,0.13740897178649902,3,3,7816,True,True,True,True,True,True
0.010666131973266602,"frozenset({(0, 1), (2, 1)})",2.877095983336465,6,4,1,0.01136159896850586,"frozenset({(0, 1), (2, 1)})",2.877095983336465,6,4,1,0.01160573959350586,"frozenset({(0, 1), (2, 1)})",2.877095983336465,6,4,1,0.37363171577453613,3,3,3578,True,True,True,True,True,True
0.0061419010162353516,"frozenset({(1, 0), (2, 0)})",2.743955537135241,6,6,1,0.005630970001220703,"frozenset({(1, 0), (2, 0)})",2.743955537135241,6,6,1,0.00568079948425293,"frozenset({(1, 0), (2, 0)})",2.743955537135241,6,6,1,0.18454647064208984,3,3,2656,True,True,True,True,True,True
0.016632556915283203,"frozenset({(1, 0), (0, 2), (1, 2)})",3.0,6,6,6,0.05425071716308594,"frozenset({(1, 0), (1, 2)})",3.0,6,6,25,0.03412771224975586,"frozenset({(0, 1), (2, 0), (2, 1)})",3.0,6,6,12,0.21196794509887695,3,3,2688,True,True,True,True,True,True
0.018513917922973633,"frozenset({(1, 0), (0, 2), (1, 2)})",3.0,6,6,6,0.05438947677612305,"frozenset({(1, 0), (1, 2)})",3.0,6,6,25,0.034719228744506836,"frozenset({(1, 0), (0, 2), (1, 2)})",3.0,6,6,12,0.19145798683166504,3,3,2494,True,True,True,True,True,True
0.0165250301361084,"frozenset({(1, 0), (0, 2), (1, 2)})",2.9998715194696075,6,6,6,0.056275367736816406,"frozenset({(1, 0), (1, 2)})",2.9998715194696075,6,6,25,0.035268545150756836,"frozenset({(1, 0), (1, 2), (2, 0)})",2.9998715194696075,6,6,12,0.23549890518188477,3,3,183,True,True,True,True,True,True
0.015491485595703125,"frozenset({(1, 0), (0, 2), (1, 2)})",2.9999988469451595,6,6,6,0.05283641815185547,"frozenset({(1, 0), (1, 2)})",2.9999988469451595,6,6,25,0.032160043716430664,"frozenset({(0, 1), (2, 0), (2, 1)})",2.9999988469451595,6,6,12,0.183058500289917,3,3,7977,True,True,True,True,True,True
0.015308618545532227,"frozenset({(1, 0), (0, 2), (1, 2)})",3.0,6,6,6,0.051167964935302734,"frozenset({(1, 0), (1, 2)})",3.0,6,6,25,0.036226749420166016,"frozenset({(0, 1), (2, 0), (2, 1)})",3.0,6,6,12,0.1976938247680664,3,3,3199,True,True,True,True,True,True
0.006369590759277344,"frozenset({(2, 0)})",2.370315719698346,3,3,2,0.007509708404541016,"frozenset({(2, 0)})",2.370315719698346,3,3,3,0.006336688995361328,"frozenset({(2, 0)})",2.370315719698346,3,3,2,0.1664893627166748,3,3,316,True,True,True,True,True,True
0.008217573165893555,"frozenset({(2, 1)})",2.0592444746597414,3,3,2,0.00791478157043457,"frozenset({(2, 1)})",2.0592444746597414,3,3,3,0.006308317184448242,"frozenset({(2, 1)})",2.0592444746597414,3,3,2,0.15258359909057617,3,3,8266,True,True,True,True,True,True
0.011385917663574219,"frozenset({(1, 0), (2, 1)})",2.9995215497629486,6,6,3,0.012278318405151367,"frozenset({(1, 0), (2, 1)})",2.9995215497629486,6,6,5,0.011131763458251953,"frozenset({(1, 0), (1, 2)})",2.9995215497629486,6,6,3,0.1603987216949463,3,3,1532,True,True,True,True,True,True
0.014710664749145508,"frozenset({(1, 0), (0, 2), (1, 2)})",2.9999833736084587,6,6,6,0.054244041442871094,"frozenset({(1, 0), (1, 2)})",2.9999833736084587,6,6,25,0.03584122657775879,"frozenset({(1, 0), (0, 2), (1, 2)})",2.9999833736084587,6,6,12,0.1907484531402588,3,3,1009,True,True,True,True,True,True
0.013963699340820312,"frozenset({(1, 0), (0, 2), (1, 2)})",2.9999999952008944,6,6,6,0.05089306831359863,"frozenset({(1, 0), (1, 2)})",2.9999999952008944,6,6,25,0.03473401069641113,"frozenset({(0, 1), (2, 0), (2, 1)})",2.9999999952008944,6,6,12,0.20704197883605957,3,3,2250,True,True,True,True,True,True
0.01425623893737793,"frozenset({(1, 0), (0, 2), (1, 2)})",3.0,6,6,6,0.0525362491607666,"frozenset({(1, 0), (1, 2)})",3.0,6,6,25,0.03638720512390137,"frozenset({(0, 1), (2, 0), (2, 1)})",3.0,6,6,12,0.16616487503051758,3,3,4447,True,True,True,True,True,True
0.014458656311035156,"frozenset({(1, 0), (0, 2), (1, 2)})",2.864003013094693,6,6,6,0.05140972137451172,"frozenset({(1, 0), (1, 2)})",2.864003013094693,6,6,25,0.034569501876831055,"frozenset({(1, 0), (2, 0), (2, 1)})",2.864003013094693,6,6,12,0.16620731353759766,3,3,2415,True,True,True,True,True,True
0.014654874801635742,"frozenset({(1, 0), (0, 2), (1, 2)})",3.0,6,6,6,0.05383753776550293,"frozenset({(1, 0), (1, 2)})",3.0,6,6,25,0.03438162803649902,"frozenset({(0, 1), (2, 0), (2, 1)})",3.0,6,6,12,0.17523837089538574,3,3,3595,True,True,True,True,True,True
0.009899616241455078,"frozenset({(0, 2), (1, 2)})",2.6348302230568357,6,5,1,0.010162353515625,"frozenset({(0, 2), (1, 2)})",2.6348302230568357,6,5,1,0.01066279411315918,"frozenset({(0, 2), (1, 2)})",2.6348302230568357,6,5,1,0.24354147911071777,3,3,4187,True,True,True,True,True,True
0.014667749404907227,"frozenset({(1, 0), (0, 2), (1, 2)})",2.9999994021726124,6,6,6,0.053963422775268555,"frozenset({(1, 0), (1, 2)})",2.9999994021726124,6,6,25,0.03554534912109375,"frozenset({(1, 0), (1, 2), (2, 0)})",2.9999994021726124,6,6,12,0.19472527503967285,3,3,4135,True,True,True,True,True,True
0.006112813949584961,"frozenset({(1, 0), (2, 0)})",2.711585956860714,6,6,1,0.005780458450317383,"frozenset({(1, 0), (2, 0)})",2.711585956860714,6,6,1,0.005667924880981445,"frozenset({(1, 0), (2, 0)})",2.711585956860714,6,6,1,0.18333983421325684,3,3,5174,True,True,True,True,True,True
0.006388425827026367,"frozenset({(0, 1), (2, 1)})",2.5899482690839606,6,6,1,0.008813142776489258,"frozenset({(0, 1), (2, 1)})",2.5899482690839606,6,6,1,0.006819486618041992,"frozenset({(0, 1), (2, 1)})",2.5899482690839606,6,6,1,0.24860191345214844,3,3,5303,True,True,True,True,True,True
0.03710651397705078,"frozenset({(1, 0), (0, 2), (1, 2)})",3.0,6,6,6,0.059163570404052734,"frozenset({(1, 0), (1, 2)})",3.0,6,6,25,0.037015676498413086,"frozenset({(1, 0), (0, 2), (1, 2)})",3.0,6,6,12,0.24207520484924316,3,3,3942,True,True,True,True,True,True
0.009172916412353516,"frozenset({(1, 2), (2, 0)})",2.9999999999848566,6,6,3,0.011642217636108398,"frozenset({(2, 0), (2, 1)})",2.9999999999848566,6,6,5,0.009650707244873047,"frozenset({(2, 0), (2, 1)})",2.9999999999848566,6,6,3,0.231245756149292,3,3,2778,True,True,True,True,True,True
0.005984067916870117,"frozenset({(0, 1), (2, 1)})",2.923276116948849,6,6,1,0.005811214447021484,"frozenset({(0, 1), (2, 1)})",2.923276116948849,6,6,1,0.0057299137115478516,"frozenset({(0, 1), (2, 1)})",2.923276116948849,6,6,1,0.2374420166015625,3,3,2804,True,True,True,True,True,True
0.009735345840454102,"frozenset({(0, 2), (1, 2)})",2.5870186636618877,6,5,1,0.00949716567993164,"frozenset({(0, 2), (1, 2)})",2.5870186636618877,6,5,1,0.010014533996582031,"frozenset({(0, 2), (1, 2)})",2.5870186636618877,6,5,1,0.17598438262939453,3,3,2145,True,True,True,True,True,True
0.005949258804321289,"frozenset({(0, 1), (2, 1)})",2.571515815554766,6,6,1,0.0058324337005615234,"frozenset({(0, 1), (2, 1)})",2.571515815554766,6,6,1,0.006345987319946289,"frozenset({(0, 1), (2, 1)})",2.571515815554766,6,6,1,0.21196436882019043,3,3,150,True,True,True,True,True,True
0.013879537582397461,"frozenset({(1, 0), (0, 2), (1, 2)})",3.0,6,6,6,0.05099058151245117,"frozenset({(1, 0), (1, 2)})",3.0,6,6,25,0.03508949279785156,"frozenset({(1, 0), (2, 0), (2, 1)})",3.0,6,6,12,0.202301025390625,3,3,8823,True,True,True,True,True,True
0.014469146728515625,"frozenset({(1, 0), (0, 2), (1, 2)})",2.9999965200421004,6,6,6,0.05134391784667969,"frozenset({(1, 0), (1, 2)})",2.9999965200421004,6,6,25,0.030954360961914062,"frozenset({(0, 1), (2, 0), (2, 1)})",2.9999965200421004,6,6,12,0.23204469680786133,3,3,4669,True,True,True,True,True,True
0.016788482666015625,"frozenset({(1, 0), (0, 2), (1, 2)})",2.9995214750379335,6,6,6,0.05448746681213379,"frozenset({(1, 0), (1, 2)})",2.9995214750379335,6,6,25,0.03556561470031738,"frozenset({(1, 0), (1, 2), (2, 0)})",2.9995214750379335,6,6,12,0.19582676887512207,3,3,6131,True,True,True,True,True,True
0.018128156661987305,"frozenset({(1, 0), (0, 2), (1, 2)})",3.0,6,6,6,0.055857181549072266,"frozenset({(1, 0), (1, 2)})",3.0,6,6,25,0.03368544578552246,"frozenset({(1, 0), (0, 2), (1, 2)})",3.0,6,6,12,0.1988849639892578,3,3,2617,True,True,True,True,True,True
0.0060536861419677734,"frozenset({(1, 0)})",2.4834718223098218,3,3,2,0.0071582794189453125,"frozenset({(1, 0)})",2.4834718223098218,3,3,3,0.006277799606323242,"frozenset({(1, 0)})",2.4834718223098218,3,3,2,0.15813636779785156,3,3,7166,True,True,True,True,True,True
0.014493465423583984,"frozenset({(1, 0), (2, 0), (2, 1)})",2.9764910308737043,6,6,6,0.05678200721740723,"frozenset({(1, 0), (1, 2)})",2.9764910308737043,6,6,25,0.03259730339050293,"frozenset({(1, 0), (0, 2), (1, 2)})",2.9764910308737043,6,6,12,0.17785286903381348,3,3,1428,True,True,True,True,True,True
0.016109466552734375,"frozenset({(1, 0), (0, 2), (1, 2)})",3.0,6,6,6,0.05086088180541992,"frozenset({(1, 0), (1, 2)})",3.0,6,6,25,0.036696672439575195,"frozenset({(1, 0), (2, 0), (2, 1)})",3.0,6,6,12,0.23009705543518066,3,3,8328,True,True,True,True,True,True
0.005881547927856445,"frozenset({(0, 1), (2, 1)})",2.7642033406478665,6,6,1,0.005698680877685547,"frozenset({(0, 1), (2, 1)})",2.7642033406478665,6,6,1,0.006472349166870117,"frozenset({(0, 1), (2, 1)})",2.7642033406478665,6,6,1,0.19510960578918457,3,3,8289,True,True,True,True,True,True
0.00852060317993164,"frozenset({(0, 2), (1, 2)})",2.59572160294901,6,5,1,0.009322166442871094,"frozenset({(0, 2), (1, 2)})",2.59572160294901,6,5,1,0.00969552993774414,"frozenset({(0, 2), (1, 2)})",2.59572160294901,6,5,1,0.26146674156188965,3,3,5978,True,True,True,True,True,True
0.019675731658935547,"frozenset({(1, 0), (0, 2), (1, 2)})",2.999999999618139,6,6,6,0.05783414840698242,"frozenset({(1, 0), (1, 2)})",2.999999999618139,6,6,25,0.03600668907165527,"frozenset({(1, 0), (0, 2), (1, 2)})",2.999999999618139,6,6,12,0.18946456909179688,3,3,5511,True,True,True,True,True,True
0.01626729965209961,"frozenset({(1, 0), (0, 2), (1, 2)})",2.999999987541155,6,6,6,0.05402636528015137,"frozenset({(1, 0), (1, 2)})",2.999999987541155,6,6,25,0.03545045852661133,"frozenset({(0, 1), (2, 0), (2, 1)})",2.999999987541155,6,6,12,0.15249013900756836,3,3,5864,True,True,True,True,True,True
0.014876604080200195,"frozenset({(1, 0), (0, 2), (1, 2)})",2.9999999999976685,6,6,6,0.05071878433227539,"frozenset({(1, 0), (1, 2)})",2.9999999999976685,6,6,25,0.03274893760681152,"frozenset({(1, 0), (0, 2), (1, 2)})",2.9999999999976685,6,6,12,0.2501959800720215,3,3,606,True,True,True,True,True,True
0.009726524353027344,"frozenset({(0, 2), (1, 2)})",2.5815206342219037,6,5,1,0.01113128662109375,"frozenset({(0, 2), (1, 2)})",2.5815206342219037,6,5,1,0.010804891586303711,"frozenset({(0, 2), (1, 2)})",2.5815206342219037,6,5,1,0.23877739906311035,3,3,1933,True,True,True,True,True,True
0.014986991882324219,"frozenset({(1, 0), (0, 2), (1, 2)})",2.9971792114470515,6,6,6,0.052729129791259766,"frozenset({(1, 0), (1, 2)})",2.9971792114470515,6,6,25,0.03527402877807617,"frozenset({(1, 0), (2, 0), (2, 1)})",2.9971792114470515,6,6,12,0.24778270721435547,3,3,6071,True,True,True,True,True,True
0.0173947811126709,"frozenset({(1, 0), (0, 2), (1, 2)})",2.9999999999998113,6,6,6,0.056543588638305664,"frozenset({(1, 0), (1, 2)})",2.9999999999998113,6,6,25,0.03426933288574219,"frozenset({(1, 0), (0, 2), (1, 2)})",2.9999999999998113,6,6,12,0.16534805297851562,3,3,5504,True,True,True,True,True,True
0.00865793228149414,"frozenset({(1, 0), (2, 1)})",2.9999781692732292,6,6,3,0.013478517532348633,"frozenset({(1, 0), (2, 1)})",2.9999781692732292,6,6,5,0.010501384735107422,"frozenset({(1, 0), (1, 2)})",2.9999781692732292,6,6,3,0.21117258071899414,3,3,5163,True,True,True,True,True,True
0.013866662979125977,"frozenset({(1, 0), (0, 2), (1, 2)})",2.999999999973921,6,6,6,0.05212068557739258,"frozenset({(1, 0), (1, 2)})",2.999999999973921,6,6,25,0.034523725509643555,"frozenset({(1, 0), (1, 2), (2, 0)})",2.999999999973921,6,6,12,0.24242758750915527,3,3,2406,True,True,True,True,True,True
0.014724493026733398,"frozenset({(1, 0), (0, 2), (1, 2)})",3.0,6,6,6,0.05081820487976074,"frozenset({(1, 0), (1, 2)})",3.0,6,6,25,0.03657388687133789,"frozenset({(0, 1), (2, 0), (2, 1)})",3.0,6,6,12,0.19411396980285645,3,3,304,True,True,True,True,True,True
0.006094932556152344,"frozenset({(0, 1), (2, 1)})",2.543807027412486,6,6,1,0.0067632198333740234,"frozenset({(0, 1), (2, 1)})",2.543807027412486,6,6,1,0.005640268325805664,"frozenset({(0, 1), (2, 1)})",2.543807027412486,6,6,1,0.15557003021240234,3,3,3391,True,True,True,True,True,True
0.014083623886108398,"frozenset({(1, 0), (0, 2), (1, 2)})",3.0,6,6,6,0.058243751525878906,"frozenset({(1, 0), (1, 2)})",3.0,6,6,25,0.03524947166442871,"frozenset({(0, 1), (2, 0), (2, 1)})",3.0,6,6,12,0.21826720237731934,3,3,359,True,True,True,True,True,True
0.017482757568359375,"frozenset({(1, 0), (0, 2), (1, 2)})",3.0,6,6,6,0.056998491287231445,"frozenset({(1, 0), (1, 2)})",3.0,6,6,25,0.03730583190917969,"frozenset({(1, 0), (1, 2), (2, 0)})",3.0,6,6,12,0.19565868377685547,3,3,9096,True,True,True,True,True,True
0.00903177261352539,"frozenset({(0, 1), (2, 0)})",2.9999999999998557,6,6,3,0.011986732482910156,"frozenset({(0, 1), (2, 0)})",2.9999999999998557,6,6,5,0.011130809783935547,"frozenset({(0, 1), (0, 2)})",2.9999999999998557,6,6,3,0.16969943046569824,3,3,3533,True,True,True,True,True,True
0.0098724365234375,"frozenset({(0, 1), (2, 0)})",2.9999999999996336,6,6,3,0.014123916625976562,"frozenset({(0, 1), (2, 0)})",2.9999999999996336,6,6,5,0.010423660278320312,"frozenset({(0, 1), (0, 2)})",2.9999999999996336,6,6,3,0.2515733242034912,3,3,4125,True,True,True,True,True,True
0.017559528350830078,"frozenset({(1, 0), (0, 2), (1, 2)})",2.999999999999678,6,6,6,0.05212664604187012,"frozenset({(1, 0), (1, 2)})",2.999999999999678,6,6,25,0.03408050537109375,"frozenset({(0, 1), (2, 0), (2, 1)})",2.999999999999678,6,6,12,0.16419219970703125,3,3,3094,True,True,True,True,True,True
0.01633596420288086,"frozenset({(1, 0), (0, 2), (1, 2)})",2.9999999353146207,6,6,6,0.057383060455322266,"frozenset({(1, 0), (1, 2)})",2.9999999353146207,6,6,25,0.035627126693725586,"frozenset({(1, 0), (0, 2), (1, 2)})",2.9999999353146207,6,6,12,0.24094033241271973,3,3,6398,True,True,True,True,True,True
0.07570981979370117,"frozenset({(2, 3), (1, 3), (0, 3), (2, 0)})",5.891201821756388,16,5,6,0.09548020362854004,"frozenset({(2, 3), (1, 3), (0, 3), (2, 0)})",5.891201821756388,16,5,9,0.08830571174621582,"frozenset({(2, 3), (0, 2), (0, 3), (1, 3)})",5.891201821756388,16,5,6,0.5431404113769531,4,4,7816,True,True,True,True,True,True
0.06832695007324219,"frozenset({(0, 1), (3, 2), (0, 3), (1, 3)})",10.655054457422995,23,17,8,0.156510591506958,"frozenset({(0, 1), (2, 3), (3, 1), (3, 0)})",10.655054457422995,23,17,39,0.1121976375579834,"frozenset({(1, 0), (3, 2), (3, 1), (3, 0)})",10.655054457422995,23,17,16,0.4953775405883789,4,4,3578,True,True,True,True,True,True
0.012763023376464844,"frozenset({(0, 1), (1, 3), (2, 1)})",10.597652387731225,20,20,1,0.012351751327514648,"frozenset({(0, 1), (1, 3), (2, 1)})",10.597652387731225,20,20,1,0.012295007705688477,"frozenset({(0, 1), (1, 3), (2, 1)})",10.597652387731225,20,20,1,0.2404918670654297,4,4,2656,True,True,True,True,True,True
0.018751144409179688,"frozenset({(0, 1), (0, 2), (0, 3)})",11.884113241877591,21,21,4,0.02415919303894043,"frozenset({(1, 0), (0, 2), (0, 3)})",11.884113241877591,21,21,7,0.021343708038330078,"frozenset({(0, 1), (0, 2), (0, 3)})",11.884113241877591,21,21,4,0.24594926834106445,4,4,2688,True,True,True,True,True,True
0.030307292938232422,"frozenset({(1, 0), (0, 2), (3, 1), (3, 0)})",11.518935009916879,23,23,8,0.110382080078125,"frozenset({(0, 1), (1, 3), (0, 3), (2, 0)})",11.518935009916879,23,23,39,0.06527400016784668,"frozenset({(1, 0), (0, 2), (1, 3), (3, 0)})",11.518935009916879,23,23,16,0.23557257652282715,4,4,2494,True,True,True,True,True,True
0.08803606033325195,"frozenset({(2, 3), (1, 3), (2, 0), (3, 0)})",9.175447784237758,23,15,7,0.15174603462219238,"frozenset({(1, 0), (1, 3), (0, 3), (2, 0)})",9.175447784237758,23,15,11,0.1426379680633545,"frozenset({(2, 3), (1, 3), (1, 0), (2, 0), (3, 0)})",9.175447784237758,23,15,9,0.527334451675415,4,4,183,True,True,True,True,True,True
0.1036078929901123,"frozenset({(3, 1), (3, 2), (2, 1), (0, 2)})",10.737810161870222,24,17,7,0.1424424648284912,"frozenset({(3, 1), (3, 2), (2, 1), (0, 2)})",10.737810161870222,24,17,11,0.12676310539245605,"frozenset({(0, 1), (3, 2), (2, 1), (0, 2)})",10.737810161870222,24,17,9,0.3139023780822754,4,4,7977,True,True,True,True,True,True
0.11010909080505371,"frozenset({(1, 0), (1, 2), (3, 1), (3, 0)})",10.704720040213264,23,16,14,0.22751617431640625,"frozenset({(1, 0), (1, 3), (2, 1), (3, 0)})",10.704720040213264,23,16,51,0.16496849060058594,"frozenset({(1, 0), (0, 3), (1, 3), (2, 1)})",10.704720040213264,23,16,22,0.4533724784851074,4,4,3199,True,True,True,True,True,True
0.013399124145507812,"frozenset({(1, 0), (0, 3), (2, 0)})",10.7479240598132,20,20,1,0.013391733169555664,"frozenset({(1, 0), (0, 3), (2, 0)})",10.7479240598132,20,20,1,0.015007257461547852,"frozenset({(1, 0), (0, 3), (2, 0)})",10.7479240598132,20,20,1,0.22820544242858887,4,4,316,True,True,True,True,True,True
0.07285261154174805,"frozenset({(3, 1), (3, 2), (2, 1), (0, 2)})",9.833780854841091,20,16,7,0.09512209892272949,"frozenset({(3, 1), (3, 2), (2, 1), (0, 2)})",9.833780854841091,20,16,11,0.09186673164367676,"frozenset({(0, 1), (3, 2), (2, 1), (0, 2)})",9.833780854841091,20,16,9,0.44339919090270996,4,4,8266,True,True,True,True,True,True
0.09702348709106445,"frozenset({(3, 1), (0, 2), (1, 2), (0, 1)})",9.305416664788074,23,15,7,0.16458511352539062,"frozenset({(3, 1), (3, 2), (2, 1), (0, 2)})",9.305416664788074,23,15,11,0.1153409481048584,"frozenset({(3, 1), (0, 2), (1, 2), (0, 1)})",9.305416664788074,23,15,9,0.6135008335113525,4,4,1532,True,True,True,True,True,True
0.014146089553833008,"frozenset({(1, 0), (2, 1), (3, 0)})",9.646045445907376,17,17,2,0.019577503204345703,"frozenset({(1, 0), (2, 1), (3, 0)})",9.646045445907376,17,17,3,0.015763044357299805,"frozenset({(1, 0), (1, 2), (3, 0)})",9.646045445907376,17,17,2,0.21071720123291016,4,4,1009,True,True,True,True,True,True
0.012868881225585938,"frozenset({(0, 3), (2, 0)})",5.712152120857278,9,9,3,0.01538705825805664,"frozenset({(0, 3), (2, 0)})",5.712152120857278,9,9,5,0.017435550689697266,"frozenset({(0, 2), (0, 3)})",5.712152120857278,9,9,3,0.17488479614257812,4,4,2250,True,True,True,True,True,True
0.013952493667602539,"frozenset({(3, 1), (0, 2), (3, 2)})",10.076597564354987,17,17,2,0.019292354583740234,"frozenset({(0, 2), (1, 3), (3, 2)})",10.076597564354987,17,17,3,0.01794576644897461,"frozenset({(3, 1), (0, 2), (3, 2)})",10.076597564354987,17,17,2,0.22649621963500977,4,4,4447,True,True,True,True,True,True
0.020830154418945312,"frozenset({(1, 0), (3, 0)})",4.695444770331098,9,7,1,0.01965928077697754,"frozenset({(1, 0), (3, 0)})",4.695444770331098,9,7,1,0.022356748580932617,"frozenset({(1, 0), (3, 0)})",4.695444770331098,9,7,1,0.27255988121032715,4,4,2415,True,True,True,True,True,True
0.03346109390258789,"frozenset({(2, 3), (1, 2), (2, 0), (3, 0)})",11.675776982802297,23,23,8,0.10759902000427246,"frozenset({(0, 2), (3, 2), (2, 1), (3, 0)})",11.675776982802297,23,23,39,0.06490468978881836,"frozenset({(3, 2), (0, 3), (2, 1), (0, 2)})",11.675776982802297,23,23,16,0.21581816673278809,4,4,3595,True,True,True,True,True,True
0.08660650253295898,"frozenset({(2, 3), (1, 0), (2, 0), (3, 0)})",6.055443811761058,16,5,6,0.0920250415802002,"frozenset({(2, 3), (1, 0), (2, 0), (3, 0)})",6.055443811761058,16,5,9,0.09945082664489746,"frozenset({(2, 3), (1, 0), (2, 0), (3, 0)})",6.055443811761058,16,5,6,0.5309631824493408,4,4,4187,True,True,True,True,True,True
0.06402754783630371,"frozenset({(2, 3), (1, 0), (0, 3), (1, 3)})",9.951763969808576,22,16,2,0.07812857627868652,"frozenset({(2, 3), (1, 0), (0, 3), (1, 3)})",9.951763969808576,22,16,5,0.07544255256652832,"frozenset({(2, 3), (0, 3), (1, 3), (0, 1)})",9.951763969808576,22,16,2,0.3546121120452881,4,4,4135,True,True,True,True,True,True
0.01877593994140625,"frozenset({(3, 1), (3, 2), (2, 1)})",6.413235114494334,9,9,6,0.05576658248901367,"frozenset({(2, 3), (1, 3), (2, 1)})",6.413235114494334,9,9,25,0.03896760940551758,"frozenset({(3, 1), (3, 2), (1, 2)})",6.413235114494334,9,9,12,0.24310517311096191,4,4,5174,True,True,True,True,True,True
0.03060317039489746,"frozenset({(2, 3), (1, 0), (1, 2), (2, 0)})",11.68687146601378,23,23,8,0.10090804100036621,"frozenset({(2, 3), (0, 2), (1, 2), (0, 1)})",11.68687146601378,23,23,39,0.06581807136535645,"frozenset({(2, 3), (0, 2), (2, 1), (0, 1)})",11.68687146601378,23,23,16,0.22364330291748047,4,4,5303,True,True,True,True,True,True
0.06584382057189941,"frozenset({(1, 2), (3, 2), (0, 3), (1, 3)})",10.009523881787999,20,16,7,0.1061251163482666,"frozenset({(1, 2), (3, 2), (0, 3), (1, 3)})",10.009523881787999,20,16,11,0.08309531211853027,"frozenset({(1, 2), (3, 2), (0, 3), (1, 3)})",10.009523881787999,20,16,9,0.6836621761322021,4,4,3942,True,True,True,True,True,True
0.0310976505279541,"frozenset({(2, 3), (2, 0), (3, 1), (3, 0)})",11.793656726531617,23,23,8,0.10495543479919434,"frozenset({(2, 3), (0, 2), (0, 3), (3, 1)})",11.793656726531617,23,23,39,0.06411170959472656,"frozenset({(3, 1), (0, 2), (3, 2), (3, 0)})",11.793656726531617,23,23,16,0.17206454277038574,4,4,2778,True,True,True,True,True,True
0.10249805450439453,"frozenset({(2, 3), (1, 0), (2, 0), (3, 0)})",8.576469505593593,22,12,2,0.12081146240234375,"frozenset({(1, 0), (3, 2), (2, 0), (3, 0)})",8.576469505593593,22,12,5,0.12357831001281738,"frozenset({(1, 0), (3, 2), (2, 0), (3, 0)})",8.576469505593593,22,12,2,0.5225241184234619,4,4,2804,True,True,True,True,True,True
0.033251285552978516,"frozenset({(1, 0), (3, 2), (2, 0)})",8.616388775566582,17,14,2,0.04018568992614746,"frozenset({(1, 0), (3, 2), (2, 0)})",8.616388775566582,17,14,3,0.050780534744262695,"frozenset({(1, 0), (3, 2), (2, 0)})",8.616388775566582,17,14,2,0.43643903732299805,4,4,2145,True,True,True,True,True,True
0.061841726303100586,"frozenset({(2, 3), (0, 3), (2, 1), (3, 1)})",9.944320184475556,20,16,7,0.09720301628112793,"frozenset({(2, 3), (0, 3), (2, 1), (3, 1)})",9.944320184475556,20,16,11,0.07777905464172363,"frozenset({(0, 1), (0, 3), (1, 3), (2, 1)})",9.944320184475556,20,16,9,0.5829348564147949,4,4,150,True,True,True,True,True,True
0.07044005393981934,"frozenset({(3, 2), (2, 0), (2, 1), (3, 0)})",10.5710817457467,23,17,8,0.16991233825683594,"frozenset({(2, 3), (2, 0), (2, 1), (3, 0)})",10.5710817457467,23,17,39,0.1114649772644043,"frozenset({(2, 3), (2, 0), (2, 1), (3, 0)})",10.5710817457467,23,17,16,0.4229443073272705,4,4,8823,True,True,True,True,True,True
0.1005556583404541,"frozenset({(2, 3), (0, 3), (2, 1), (3, 1)})",8.801551709122771,23,14,7,0.15298938751220703,"frozenset({(2, 3), (0, 3), (2, 1), (3, 1)})",8.801551709122771,23,14,11,0.1278069019317627,"frozenset({(2, 3), (0, 3), (3, 1), (0, 1)})",8.801551709122771,23,14,9,0.7490403652191162,4,4,4669,True,True,True,True,True,True
0.0854644775390625,"frozenset({(0, 1), (1, 3), (0, 3), (2, 3)})",8.708291452771883,22,13,2,0.10637640953063965,"frozenset({(0, 1), (1, 3), (0, 3), (2, 3)})",8.708291452771883,22,13,5,0.1065363883972168,"frozenset({(0, 1), (1, 3), (0, 3), (2, 3)})",8.708291452771883,22,13,2,0.6635723114013672,4,4,6131,True,True,True,True,True,True
0.0777292251586914,"frozenset({(0, 1), (1, 3), (0, 3), (2, 3)})",6.794124421351299,22,13,2,0.09766244888305664,"frozenset({(0, 1), (1, 3), (0, 3), (2, 3)})",6.794124421351299,22,13,5,0.0923769474029541,"frozenset({(0, 1), (1, 3), (0, 3), (2, 3)})",6.794124421351299,22,13,2,0.5427694320678711,4,4,2617,True,True,True,True,True,True
0.015615701675415039,"frozenset({(0, 3), (1, 3)})",4.607010140227137,9,8,1,0.013879776000976562,"frozenset({(0, 3), (1, 3)})",4.607010140227137,9,8,1,0.013485908508300781,"frozenset({(0, 3), (1, 3)})",4.607010140227137,9,8,1,0.34785914421081543,4,4,7166,True,True,True,True,True,True
0.03404045104980469,"frozenset({(2, 3), (0, 1), (3, 1), (3, 0)})",11.75226927269162,23,23,8,0.1189279556274414,"frozenset({(3, 1), (3, 2), (0, 3), (0, 1)})",11.75226927269162,23,23,39,0.06563043594360352,"frozenset({(3, 1), (3, 2), (0, 3), (0, 1)})",11.75226927269162,23,23,16,0.19696259498596191,4,4,1428,True,True,True,True,True,True
0.021825790405273438,"frozenset({(2, 3), (2, 0), (3, 1)})",11.29523967495787,20,20,4,0.025938987731933594,"frozenset({(3, 1), (3, 2), (2, 0)})",11.29523967495787,20,20,7,0.01899552345275879,"frozenset({(2, 3), (2, 0), (3, 1)})",11.29523967495787,20,20,4,0.22090506553649902,4,4,8328,True,True,True,True,True,True
0.013013839721679688,"frozenset({(2, 3), (1, 3)})",5.572201656604938,9,8,1,0.013205289840698242,"frozenset({(2, 3), (1, 3)})",5.572201656604938,9,8,1,0.01291513442993164,"frozenset({(2, 3), (1, 3)})",5.572201656604938,9,8,1,0.2486875057220459,4,4,8289,True,True,True,True,True,True
0.09035730361938477,"frozenset({(2, 3), (1, 2), (0, 3), (2, 0)})",11.040756495702425,23,17,8,0.16503667831420898,"frozenset({(2, 3), (1, 2), (2, 0), (3, 0)})",11.040756495702425,23,17,39,0.131422758102417,"frozenset({(2, 3), (2, 0), (2, 1), (3, 0)})",11.040756495702425,23,17,16,0.4383721351623535,4,4,5978,True,True,True,True,True,True
0.08530330657958984,"frozenset({(2, 3), (0, 3), (2, 1), (3, 1)})",9.218073332726481,23,15,7,0.12431955337524414,"frozenset({(2, 3), (0, 3), (2, 1), (3, 1)})",9.218073332726481,23,15,11,0.11680221557617188,"frozenset({(2, 3), (0, 3), (2, 1), (3, 1)})",9.218073332726481,23,15,9,0.45938730239868164,4,4,5511,True,True,True,True,True,True
0.08846139907836914,"frozenset({(1, 2), (3, 2), (0, 3), (1, 3)})",8.919492507441833,20,13,7,0.11673307418823242,"frozenset({(1, 2), (3, 2), (0, 3), (1, 3)})",8.919492507441833,20,13,11,0.10394120216369629,"frozenset({(0, 2), (1, 2), (3, 2), (0, 3), (1, 3)})",8.919492507441833,20,13,9,0.48415040969848633,4,4,5864,True,True,True,True,True,True
0.039320945739746094,"frozenset({(0, 1), (2, 3), (3, 1)})",8.390648799836667,17,13,2,0.042432308197021484,"frozenset({(0, 1), (2, 3), (3, 1)})",8.390648799836667,17,13,3,0.04027390480041504,"frozenset({(0, 1), (2, 3), (3, 1)})",8.390648799836667,17,13,2,0.39240026473999023,4,4,606,True,True,True,True,True,True
0.09039163589477539,"frozenset({(3, 1), (0, 2), (1, 2), (3, 2)})",8.979259901619534,22,13,2,0.11546587944030762,"frozenset({(3, 1), (0, 2), (1, 2), (3, 2)})",8.979259901619534,22,13,5,0.11254405975341797,"frozenset({(3, 1), (0, 2), (1, 2), (3, 2)})",8.979259901619534,22,13,2,0.542726993560791,4,4,1933,True,True,True,True,True,True
0.015527725219726562,"frozenset({(3, 2), (2, 1)})",6.53703472969234,9,9,3,0.015408039093017578,"frozenset({(3, 2), (2, 1)})",6.53703472969234,9,9,5,0.015198707580566406,"frozenset({(2, 3), (2, 1)})",6.53703472969234,9,9,3,0.17345905303955078,4,4,6071,True,True,True,True,True,True
0.05568814277648926,"frozenset({(0, 1), (3, 2), (0, 3), (2, 1)})",10.599417517725476,20,17,6,0.09505939483642578,"frozenset({(0, 1), (3, 2), (2, 1), (3, 0)})",10.599417517725476,20,17,14,0.06441235542297363,"frozenset({(0, 1), (2, 1), (3, 1), (3, 2), (3, 0)})",10.599417517725476,20,17,6,0.35918331146240234,4,4,5504,True,True,True,True,True,True
0.020450592041015625,"frozenset({(3, 1), (3, 2), (2, 1)})",6.728000296957445,9,9,6,0.056551456451416016,"frozenset({(2, 3), (1, 3), (2, 1)})",6.728000296957445,9,9,25,0.03981208801269531,"frozenset({(3, 1), (3, 2), (1, 2)})",6.728000296957445,9,9,12,0.21889710426330566,4,4,5163,True,True,True,True,True,True
0.08842086791992188,"frozenset({(2, 3), (0, 3), (1, 3), (2, 1)})",8.71811713253593,22,13,2,0.10632205009460449,"frozenset({(2, 3), (0, 3), (1, 3), (2, 1)})",8.71811713253593,22,13,5,0.10218572616577148,"frozenset({(2, 3), (0, 3), (1, 3), (2, 1)})",8.71811713253593,22,13,2,0.6238763332366943,4,4,2406,True,True,True,True,True,True
0.12327909469604492,"frozenset({(3, 2), (1, 2), (2, 0), (3, 0)})",10.198053674687023,24,16,7,0.16597223281860352,"frozenset({(1, 0), (0, 2), (3, 2), (3, 0)})",10.198053674687023,24,16,11,0.16190361976623535,"frozenset({(1, 0), (0, 2), (3, 2), (3, 0)})",10.198053674687023,24,16,9,0.5638408660888672,4,4,304,True,True,True,True,True,True
0.057938337326049805,"frozenset({(2, 3), (1, 0), (1, 3), (3, 0)})",9.042518051280279,18,14,7,0.0888526439666748,"frozenset({(2, 3), (1, 0), (1, 3), (3, 0)})",9.042518051280279,18,14,11,0.07051229476928711,"frozenset({(2, 3), (1, 0), (0, 3), (2, 0)})",9.042518051280279,18,14,9,0.45668768882751465,4,4,3391,True,True,True,True,True,True
0.09138274192810059,"frozenset({(1, 2), (3, 2), (0, 3), (1, 3)})",9.006293095554913,23,15,7,0.1339428424835205,"frozenset({(2, 3), (0, 2), (1, 2), (1, 3)})",9.006293095554913,23,15,11,0.12923693656921387,"frozenset({(2, 3), (0, 2), (1, 2), (1, 3)})",9.006293095554913,23,15,9,0.57086181640625,4,4,359,True,True,True,True,True,True
0.014020204544067383,"frozenset({(2, 3), (1, 0), (0, 3)})",9.449125453897995,17,17,2,0.01801753044128418,"frozenset({(0, 1), (0, 3), (2, 3)})",9.449125453897995,17,17,3,0.014827489852905273,"frozenset({(0, 1), (0, 3), (2, 3)})",9.449125453897995,17,17,2,0.28040027618408203,4,4,9096,True,True,True,True,True,True
0.017199277877807617,"frozenset({(1, 3), (2, 1), (3, 0)})",11.286316529989437,20,20,4,0.022933006286621094,"frozenset({(1, 2), (1, 3), (3, 0)})",11.286316529989437,20,20,7,0.020014524459838867,"frozenset({(1, 2), (1, 3), (3, 0)})",11.286316529989437,20,20,4,0.22612977027893066,4,4,3533,True,True,True,True,True,True
0.10438179969787598,"frozenset({(0, 1), (2, 0), (2, 1), (3, 0)})",8.526743075044239,23,14,7,0.1368865966796875,"frozenset({(1, 0), (2, 1), (3, 1), (3, 0)})",8.526743075044239,23,14,11,0.12998127937316895,"frozenset({(0, 1), (2, 0), (2, 1), (3, 0)})",8.526743075044239,23,14,9,0.727287769317627,4,4,4125,True,True,True,True,True,True
0.07067179679870605,"frozenset({(3, 1), (3, 2), (2, 1), (0, 2)})",9.426595468636439,20,16,7,0.1006612777709961,"frozenset({(3, 1), (3, 2), (2, 1), (0, 2)})",9.426595468636439,20,16,11,0.08570241928100586,"frozenset({(3, 1), (3, 2), (2, 1), (0, 2)})",9.426595468636439,20,16,9,0.5294020175933838,4,4,3094,True,True,True,True,True,True
0.0570981502532959,"frozenset({(0, 2), (1, 2), (3, 2), (3, 0)})",7.281426348012623,18,12,2,0.09196639060974121,"frozenset({(0, 2), (1, 2), (3, 2), (3, 0)})",7.281426348012623,18,12,5,0.07471084594726562,"frozenset({(1, 2), (0, 2), (0, 3), (3, 2)})",7.281426348012623,18,12,2,0.5205459594726562,4,4,6398,True,True,True,True,True,True
0.04909515380859375,"frozenset({(2, 3), (0, 3), (2, 0), (1, 4)})",10.71137210285799,13,13,12,0.1949920654296875,"frozenset({(3, 2), (2, 0), (4, 1), (3, 0)})",10.71137210285799,13,13,75,0.08815145492553711,"frozenset({(3, 2), (2, 0), (4, 1), (3, 0)})",10.71137210285799,13,13,24,0.19556808471679688,5,5,7816,True,True,True,True,True,True
0.9240598678588867,"frozenset({(3, 1), (4, 1), (2, 0), (3, 0)})",16.213008941076392,47,13,1,1.1129417419433594,"frozenset({(3, 1), (4, 1), (2, 0), (3, 0)})",16.213008941076392,47,13,1,1.0653636455535889,"frozenset({(3, 1), (4, 1), (2, 0), (3, 0)})",16.213008941076392,47,13,1,1.717780351638794,5,5,3578,True,True,True,True,True,True
0.7421979904174805,"frozenset({(2, 3), (1, 2), (0, 3), (1, 4)})",14.377104204427438,28,8,105,1.7965950965881348,"frozenset({(2, 3), (1, 2), (0, 3), (4, 1)})",14.377104204427438,28,8,175,0.9295105934143066,"frozenset({(2, 3), (1, 2), (0, 3), (4, 1)})",14.377104204427438,28,8,105,0.9158139228820801,5,5,2656,True,True,True,True,True,True
0.3184664249420166,"frozenset({(0, 2), (4, 0), (1, 4), (4, 3)})",26.980769707513556,46,33,5,0.3882598876953125,"frozenset({(0, 2), (4, 0), (1, 4), (4, 3)})",26.980769707513556,46,33,9,0.5038630962371826,"frozenset({(0, 2), (4, 0), (4, 1), (4, 3)})",26.980769707513556,46,33,5,0.7615058422088623,5,5,2688,True,True,True,True,True,True
0.04649615287780762,"frozenset({(1, 0), (2, 4), (3, 2)})",9.365230170876861,13,12,6,0.06822347640991211,"frozenset({(0, 1), (2, 4), (3, 2)})",9.365230170876861,13,12,15,0.05740761756896973,"frozenset({(2, 3), (1, 0), (2, 4)})",9.365230170876861,13,12,6,0.2595343589782715,5,5,2494,True,True,True,True,True,True
1.2915165424346924,"frozenset({(2, 4), (0, 4), (2, 1), (0, 3), (2, 0), (1, 4)})",28.50861919233125,50,34,168,9.39025068283081,"frozenset({(2, 4), (0, 2), (0, 4), (2, 1), (0, 3), (1, 4)})",28.50861919233125,50,34,583,3.1124346256256104,"frozenset({(2, 4), (0, 2), (0, 4), (2, 1), (0, 3), (1, 4)})",28.50861919233125,50,34,220,1.3575036525726318,5,5,183,True,True,True,True,True,True
0.05242013931274414,"frozenset({(3, 1), (4, 0), (3, 4), (1, 4)})",17.441166551706534,27,27,8,0.146101713180542,"frozenset({(4, 0), (1, 3), (1, 4), (4, 3)})",17.441166551706534,27,27,39,0.11100292205810547,"frozenset({(4, 0), (1, 3), (1, 4), (4, 3)})",17.441166551706534,27,27,16,0.26937007904052734,5,5,7977,True,True,True,True,True,True
0.5299320220947266,"frozenset({(2, 3), (2, 1), (0, 3), (1, 3), (1, 4)})",22.278839807480864,49,30,3,0.8376064300537109,"frozenset({(2, 3), (2, 1), (0, 3), (1, 3), (1, 4)})",22.278839807480864,49,30,9,0.6131784915924072,"frozenset({(2, 3), (1, 2), (0, 3), (1, 3), (1, 4)})",22.278839807480864,49,30,3,1.2600975036621094,5,5,3199,True,True,True,True,True,True
0.037923574447631836,"frozenset({(3, 1), (2, 0), (1, 4), (3, 0)})",22.31131689499948,34,34,3,0.0491945743560791,"frozenset({(3, 1), (2, 0), (1, 4), (3, 0)})",22.31131689499948,34,34,5,0.046753644943237305,"frozenset({(2, 0), (1, 3), (1, 4), (3, 0)})",22.31131689499948,34,34,3,0.22919392585754395,5,5,316,True,True,True,True,True,True
0.02701091766357422,"frozenset({(2, 3), (0, 3), (3, 1)})",16.10676206052831,24,24,1,0.031661272048950195,"frozenset({(2, 3), (0, 3), (3, 1)})",16.10676206052831,24,24,1,0.03401517868041992,"frozenset({(2, 3), (0, 3), (3, 1)})",16.10676206052831,24,24,1,0.22233200073242188,5,5,8266,True,True,True,True,True,True
0.14819741249084473,"frozenset({(1, 2), (0, 3), (4, 2), (4, 3)})",17.9659566127573,29,24,1,0.17553114891052246,"frozenset({(1, 2), (0, 3), (4, 2), (4, 3)})",17.9659566127573,29,24,1,0.16396164894104004,"frozenset({(1, 2), (0, 3), (4, 2), (4, 3)})",17.9659566127573,29,24,1,0.4795222282409668,5,5,1532,True,True,True,True,True,True
0.613011360168457,"frozenset({(1, 0), (2, 1), (1, 4), (3, 0)})",15.071107212365487,36,18,50,1.541306734085083,"frozenset({(1, 0), (1, 2), (4, 1), (3, 0)})",15.071107212365487,36,18,151,0.8158822059631348,"frozenset({(1, 0), (1, 2), (4, 1), (3, 0)})",15.071107212365487,36,18,70,1.3471174240112305,5,5,1009,True,True,True,True,True,True
0.2895474433898926,"frozenset({(0, 1), (0, 4), (3, 4), (3, 2), (1, 4)})",13.75982202668807,28,18,16,0.46106624603271484,"frozenset({(0, 1), (2, 3), (0, 4), (3, 4), (1, 4)})",13.75982202668807,28,18,49,0.32776618003845215,"frozenset({(0, 1), (0, 4), (3, 4), (3, 2), (1, 4)})",13.75982202668807,28,18,16,0.6552801132202148,5,5,2250,True,True,True,True,True,True
0.025793075561523438,"frozenset({(2, 3), (0, 3), (4, 1)})",9.249387084615602,13,13,2,0.03253960609436035,"frozenset({(2, 3), (0, 3), (4, 1)})",9.249387084615602,13,13,3,0.03159809112548828,"frozenset({(2, 3), (0, 3), (4, 1)})",9.249387084615602,13,13,2,0.25245189666748047,5,5,4447,True,True,True,True,True,True
0.408597469329834,"frozenset({(2, 3), (1, 2), (0, 3), (1, 3), (1, 4)})",9.334566616653166,27,14,43,1.1054811477661133,"frozenset({(2, 3), (1, 2), (0, 3), (1, 3), (1, 4)})",9.334566616653166,27,14,151,0.7583136558532715,"frozenset({(2, 3), (1, 3), (1, 2), (0, 3), (4, 1)})",9.334566616653166,27,14,65,0.9248578548431396,5,5,2415,True,True,True,True,True,True
0.3761718273162842,"frozenset({(1, 0), (1, 4), (3, 1), (4, 2), (3, 0)})",27.334096400724256,46,33,10,0.560936450958252,"frozenset({(0, 1), (1, 4), (3, 1), (4, 2), (3, 0)})",27.334096400724256,46,33,53,0.6539669036865234,"frozenset({(1, 3), (2, 4), (1, 0), (4, 1), (3, 0)})",27.334096400724256,46,33,20,0.8028392791748047,5,5,3595,True,True,True,True,True,True
0.24514436721801758,"frozenset({(0, 1), (2, 4), (3, 1), (0, 3), (4, 1)})",14.163868910872875,28,19,8,0.3258960247039795,"frozenset({(0, 1), (2, 4), (3, 1), (4, 1), (3, 0)})",14.163868910872875,28,19,21,0.28362584114074707,"frozenset({(0, 1), (2, 4), (3, 1), (4, 1), (3, 0)})",14.163868910872875,28,19,8,0.7081656455993652,5,5,4187,True,True,True,True,True,True
0.04563188552856445,"frozenset({(3, 1), (3, 2), (4, 1), (4, 3)})",17.750155768305927,27,27,8,0.12847638130187988,"frozenset({(2, 3), (3, 1), (4, 1), (3, 4)})",17.750155768305927,27,27,39,0.09085369110107422,"frozenset({(3, 2), (1, 3), (3, 4), (1, 4)})",17.750155768305927,27,27,16,0.1838393211364746,5,5,4135,True,True,True,True,True,True
1.0246531963348389,"frozenset({(0, 2), (4, 3), (1, 0), (3, 2), (0, 3), (1, 3)})",27.1376563055759,53,31,40,2.178598403930664,"frozenset({(0, 2), (4, 3), (1, 0), (3, 2), (0, 3), (1, 3)})",27.1376563055759,53,31,110,1.3311607837677002,"frozenset({(0, 2), (4, 3), (1, 0), (3, 2), (0, 3), (1, 3)})",27.1376563055759,53,31,44,0.8446574211120605,5,5,5174,True,True,True,True,True,True
0.5709125995635986,"frozenset({(2, 3), (1, 0), (2, 0), (1, 4), (3, 0)})",12.77805059804695,27,7,36,0.9830727577209473,"frozenset({(1, 0), (3, 2), (2, 0), (1, 4), (3, 0)})",12.77805059804695,27,7,81,0.6788690090179443,"frozenset({(2, 3), (1, 0), (2, 0), (1, 4), (3, 0)})",12.77805059804695,27,7,36,0.8924756050109863,5,5,5303,True,True,True,True,True,True
1.092132806777954,"frozenset({(4, 0), (2, 1), (3, 4), (1, 0), (4, 1), (3, 0)})",19.796167894840533,55,27,10,1.456310749053955,"frozenset({(4, 0), (2, 1), (4, 3), (1, 0), (4, 1), (3, 0)})",19.796167894840533,55,27,21,1.3172357082366943,"frozenset({(4, 0), (2, 1), (4, 3), (1, 0), (4, 1), (3, 0)})",19.796167894840533,55,27,10,1.7799453735351562,5,5,3942,True,True,True,True,True,True
0.5826952457427979,"frozenset({(0, 1), (2, 1), (3, 4), (0, 3), (1, 3)})",25.538688643441,51,31,7,0.8755679130554199,"frozenset({(0, 1), (2, 1), (3, 4), (0, 3), (1, 3)})",25.538688643441,51,31,11,0.8665964603424072,"frozenset({(0, 1), (2, 3), (2, 1), (3, 4), (3, 1), (0, 3)})",25.538688643441,51,31,9,1.0280208587646484,5,5,2778,True,True,True,True,True,True
1.8121390342712402,"frozenset({(1, 3), (4, 0), (2, 1), (1, 0), (2, 0)})",20.835886360271065,48,8,219,4.459529399871826,"frozenset({(1, 3), (4, 0), (1, 2), (1, 0), (2, 0)})",20.835886360271065,48,8,355,2.651057243347168,"frozenset({(1, 0), (4, 0), (1, 2), (3, 1), (2, 0)})",20.835886360271065,48,8,219,2.0123050212860107,5,5,2804,True,True,True,True,True,True
0.5300889015197754,"frozenset({(0, 2), (1, 2), (3, 4), (3, 2), (4, 2)})",18.584685786086958,44,23,2,0.7999794483184814,"frozenset({(0, 2), (1, 2), (3, 4), (3, 2), (4, 2)})",18.584685786086958,44,23,5,0.6310439109802246,"frozenset({(0, 2), (1, 2), (4, 3), (3, 2), (4, 2)})",18.584685786086958,44,23,2,0.6356468200683594,5,5,2145,True,True,True,True,True,True
0.3007845878601074,"frozenset({(2, 3), (1, 0), (2, 4), (1, 4)})",17.749672652903698,31,22,16,0.4517190456390381,"frozenset({(2, 3), (1, 0), (2, 4), (1, 4)})",17.749672652903698,31,22,49,0.3325214385986328,"frozenset({(2, 3), (1, 0), (2, 4), (1, 4)})",17.749672652903698,31,22,16,0.9167239665985107,5,5,150,True,True,True,True,True,True
0.03240680694580078,"frozenset({(3, 2), (4, 1), (2, 4)})",17.136500057022218,24,24,4,0.04344534873962402,"frozenset({(3, 2), (4, 1), (2, 4)})",17.136500057022218,24,24,7,0.04154801368713379,"frozenset({(2, 3), (2, 4), (4, 1)})",17.136500057022218,24,24,4,0.20456504821777344,5,5,8823,True,True,True,True,True,True
1.4821884632110596,"frozenset({(0, 2), (1, 0), (3, 2), (0, 3), (1, 4)})",22.04517817876896,44,27,246,11.472856998443604,"frozenset({(0, 2), (1, 0), (3, 2), (0, 3), (4, 1)})",22.04517817876896,44,27,1075,4.0374836921691895,"frozenset({(2, 3), (0, 2), (1, 0), (0, 3), (4, 1)})",22.04517817876896,44,27,390,1.4025917053222656,5,5,4669,True,True,True,True,True,True
0.03634762763977051,"frozenset({(3, 1), (4, 0), (2, 0), (3, 4)})",22.278119008888602,34,34,3,0.04822254180908203,"frozenset({(3, 1), (4, 0), (2, 0), (4, 3)})",22.278119008888602,34,34,5,0.046250104904174805,"frozenset({(3, 1), (4, 0), (2, 0), (4, 3)})",22.278119008888602,34,34,3,0.31703615188598633,5,5,6131,True,True,True,True,True,True
0.03688645362854004,"frozenset({(1, 0), (3, 2), (1, 3), (4, 3)})",27.795749227263382,44,44,2,0.044811248779296875,"frozenset({(1, 0), (3, 2), (1, 3), (4, 3)})",27.795749227263382,44,44,3,0.04721784591674805,"frozenset({(1, 0), (3, 2), (1, 3), (4, 3)})",27.795749227263382,44,44,2,0.22360873222351074,5,5,2617,True,True,True,True,True,True
0.07590460777282715,"frozenset({(0, 1), (2, 1), (0, 3), (2, 0), (4, 2)})",33.08793224464654,56,56,10,0.21914029121398926,"frozenset({(0, 1), (2, 4), (2, 1), (0, 3), (2, 0)})",33.08793224464654,56,56,53,0.15413999557495117,"frozenset({(0, 1), (2, 4), (1, 2), (0, 2), (3, 0)})",33.08793224464654,56,56,20,0.22209405899047852,5,5,7166,True,True,True,True,True,True
0.43030619621276855,"frozenset({(2, 3), (2, 1), (3, 1), (0, 3), (4, 1)})",14.247851975962188,36,20,4,0.46884703636169434,"frozenset({(2, 3), (2, 1), (3, 1), (0, 3), (4, 1)})",14.247851975962188,36,20,5,0.6475050449371338,"frozenset({(2, 3), (2, 1), (3, 1), (0, 3), (4, 1)})",14.247851975962188,36,20,4,0.8714854717254639,5,5,1428,True,True,True,True,True,True
0.3921334743499756,"frozenset({(0, 2), (1, 2), (0, 3), (1, 3), (4, 2)})",16.153659085347392,34,20,4,0.452728271484375,"frozenset({(0, 2), (1, 2), (0, 3), (1, 3), (4, 2)})",16.153659085347392,34,20,5,0.6267707347869873,"frozenset({(0, 2), (1, 2), (0, 3), (1, 3), (4, 2)})",16.153659085347392,34,20,4,0.9545116424560547,5,5,8328,True,True,True,True,True,True
0.6792623996734619,"frozenset({(1, 0), (3, 2), (4, 0), (4, 2)})",10.648270629359551,35,7,1,0.9580070972442627,"frozenset({(1, 0), (3, 2), (4, 0), (4, 2)})",10.648270629359551,35,7,1,0.9454443454742432,"frozenset({(1, 0), (3, 2), (4, 0), (4, 2)})",10.648270629359551,35,7,1,1.3172006607055664,5,5,8289,True,True,True,True,True,True
0.5942196846008301,"frozenset({(0, 2), (1, 2), (0, 4), (3, 1), (4, 2)})",14.048562286320687,39,17,8,0.9614460468292236,"frozenset({(4, 0), (0, 2), (1, 2), (4, 2)})",14.055851146736428,39,17,35,0.8703742027282715,"frozenset({(0, 2), (1, 2), (0, 4), (3, 1), (4, 2)})",14.048562286320687,39,17,8,1.4376590251922607,5,5,5978,True,True,True,True,True,True
0.2409815788269043,"frozenset({(2, 4), (4, 0), (1, 0), (2, 0), (1, 4)})",17.49647673714623,28,21,7,0.3065004348754883,"frozenset({(2, 4), (4, 0), (1, 0), (2, 0), (1, 4)})",17.49647673714623,28,21,11,0.26935553550720215,"frozenset({(2, 4), (4, 0), (1, 0), (2, 0), (1, 4)})",17.49647673714623,28,21,9,0.3763914108276367,5,5,5511,True,True,True,True,True,True
0.2680850028991699,"frozenset({(4, 0), (1, 3), (0, 3), (2, 0)})",22.064675927198845,39,29,1,0.33295369148254395,"frozenset({(4, 0), (1, 3), (0, 3), (2, 0)})",22.064675927198845,39,29,1,0.2917294502258301,"frozenset({(4, 0), (1, 3), (0, 3), (2, 0)})",22.064675927198845,39,29,1,0.490706205368042,5,5,5864,True,True,True,True,True,True
0.2726857662200928,"frozenset({(3, 1), (3, 2), (4, 1), (3, 4)})",15.422464924836374,27,18,14,0.44646525382995605,"frozenset({(3, 1), (3, 2), (3, 4), (1, 4)})",15.422464924836374,27,18,51,0.336200475692749,"frozenset({(3, 1), (3, 2), (3, 4), (1, 4)})",15.422464924836374,27,18,22,0.5714447498321533,5,5,606,True,True,True,True,True,True
0.10762453079223633,"frozenset({(3, 2), (2, 0), (3, 4), (4, 2)})",15.865167809055032,24,21,8,0.19919610023498535,"frozenset({(2, 3), (2, 4), (2, 0), (4, 3)})",15.865167809055032,24,21,39,0.15276670455932617,"frozenset({(2, 3), (2, 0), (4, 2), (4, 3)})",15.865167809055032,24,21,16,0.41787099838256836,5,5,1933,True,True,True,True,True,True
0.13054180145263672,"frozenset({(0, 1), (2, 4), (2, 1), (1, 4)})",12.914225703708173,22,18,7,0.18242740631103516,"frozenset({(0, 1), (2, 4), (2, 1), (1, 4)})",12.914225703708173,22,18,11,0.1659526824951172,"frozenset({(0, 1), (2, 4), (2, 1), (1, 4)})",12.914225703708173,22,18,9,0.4802711009979248,5,5,6071,True,True,True,True,True,True
0.12895560264587402,"frozenset({(3, 1), (0, 3), (4, 1), (4, 3)})",13.74241007544345,22,18,7,0.18006277084350586,"frozenset({(3, 1), (0, 3), (4, 1), (4, 3)})",13.74241007544345,22,18,11,0.17147350311279297,"frozenset({(3, 1), (0, 3), (4, 1), (4, 3)})",13.74241007544345,22,18,9,0.4705963134765625,5,5,5504,True,True,True,True,True,True
0.05059504508972168,"frozenset({(2, 3), (2, 4), (2, 1), (1, 0), (3, 0)})",35.0385878006728,58,58,4,0.07835507392883301,"frozenset({(2, 3), (2, 1), (1, 0), (4, 2), (3, 0)})",35.0385878006728,58,58,9,0.06752443313598633,"frozenset({(2, 3), (2, 4), (2, 1), (1, 0), (3, 0)})",35.0385878006728,58,58,4,0.22745347023010254,5,5,5163,True,True,True,True,True,True
0.45304250717163086,"frozenset({(0, 4), (4, 3), (3, 2), (0, 3), (1, 3)})",28.81949980275782,51,34,2,0.6625733375549316,"frozenset({(4, 0), (4, 3), (3, 2), (0, 3), (1, 3)})",28.81949980275782,51,34,5,0.5323801040649414,"frozenset({(0, 4), (4, 3), (3, 2), (0, 3), (1, 3)})",28.81949980275782,51,34,2,0.3488583564758301,5,5,2406,True,True,True,True,True,True
0.7008988857269287,"frozenset({(0, 1), (0, 4), (2, 1), (4, 3), (4, 1)})",18.28158033725354,47,21,3,0.9913644790649414,"frozenset({(0, 1), (4, 0), (4, 1), (2, 1)})",18.381670812121534,47,21,9,0.9999542236328125,"frozenset({(0, 1), (4, 0), (2, 1), (4, 3), (4, 1)})",18.28158033725354,47,21,3,1.3718607425689697,5,5,304,True,True,True,True,True,True
2.2305877208709717,"frozenset({(2, 3), (1, 2), (4, 3), (1, 3), (3, 0)})",15.402209060129934,38,7,391,8.913496494293213,"frozenset({(2, 3), (1, 2), (4, 3), (1, 3), (3, 0)})",15.402209060129934,38,7,527,3.214550495147705,"frozenset({(2, 3), (2, 1), (4, 3), (1, 3), (3, 0)})",15.402209060129934,38,7,403,1.5332403182983398,5,5,3391,True,True,True,True,True,True
0.5420050621032715,"frozenset({(0, 1), (2, 4), (0, 4), (3, 4), (2, 0)})",20.30340850707096,40,25,33,1.154212236404419,"frozenset({(0, 1), (2, 4), (0, 2), (0, 4), (3, 4)})",20.30340850707096,40,25,139,0.8745145797729492,"frozenset({(0, 1), (2, 4), (0, 4), (3, 4), (2, 0)})",20.30340850707096,40,25,51,0.9829349517822266,5,5,359,True,True,True,True,True,True
0.661555290222168,"frozenset({(0, 2), (4, 0), (3, 1), (0, 3), (4, 1)})",33.6510060105685,58,39,8,1.0192594528198242,"frozenset({(0, 2), (4, 0), (3, 1), (0, 3), (4, 1)})",33.6510060105685,58,39,18,1.0213346481323242,"frozenset({(0, 2), (0, 4), (3, 1), (4, 1), (3, 0)})",33.6510060105685,58,39,8,0.6316835880279541,5,5,9096,True,True,True,True,True,True
0.08481097221374512,"frozenset({(0, 4), (2, 1), (1, 4)})",12.637312321914406,21,18,2,0.10947346687316895,"frozenset({(0, 4), (2, 1), (1, 4)})",12.637312321914406,21,18,3,0.10946226119995117,"frozenset({(0, 4), (2, 1), (1, 4)})",12.637312321914406,21,18,2,0.44059038162231445,5,5,3533,True,True,True,True,True,True
0.9156041145324707,"frozenset({(0, 1), (2, 4), (1, 2), (0, 4), (3, 1), (1, 4)})",25.483193679744144,56,31,6,1.1571121215820312,"frozenset({(0, 1), (2, 4), (1, 2), (3, 1), (1, 4)})",26.019225289936156,56,31,8,1.1306612491607666,"frozenset({(0, 1), (2, 4), (1, 2), (0, 4), (3, 1), (1, 4)})",25.483193679744144,56,31,6,0.836395263671875,5,5,4125,True,True,True,True,True,True
0.06560635566711426,"frozenset({(2, 3), (0, 4), (4, 3), (0, 3), (4, 2)})",18.281288020943652,28,27,3,0.1127018928527832,"frozenset({(2, 3), (4, 0), (4, 3), (0, 3), (4, 2)})",18.281288020943652,28,27,14,0.11727714538574219,"frozenset({(2, 3), (0, 4), (4, 3), (0, 3), (4, 2)})",18.281288020943652,28,27,3,0.2905542850494385,5,5,3094,True,True,True,True,True,True
0.5093884468078613,"frozenset({(0, 1), (0, 2), (1, 2), (3, 2), (1, 4)})",19.30158363773019,40,25,29,0.911496639251709,"frozenset({(3, 2), (1, 2), (2, 0), (4, 1)})",19.35179452336338,40,25,60,0.669487476348877,"frozenset({(0, 2), (1, 2), (1, 0), (3, 2), (4, 1)})",19.30158363773019,40,25,33,0.8914599418640137,5,5,6398,True,True,True,True,True,True
1.8323822021484375,"frozenset({(5, 0), (3, 2), (4, 1), (3, 5), (4, 2)})",23.21676693039289,42,27,36,2.9535269737243652,"frozenset({(5, 0), (3, 2), (4, 1), (3, 5), (4, 2)})",23.21676693039289,42,27,175,2.5107076168060303,"frozenset({(1, 4), (5, 0), (3, 2), (3, 5), (4, 2)})",23.21676693039289,42,27,52,2.229719877243042,6,6,7816,True,True,True,True,True,True
3.9989852905273438,"frozenset({(2, 1), (3, 4), (5, 4), (2, 0), (5, 1), (1, 4), (3, 0)})",31.058011549884053,61,31,15,5.051106214523315,"frozenset({(2, 1), (3, 4), (5, 4), (2, 0), (5, 1), (1, 4), (3, 0)})",31.058011549884053,61,31,17,5.702815294265747,"frozenset({(2, 1), (3, 4), (5, 4), (2, 0), (5, 1), (1, 4), (3, 0)})",31.058011549884053,61,31,15,2.6823208332061768,6,6,3578,True,True,True,True,True,True
11.814088821411133,"frozenset({(0, 2), (1, 2), (0, 5), (3, 2), (0, 3), (5, 1)})",35.53114275044404,63,36,1070,115.63432288169861,"frozenset({(0, 2), (1, 2), (0, 5), (3, 2), (0, 3), (5, 1)})",35.53114275044404,63,36,3153,31.27383589744568,"frozenset({(0, 2), (1, 2), (0, 5), (3, 2), (5, 1), (3, 0)})",35.53114275044404,63,36,1260,4.744046926498413,6,6,2656,True,True,True,True,True,True
6.022201299667358,"frozenset({(2, 4), (0, 4), (2, 1), (5, 0), (5, 4), (5, 1), (1, 4)})",31.886726491643188,73,31,40,8.774778604507446,"frozenset({(2, 4), (0, 4), (2, 1), (0, 5), (5, 4), (5, 1), (1, 4)})",31.886726491643188,73,31,110,7.82723593711853,"frozenset({(2, 4), (0, 4), (2, 1), (0, 5), (5, 4), (5, 1), (1, 4)})",31.886726491643188,73,31,44,3.297805070877075,6,6,2688,True,True,True,True,True,True
8.485411882400513,"frozenset({(4, 0), (5, 0), (4, 1), (1, 0), (2, 0), (5, 1), (5, 2)})",34.245914922090265,74,32,342,26.544649839401245,"frozenset({(4, 0), (5, 0), (4, 1), (1, 0), (2, 0), (5, 1), (5, 2)})",34.245914922090265,74,32,689,17.150724172592163,"frozenset({(4, 0), (5, 0), (4, 1), (1, 0), (2, 0), (5, 1), (5, 2)})",34.245914922090265,74,32,446,5.4395835399627686,6,6,2494,True,True,True,True,True,True
1.5389370918273926,"frozenset({(0, 1), (4, 5), (2, 5), (3, 0)})",16.50435595037683,27,16,23,2.325371265411377,"frozenset({(0, 1), (4, 5), (0, 3), (2, 5)})",16.50435595037683,27,16,60,2.1840128898620605,"frozenset({(0, 1), (4, 5), (2, 5), (3, 0)})",16.50435595037683,27,16,27,1.75390625,6,6,183,True,True,True,True,True,True
0.9752066135406494,"frozenset({(4, 0), (5, 4), (1, 2), (3, 0)})",16.359439193687816,25,17,32,1.6566507816314697,"frozenset({(4, 5), (4, 0), (2, 1), (3, 0)})",16.359439193687816,25,17,159,1.511540174484253,"frozenset({(4, 0), (4, 5), (1, 2), (3, 0)})",16.359439193687816,25,17,42,1.3090455532073975,6,6,7977,True,True,True,True,True,True
11.386219501495361,"frozenset({(2, 3), (0, 2), (1, 2), (0, 3), (1, 3), (5, 1)})",34.226319250145465,60,10,902,35.26087284088135,"frozenset({(0, 2), (1, 2), (3, 2), (0, 3), (1, 3), (5, 1)})",34.226319250145465,60,10,1114,16.101959466934204,"frozenset({(0, 2), (1, 2), (3, 2), (0, 3), (1, 3), (5, 1)})",34.226319250145465,60,10,914,3.8184654712677,6,6,3199,True,True,True,True,True,True
6.078761339187622,"frozenset({(3, 4), (0, 5), (1, 5), (2, 0), (1, 4), (3, 0)})",34.11982748231985,81,36,1,8.432293176651001,"frozenset({(3, 4), (0, 5), (1, 5), (2, 0), (1, 4), (3, 0)})",34.11982748231985,81,36,1,8.475221633911133,"frozenset({(3, 4), (0, 5), (1, 5), (2, 0), (1, 4), (3, 0)})",34.11982748231985,81,36,1,5.804235458374023,6,6,316,True,True,True,True,True,True
2.4703691005706787,"frozenset({(5, 3), (0, 3), (2, 3), (4, 2)})",16.7095746720778,40,19,15,3.3379738330841064,"frozenset({(5, 3), (0, 3), (2, 3)})",16.89145796096592,40,19,40,3.304295063018799,"frozenset({(5, 3), (2, 4), (0, 3), (2, 3)})",16.7095746720778,40,19,15,2.4754486083984375,6,6,8266,True,True,True,True,True,True
4.363410234451294,"frozenset({(1, 2), (2, 5), (5, 4), (0, 3), (3, 5)})",35.14741392743904,71,39,4,5.599356174468994,"frozenset({(2, 5), (2, 1), (5, 4), (0, 3), (3, 5)})",35.14741392743904,71,39,9,5.872309684753418,"frozenset({(1, 2), (5, 4), (2, 5), (3, 5), (3, 0)})",35.14741392743904,71,39,4,4.355421543121338,6,6,1532,True,True,True,True,True,True
25.064922094345093,"frozenset({(2, 1), (3, 4), (1, 0), (5, 4), (1, 3), (1, 4)})",43.71765423150192,84,41,2266,341.4893546104431,"frozenset({(2, 1), (3, 4), (1, 0), (5, 4), (1, 3), (1, 4)})",43.71765423150192,84,41,9660,136.07286286354065,"frozenset({(2, 1), (3, 4), (1, 0), (5, 4), (1, 3), (1, 4)})",43.71765423150192,84,41,4698,8.055264234542847,6,6,1009,True,True,True,False,True,False
2.7203147411346436,"frozenset({(2, 3), (0, 5), (3, 1), (2, 5), (4, 1), (3, 5)})",30.26601694149518,55,30,4,3.598437547683716,"frozenset({(0, 5), (3, 1), (3, 2), (2, 5), (4, 1), (3, 5)})",30.26601694149518,55,30,12,3.6705665588378906,"frozenset({(2, 3), (0, 5), (3, 1), (2, 5), (4, 1), (3, 5)})",30.26601694149518,55,30,4,2.9031598567962646,6,6,2250,True,True,True,True,True,True
6.809924364089966,"frozenset({(0, 2), (0, 4), (4, 2), (0, 3), (1, 3), (1, 4), (5, 2)})",27.352880595620082,77,39,213,18.952035665512085,"frozenset({(0, 4), (4, 2), (0, 3), (1, 3), (1, 4), (5, 2)})",29.843466285386214,77,39,331,11.430568933486938,"frozenset({(0, 2), (0, 4), (4, 2), (0, 3), (1, 3), (1, 4), (5, 2)})",27.352880595620082,77,39,239,5.209932565689087,6,6,4447,True,True,True,True,True,True
2.0730230808258057,"frozenset({(4, 5), (4, 3), (1, 0), (1, 5), (3, 2)})",18.48806230818184,40,22,48,3.352832555770874,"frozenset({(4, 5), (1, 0), (3, 2), (1, 5)})",19.5317608705423,40,22,161,2.932499885559082,"frozenset({(2, 3), (4, 5), (3, 4), (1, 5), (1, 0)})",18.48806230818184,40,22,48,3.0975558757781982,6,6,2415,True,True,True,True,True,True
7.191098690032959,"frozenset({(0, 5), (4, 1), (5, 1), (3, 5), (5, 2)})",31.641598016465032,51,33,1066,57.15195155143738,"frozenset({(0, 5), (4, 1), (5, 1), (3, 5), (5, 2)})",31.641598016465032,51,33,2352,20.859829902648926,"frozenset({(0, 5), (4, 1), (5, 1), (3, 5), (5, 2)})",31.641598016465032,51,33,1159,3.3852128982543945,6,6,3595,True,True,True,True,True,True
6.031714916229248,"frozenset({(2, 4), (0, 4), (0, 5), (3, 1), (5, 4), (2, 5), (1, 4)})",28.672025355227195,74,29,136,16.617255926132202,"frozenset({(2, 4), (0, 4), (0, 5), (5, 4), (2, 5), (1, 4)})",30.32195685295546,74,29,973,8.931055545806885,"frozenset({(2, 4), (0, 4), (0, 5), (3, 1), (5, 4), (2, 5), (1, 4)})",28.672025355227195,74,29,200,4.282630443572998,6,6,4187,True,True,True,True,True,True
113.52980089187622,"frozenset({(0, 1), (0, 2), (3, 1), (3, 2), (4, 1), (5, 1)})",21.674043519295356,80,7,17317,276.9555196762085,"frozenset({(3, 1), (5, 1), (1, 4), (0, 1)})",23.562813658441023,80,7,7403,296.065767288208,"frozenset({(0, 1), (0, 2), (3, 1), (3, 2), (4, 1), (5, 1)})",21.674043519295356,80,7,17389,42.21078944206238,6,6,4135,True,True,True,False,True,False
0.16606712341308594,"frozenset({(1, 0), (5, 0), (3, 4)})",11.919847096503366,18,17,2,0.19265246391296387,"frozenset({(1, 0), (5, 0), (3, 4)})",11.919847096503366,18,17,3,0.1923074722290039,"frozenset({(1, 0), (5, 0), (3, 4)})",11.919847096503366,18,17,2,0.3950076103210449,6,6,5174,True,True,True,True,True,True
0.09472942352294922,"frozenset({(5, 3), (1, 0), (2, 4), (3, 0)})",18.721303975530073,26,26,4,0.11803865432739258,"frozenset({(1, 0), (2, 4), (3, 5), (3, 0)})",18.721303975530073,26,26,9,0.11287975311279297,"frozenset({(1, 0), (3, 5), (4, 2), (3, 0)})",18.721303975530073,26,26,4,0.27390575408935547,6,6,5303,True,True,True,True,True,True
4.8636438846588135,"frozenset({(2, 4), (0, 2), (0, 4), (5, 4), (4, 1), (5, 1), (3, 5)})",27.378723255087323,55,34,256,49.54244875907898,"frozenset({(2, 4), (0, 4), (4, 1), (5, 4), (2, 0), (3, 5)})",28.65343039553892,55,34,1345,11.479527235031128,"frozenset({(2, 4), (0, 2), (0, 4), (5, 4), (4, 1), (5, 1), (3, 5)})",27.378723255087323,55,34,274,3.808685302734375,6,6,3942,True,True,True,True,True,True
0.20200705528259277,"frozenset({(4, 0), (5, 0), (2, 1), (4, 3), (5, 3), (0, 3)})",24.148411819996394,33,32,4,0.33098268508911133,"frozenset({(4, 0), (5, 0), (2, 1), (4, 3), (5, 3), (3, 0)})",24.148411819996394,33,32,30,0.28212666511535645,"frozenset({(4, 0), (5, 0), (2, 1), (4, 3), (5, 3), (3, 0)})",24.148411819996394,33,32,8,0.49427080154418945,6,6,2778,True,True,True,True,True,True
2.5105934143066406,"frozenset({(2, 4), (1, 2), (0, 4), (3, 4), (0, 2), (1, 3)})",29.23878230011413,62,44,6,3.2676260471343994,"frozenset({(2, 4), (1, 2), (0, 4), (0, 2), (3, 1)})",29.447855421175525,62,44,16,3.0119221210479736,"frozenset({(2, 4), (1, 2), (0, 4), (3, 4), (0, 2), (3, 1)})",29.23878230011413,62,44,6,2.0266714096069336,6,6,2804,True,True,True,True,True,True
0.2737090587615967,"frozenset({(3, 2), (5, 0), (3, 4), (5, 2)})",23.641562730067125,36,34,4,0.3392903804779053,"frozenset({(3, 2), (5, 0), (3, 4), (5, 2)})",23.641562730067125,36,34,9,0.4831569194793701,"frozenset({(3, 2), (3, 4), (0, 5), (5, 2)})",23.641562730067125,36,34,4,0.5049796104431152,6,6,2145,True,True,True,True,True,True
2.958050489425659,"frozenset({(1, 0), (3, 2), (2, 5), (5, 1), (3, 5)})",31.51559844682537,49,34,246,15.67155647277832,"frozenset({(0, 1), (1, 5), (5, 3), (3, 2), (5, 2)})",31.51559844682537,49,34,1075,6.4951043128967285,"frozenset({(2, 3), (1, 0), (5, 3), (2, 5), (5, 1)})",31.51559844682537,49,34,390,1.9793074131011963,6,6,150,True,True,True,True,True,True
0.8903591632843018,"frozenset({(2, 3), (1, 2), (0, 3), (1, 3)})",13.97649901651657,25,17,2,1.037214756011963,"frozenset({(2, 3), (0, 3), (1, 3), (2, 1)})",13.97649901651657,25,17,5,1.270331621170044,"frozenset({(2, 3), (0, 3), (1, 3), (2, 1)})",13.97649901651657,25,17,2,0.8779759407043457,6,6,8823,True,True,True,True,True,True
262.9059102535248,"frozenset({(1, 2), (0, 3), (2, 0), (5, 1), (4, 2), (1, 0), (1, 3), (5, 2)})",37.89031945264865,83,44,19259,607.5241324901581,"frozenset({(4, 0), (3, 1), (5, 3), (5, 1), (3, 0), (0, 2), (5, 0), (1, 0)})",37.77535050178149,83,44,9755,2250.9885680675507,"frozenset({(1, 2), (1, 5), (0, 3), (2, 0), (4, 2), (1, 0), (1, 3), (5, 2)})",37.89031945264865,83,44,27114,46.272069454193115,6,6,4669,False,True,False,False,True,False
0.9073703289031982,"frozenset({(5, 3), (4, 3), (3, 1), (5, 4), (3, 2)})",41.63348773782779,65,59,10,1.138504981994629,"frozenset({(3, 4), (3, 1), (5, 4), (3, 2), (3, 5)})",41.63348773782779,65,59,53,1.308617353439331,"frozenset({(4, 5), (3, 4), (3, 1), (3, 2), (3, 5)})",41.63348773782779,65,59,20,0.5074353218078613,6,6,6131,True,True,True,True,True,True
0.2774636745452881,"frozenset({(1, 0), (4, 5), (3, 1), (2, 5), (4, 2)})",15.604690972243327,21,19,18,0.47342896461486816,"frozenset({(1, 0), (2, 4), (4, 5), (3, 1), (2, 5)})",15.604690972243327,21,19,125,0.5798726081848145,"frozenset({(1, 0), (2, 4), (3, 1), (5, 4), (5, 2)})",15.604690972243327,21,19,36,0.5004677772521973,6,6,2617,True,True,True,True,True,True
5.295055389404297,"frozenset({(4, 5), (1, 2), (0, 2), (5, 0), (1, 5), (5, 2)})",33.91505162322315,67,33,275,13.980271339416504,"frozenset({(4, 5), (1, 2), (0, 2), (5, 0), (1, 5), (5, 2)})",33.91505162322315,67,33,551,8.694129467010498,"frozenset({(4, 5), (1, 2), (0, 2), (5, 0), (1, 5), (5, 2)})",33.91505162322315,67,33,347,2.4734275341033936,6,6,7166,True,True,True,True,True,True
6.571018218994141,"frozenset({(4, 0), (2, 1), (5, 4), (1, 3), (3, 5)})",50.598924568816685,77,52,406,41.214431047439575,"frozenset({(4, 0), (2, 1), (5, 4), (1, 3), (3, 5)})",50.598924568816685,77,52,1609,17.37098240852356,"frozenset({(4, 0), (2, 1), (5, 4), (1, 3), (3, 5)})",50.598924568816685,77,52,552,4.886788845062256,6,6,1428,True,True,True,True,True,True
0.10899925231933594,"frozenset({(4, 5), (4, 0), (3, 1), (3, 2), (4, 2)})",39.95228297621203,57,57,6,0.1461038589477539,"frozenset({(4, 5), (0, 4), (3, 1), (3, 2), (4, 2)})",39.95228297621203,57,57,15,0.15392088890075684,"frozenset({(4, 5), (4, 0), (3, 2), (1, 3), (4, 2)})",39.95228297621203,57,57,6,0.34444451332092285,6,6,8328,True,True,True,True,True,True
0.5065250396728516,"frozenset({(4, 0), (5, 0), (2, 1), (3, 1), (2, 0)})",33.87618968208749,50,45,1,0.776979923248291,"frozenset({(4, 0), (5, 0), (2, 1), (3, 1), (2, 0)})",33.87618968208749,50,45,1,0.7900052070617676,"frozenset({(4, 0), (5, 0), (2, 1), (3, 1), (2, 0)})",33.87618968208749,50,45,1,0.9441485404968262,6,6,8289,True,True,True,True,True,True
2.9593610763549805,"frozenset({(0, 2), (1, 2), (5, 0), (5, 4), (4, 2)})",24.393177139855613,47,24,79,5.369898080825806,"frozenset({(4, 5), (1, 2), (0, 2), (5, 0), (4, 2)})",24.393177139855613,47,24,262,4.418633222579956,"frozenset({(4, 5), (1, 2), (0, 2), (5, 0), (4, 2)})",24.393177139855613,47,24,98,2.5656442642211914,6,6,5978,True,True,True,True,True,True
0.35824060440063477,"frozenset({(2, 3), (0, 5), (4, 1), (5, 3), (2, 0)})",21.573159340212815,29,26,12,0.6336336135864258,"frozenset({(2, 3), (0, 5), (5, 3), (2, 0), (1, 4)})",21.573159340212815,29,26,42,0.48213648796081543,"frozenset({(2, 3), (0, 5), (4, 1), (5, 3), (2, 0)})",21.573159340212815,29,26,12,0.663769006729126,6,6,5511,True,True,True,True,True,True
29.542832136154175,"frozenset({(4, 0), (5, 0), (4, 1), (4, 3), (5, 4), (2, 0)})",52.970962966972664,100,45,2989,329.73527002334595,"frozenset({(4, 0), (5, 0), (4, 1), (4, 3), (5, 4), (2, 0)})",52.970962966972664,100,45,9094,150.19909954071045,"frozenset({(4, 0), (5, 0), (4, 1), (4, 3), (5, 4), (2, 0)})",52.970962966972664,100,45,5179,12.622983694076538,6,6,5864,True,True,True,False,True,False
2.8592898845672607,"frozenset({(5, 0), (3, 2), (2, 5), (2, 0), (5, 1)})",35.17788367574465,58,36,36,4.1409595012664795,"frozenset({(5, 0), (3, 2), (2, 5), (2, 0), (5, 1)})",35.17788367574465,58,36,118,3.9057323932647705,"frozenset({(2, 3), (0, 2), (0, 5), (5, 1), (5, 2)})",35.17788367574465,58,36,46,2.964811086654663,6,6,606,True,True,True,True,True,True
1.6208505630493164,"frozenset({(4, 5), (0, 2), (0, 4), (1, 5), (3, 5)})",22.44144493339481,41,26,8,2.003474712371826,"frozenset({(4, 5), (0, 2), (0, 4), (1, 5), (3, 5)})",22.44144493339481,41,26,13,2.1728150844573975,"frozenset({(4, 5), (4, 0), (0, 2), (1, 5), (3, 5)})",22.44144493339481,41,26,8,1.741241693496704,6,6,1933,True,True,True,True,True,True
38.846975803375244,"frozenset({(2, 3), (2, 4), (4, 0), (5, 0), (3, 1), (5, 3), (5, 1)})",34.80448286652814,77,44,3002,514.2402718067169,"frozenset({(2, 3), (4, 0), (5, 0), (3, 1), (5, 3), (4, 2)})",35.338674611706395,77,44,5968,192.7982692718506,"frozenset({(2, 3), (2, 4), (4, 0), (5, 0), (3, 1), (5, 3), (5, 1)})",34.80448286652814,77,44,3789,11.545923233032227,6,6,6071,True,True,True,False,True,False
3.6836397647857666,"frozenset({(0, 1), (4, 5), (0, 4), (0, 5), (5, 3), (3, 2)})",56.6781480944097,86,64,112,7.6612372398376465,"frozenset({(0, 1), (2, 3), (0, 4), (5, 0), (5, 4), (3, 5)})",56.6781480944097,86,64,275,6.165583372116089,"frozenset({(0, 1), (0, 4), (5, 0), (5, 4), (3, 2), (3, 5)})",56.6781480944097,86,64,124,2.757517099380493,6,6,5504,True,True,True,True,True,True
0.34757447242736816,"frozenset({(5, 0), (1, 0), (3, 2), (2, 0), (5, 1)})",15.746083094269824,24,21,12,0.6280674934387207,"frozenset({(5, 0), (1, 5), (1, 0), (3, 2), (2, 0)})",15.746083094269824,24,21,45,0.45306897163391113,"frozenset({(5, 0), (1, 5), (1, 0), (3, 2), (2, 0)})",15.746083094269824,24,21,12,0.6525073051452637,6,6,5163,True,True,True,True,True,True
0.4095282554626465,"frozenset({(1, 0), (5, 4), (3, 4), (3, 0)})",22.012971316449345,34,30,1,0.6427338123321533,"frozenset({(1, 0), (5, 4), (3, 4), (3, 0)})",22.012971316449345,34,30,1,0.6596786975860596,"frozenset({(1, 0), (5, 4), (3, 4), (3, 0)})",22.012971316449345,34,30,1,0.6361832618713379,6,6,2406,True,True,True,True,True,True
73.16146683692932,"frozenset({(3, 4), (2, 1), (1, 5), (0, 5), (0, 3), (1, 4)})",41.39404978555046,78,11,12681,240.2554452419281,"frozenset({(1, 2), (3, 4), (0, 5), (1, 5), (1, 4)})",44.705362329540456,78,11,8386,236.22679924964905,"frozenset({(1, 2), (3, 4), (0, 5), (1, 5), (1, 4), (3, 0)})",41.39404978555046,78,11,12753,27.396546125411987,6,6,304,False,True,False,False,True,False
300.6252110004425,"frozenset({(1, 2), (4, 3), (3, 2), (3, 5), (3, 0)})",47.715928211619406,84,11,50000,17.19957423210144,"frozenset({(4, 0), (2, 0), (3, 5), (1, 5)})",-11.701200122697074,84,12,2,16.659834623336792,"frozenset({(4, 0), (2, 0), (3, 5), (1, 5)})",-11.701200122697074,84,12,2,115.1689682006836,6,6,3391,False,False,True,False,False,True
4.3800599575042725,"frozenset({(0, 1), (2, 3), (4, 5), (3, 4), (0, 5), (2, 5), (3, 5)})",31.666051686071047,68,33,24,6.269910573959351,"frozenset({(2, 3), (4, 5), (3, 4), (0, 5), (1, 0), (2, 5), (3, 5)})",31.666051686071047,68,33,98,5.969184160232544,"frozenset({(0, 1), (2, 3), (4, 5), (3, 4), (0, 5), (2, 5), (3, 5)})",31.666051686071047,68,33,24,3.383601427078247,6,6,359,True,True,True,True,True,True
2.5175719261169434,"frozenset({(4, 0), (4, 3), (5, 3), (2, 0), (4, 2), (3, 0)})",20.73697177151687,50,28,10,3.207048177719116,"frozenset({(2, 4), (5, 0), (4, 3), (5, 3), (2, 0), (3, 0)})",20.73697177151687,50,28,21,3.3520731925964355,"frozenset({(2, 4), (5, 0), (4, 3), (5, 3), (2, 0), (3, 0)})",20.73697177151687,50,28,10,2.473167896270752,6,6,9096,True,True,True,True,True,True
2.6550772190093994,"frozenset({(2, 5), (3, 4), (1, 4), (1, 5)})",14.911851894867077,32,9,60,3.7263360023498535,"frozenset({(2, 5), (3, 4), (1, 4), (1, 5)})",14.911851894867077,32,9,66,3.4650397300720215,"frozenset({(2, 5), (3, 4), (1, 4), (1, 5)})",14.911851894867077,32,9,60,2.782501459121704,6,6,3533,True,True,True,True,True,True
1.4883513450622559,"frozenset({(1, 2), (3, 4), (1, 4), (5, 2)})",15.706468776980905,32,18,5,1.8273463249206543,"frozenset({(1, 2), (3, 4), (1, 4), (5, 2)})",15.706468776980905,32,18,6,1.841273546218872,"frozenset({(1, 2), (3, 4), (1, 4), (5, 2)})",15.706468776980905,32,18,5,1.9068970680236816,6,6,4125,True,True,True,True,True,True
46.67767858505249,"frozenset({(2, 4), (3, 4), (5, 3), (5, 4), (2, 0), (3, 0)})",18.412867689014902,60,23,6740,6.641080856323242,"frozenset({(0, 1), (2, 4), (3, 4), (5, 4), (3, 5)})",16.01221881504297,60,24,20,6.735097408294678,"frozenset({(0, 1), (2, 4), (3, 4), (5, 4), (3, 5)})",16.01221881504297,60,24,8,15.283369302749634,6,6,3094,False,False,True,False,False,True
48.49734616279602,"frozenset({(2, 3), (5, 0), (1, 5), (4, 2), (3, 0)})",24.48587723096132,41,9,10692,187.5692331790924,"frozenset({(5, 0), (3, 4), (3, 2), (5, 1), (4, 2), (3, 0)})",22.52449168866265,41,9,9863,129.03778195381165,"frozenset({(2, 3), (5, 0), (1, 5), (4, 2), (3, 0)})",24.48587723096132,41,9,10764,16.35559391975403,6,6,6398,False,True,False,False,True,False
