nnz,fdr,tpr,fpr,precision,recall,F1,shd,sid,dataset,seed,n_nodes,elapsed_bsaf_creation,elapsed_model_solution,is_converged,fact_ranking_method,model_ranking_method,num_edges_est,best_model,aba_elapsed,ranking_elapsed,best_I
4,0.5,0.5,0.3333,0.5,0.5,0.5,2.0,10.0,cancer,7816,5,12.206302881240845,0.9252512454986572,True,stand_alone_gradual,original_ranking,4,"[(2, 0), (1, 0), (4, 0), (3, 0)]",0,1.3377106189727783,21.245104067849834
0,0.0,0.0,0.0,,0.0,,4.0,10.0,cancer,7816,5,12.206302881240845,0.9252512454986572,True,stand_alone_gradual,refined_ranking,0,[],0,0.5314888954162598,3.9647355192103433
4,0.5,0.5,0.3333,0.5,0.5,0.5,2.0,10.0,cancer,3578,5,12.206302881240845,0.9289135932922363,True,stand_alone_gradual,original_ranking,4,"[(3, 0), (2, 0), (1, 0), (4, 0)]",0,1.331735372543335,20.714497729544444
0,0.0,0.0,0.0,,0.0,,4.0,10.0,cancer,3578,5,12.206302881240845,0.9289135932922363,True,stand_alone_gradual,refined_ranking,0,[],0,0.5478372573852539,4.364490073593566
3,0.6667,0.25,0.3333,0.3333,0.25,0.2857,3.0,11.0,cancer,2656,5,12.206302881240845,0.9193465709686279,True,stand_alone_gradual,original_ranking,3,"[(4, 0), (3, 0), (1, 0)]",0,0.6200215816497803,12.970898558540739
0,0.0,0.0,0.0,,0.0,,4.0,10.0,cancer,2656,5,12.206302881240845,0.9193465709686279,True,stand_alone_gradual,refined_ranking,0,[],0,0.3837425708770752,3.8844583362526173
4,0.5,0.5,0.3333,0.5,0.5,0.5,2.0,10.0,cancer,2688,5,12.206302881240845,0.9293801784515381,True,stand_alone_gradual,original_ranking,4,"[(2, 0), (1, 0), (3, 0), (4, 0)]",0,1.3153817653656006,20.660267111275942
0,0.0,0.0,0.0,,0.0,,4.0,10.0,cancer,2688,5,12.206302881240845,0.9293801784515381,True,stand_alone_gradual,refined_ranking,0,[],0,0.5436148643493652,4.801981793960582
4,0.5,0.5,0.3333,0.5,0.5,0.5,2.0,10.0,cancer,2494,5,12.206302881240845,0.9302144050598145,True,stand_alone_gradual,original_ranking,4,"[(3, 0), (2, 0), (1, 0), (4, 0)]",0,1.3303754329681396,20.7727730518701
0,0.0,0.0,0.0,,0.0,,4.0,10.0,cancer,2494,5,12.206302881240845,0.9302144050598145,True,stand_alone_gradual,refined_ranking,0,[],0,0.5486664772033691,4.490995474301181
3,0.6667,0.25,0.3333,0.3333,0.25,0.2857,3.0,11.0,cancer,183,5,12.206302881240845,0.9243042469024658,True,stand_alone_gradual,original_ranking,3,"[(4, 0), (3, 0), (1, 0)]",0,0.6097211837768555,12.473888911317365
0,0.0,0.0,0.0,,0.0,,4.0,10.0,cancer,183,5,12.206302881240845,0.9243042469024658,True,stand_alone_gradual,refined_ranking,0,[],0,0.37645626068115234,3.675400761419037
5,0.6,0.5,0.5,0.4,0.5,0.4444,3.0,9.0,cancer,7977,5,12.206302881240845,0.9315688610076904,True,stand_alone_gradual,original_ranking,5,"[(2, 0), (1, 0), (4, 0), (3, 0), (3, 4)]",0,1.3179469108581543,20.901731791872194
0,0.0,0.0,0.0,,0.0,,4.0,10.0,cancer,7977,5,12.206302881240845,0.9315688610076904,True,stand_alone_gradual,refined_ranking,0,[],0,0.5282199382781982,3.676666897152968
3,0.6667,0.25,0.3333,0.3333,0.25,0.2857,3.0,11.0,cancer,3199,5,12.206302881240845,0.9167923927307129,True,stand_alone_gradual,original_ranking,3,"[(4, 0), (1, 0), (3, 0)]",0,0.620192289352417,12.257102605310969
0,0.0,0.0,0.0,,0.0,,4.0,10.0,cancer,3199,5,12.206302881240845,0.9167923927307129,True,stand_alone_gradual,refined_ranking,0,[],0,0.38335704803466797,3.7782091344528483
4,0.5,0.5,0.3333,0.5,0.5,0.5,2.0,10.0,cancer,316,5,12.206302881240845,0.9201633930206299,True,stand_alone_gradual,original_ranking,4,"[(3, 0), (2, 0), (4, 0), (1, 0)]",0,0.9955117702484131,20.602028429515425
0,0.0,0.0,0.0,,0.0,,4.0,10.0,cancer,316,5,12.206302881240845,0.9201633930206299,True,stand_alone_gradual,refined_ranking,0,[],0,0.4306759834289551,4.235124216043167
4,0.5,0.5,0.3333,0.5,0.5,0.5,2.0,10.0,cancer,8266,5,12.206302881240845,0.9256212711334229,True,stand_alone_gradual,original_ranking,4,"[(3, 0), (2, 0), (4, 0), (1, 0)]",0,1.3424434661865234,20.683273840009477
0,0.0,0.0,0.0,,0.0,,4.0,10.0,cancer,8266,5,12.206302881240845,0.9256212711334229,True,stand_alone_gradual,refined_ranking,0,[],0,0.5650274753570557,4.219200512297241
3,0.6667,0.25,0.3333,0.3333,0.25,0.2857,3.0,11.0,cancer,1532,5,12.206302881240845,0.9229953289031982,True,stand_alone_gradual,original_ranking,3,"[(4, 0), (1, 0), (3, 0)]",0,0.8157045841217041,11.696789323266625
0,0.0,0.0,0.0,,0.0,,4.0,10.0,cancer,1532,5,12.206302881240845,0.9229953289031982,True,stand_alone_gradual,refined_ranking,0,[],0,0.5074963569641113,3.6051604571176674
4,0.5,0.5,0.3333,0.5,0.5,0.5,2.0,10.0,cancer,1009,5,12.206302881240845,0.9223682880401611,True,stand_alone_gradual,original_ranking,4,"[(4, 0), (2, 0), (1, 0), (3, 0)]",0,1.3226585388183594,20.773878518004352
0,0.0,0.0,0.0,,0.0,,4.0,10.0,cancer,1009,5,12.206302881240845,0.9223682880401611,True,stand_alone_gradual,refined_ranking,0,[],0,0.5642783641815186,4.554132447431869
4,0.5,0.5,0.3333,0.5,0.5,0.5,2.0,10.0,cancer,2250,5,12.206302881240845,0.920534610748291,True,stand_alone_gradual,original_ranking,4,"[(3, 0), (2, 0), (4, 0), (1, 0)]",0,1.3299531936645508,20.192058242016035
0,0.0,0.0,0.0,,0.0,,4.0,10.0,cancer,2250,5,12.206302881240845,0.920534610748291,True,stand_alone_gradual,refined_ranking,0,[],0,0.5609700679779053,4.012235968648463
3,0.6667,0.25,0.3333,0.3333,0.25,0.2857,3.0,11.0,cancer,4447,5,12.206302881240845,0.9278035163879395,True,stand_alone_gradual,original_ranking,3,"[(4, 0), (3, 0), (1, 0)]",0,0.8144681453704834,11.499104853256062
0,0.0,0.0,0.0,,0.0,,4.0,10.0,cancer,4447,5,12.206302881240845,0.9278035163879395,True,stand_alone_gradual,refined_ranking,0,[],0,0.5080316066741943,3.5747306857312147
4,0.5,0.5,0.3333,0.5,0.5,0.5,2.0,10.0,cancer,2415,5,12.206302881240845,0.915947675704956,True,stand_alone_gradual,original_ranking,4,"[(4, 0), (1, 0), (2, 0), (3, 0)]",0,0.990959882736206,20.891249902351056
0,0.0,0.0,0.0,,0.0,,4.0,10.0,cancer,2415,5,12.206302881240845,0.915947675704956,True,stand_alone_gradual,refined_ranking,0,[],0,0.4075429439544678,4.551362688390461
4,0.5,0.5,0.3333,0.5,0.5,0.5,2.0,10.0,cancer,3595,5,12.206302881240845,0.920642614364624,True,stand_alone_gradual,original_ranking,4,"[(4, 0), (3, 0), (2, 0), (1, 0)]",0,1.3437104225158691,21.78766985455563
0,0.0,0.0,0.0,,0.0,,4.0,10.0,cancer,3595,5,12.206302881240845,0.920642614364624,True,stand_alone_gradual,refined_ranking,0,[],0,0.5411207675933838,4.0653309684410255
4,0.5,0.5,0.3333,0.5,0.5,0.5,2.0,10.0,cancer,4187,5,12.206302881240845,0.9237003326416016,True,stand_alone_gradual,original_ranking,4,"[(3, 0), (1, 0), (2, 0), (4, 0)]",0,1.316476821899414,20.89573519146757
0,0.0,0.0,0.0,,0.0,,4.0,10.0,cancer,4187,5,12.206302881240845,0.9237003326416016,True,stand_alone_gradual,refined_ranking,0,[],0,0.5459244251251221,4.627247642626203
4,0.5,0.5,0.3333,0.5,0.5,0.5,2.0,10.0,cancer,4135,5,12.206302881240845,0.9214601516723633,True,stand_alone_gradual,original_ranking,4,"[(4, 0), (1, 0), (3, 0), (2, 0)]",0,1.3371760845184326,20.71753816457358
0,0.0,0.0,0.0,,0.0,,4.0,10.0,cancer,4135,5,12.206302881240845,0.9214601516723633,True,stand_alone_gradual,refined_ranking,0,[],0,0.5594854354858398,4.482365836277847
5,0.6,0.5,0.5,0.4,0.5,0.4444,3.0,14.0,cancer,5174,5,12.206302881240845,0.9264171123504639,True,stand_alone_gradual,original_ranking,5,"[(2, 0), (1, 0), (4, 0), (3, 0), (4, 3)]",0,1.3431713581085205,21.801954858442542
0,0.0,0.0,0.0,,0.0,,4.0,10.0,cancer,5174,5,12.206302881240845,0.9264171123504639,True,stand_alone_gradual,refined_ranking,0,[],0,0.5141646862030029,3.5207270740843963
5,0.6,0.5,0.5,0.4,0.5,0.4444,3.0,9.0,cancer,5303,5,12.206302881240845,0.9086570739746094,True,stand_alone_gradual,original_ranking,5,"[(3, 0), (2, 0), (4, 0), (1, 0), (4, 1)]",0,1.3440940380096436,20.966102361537722
0,0.0,0.0,0.0,,0.0,,4.0,10.0,cancer,5303,5,12.206302881240845,0.9086570739746094,True,stand_alone_gradual,refined_ranking,0,[],0,0.5425233840942383,4.088107580101707
6,0.6667,0.5,0.6667,0.3333,0.5,0.4,4.0,8.0,cancer,3942,5,12.206302881240845,0.9033107757568359,True,stand_alone_gradual,original_ranking,6,"[(3, 0), (3, 4), (2, 4), (1, 0), (2, 0), (4, 0)]",0,1.540701150894165,22.68849741113944
0,0.0,0.0,0.0,,0.0,,4.0,10.0,cancer,3942,5,12.206302881240845,0.9033107757568359,True,stand_alone_gradual,refined_ranking,0,[],0,0.6571571826934814,4.920818409638303
4,0.5,0.5,0.3333,0.5,0.5,0.5,2.0,10.0,cancer,2778,5,12.206302881240845,0.9273703098297119,True,stand_alone_gradual,original_ranking,4,"[(4, 0), (3, 0), (1, 0), (2, 0)]",0,1.3365428447723389,20.33784025746439
0,0.0,0.0,0.0,,0.0,,4.0,10.0,cancer,2778,5,12.206302881240845,0.9273703098297119,True,stand_alone_gradual,refined_ranking,0,[],0,0.5596146583557129,4.5781586311516165
3,0.6667,0.25,0.3333,0.3333,0.25,0.2857,3.0,11.0,cancer,2804,5,12.206302881240845,0.91933274269104,True,stand_alone_gradual,original_ranking,3,"[(4, 0), (1, 0), (3, 0)]",0,0.8254730701446533,12.504232149240138
0,0.0,0.0,0.0,,0.0,,4.0,10.0,cancer,2804,5,12.206302881240845,0.91933274269104,True,stand_alone_gradual,refined_ranking,0,[],0,0.5121915340423584,3.809450103231123
5,0.6,0.5,0.5,0.4,0.5,0.4444,3.0,9.0,cancer,2145,5,12.206302881240845,0.9222097396850586,True,stand_alone_gradual,original_ranking,5,"[(2, 0), (1, 0), (4, 0), (3, 0), (3, 4)]",0,1.3245413303375244,20.58988682059826
0,0.0,0.0,0.0,,0.0,,4.0,10.0,cancer,2145,5,12.206302881240845,0.9222097396850586,True,stand_alone_gradual,refined_ranking,0,[],0,0.529634952545166,4.235322467476905
4,0.5,0.5,0.3333,0.5,0.5,0.5,2.0,10.0,cancer,150,5,12.206302881240845,0.9218780994415283,True,stand_alone_gradual,original_ranking,4,"[(4, 0), (1, 0), (3, 0), (2, 0)]",0,1.3454663753509521,21.040892555850142
0,0.0,0.0,0.0,,0.0,,4.0,10.0,cancer,150,5,12.206302881240845,0.9218780994415283,True,stand_alone_gradual,refined_ranking,0,[],0,0.5620052814483643,4.1688269378970215
4,0.5,0.5,0.3333,0.5,0.5,0.5,2.0,10.0,cancer,8823,5,12.206302881240845,0.9268810749053955,True,stand_alone_gradual,original_ranking,4,"[(3, 0), (2, 0), (4, 0), (1, 0)]",0,1.3187189102172852,20.414986354565528
0,0.0,0.0,0.0,,0.0,,4.0,10.0,cancer,8823,5,12.206302881240845,0.9268810749053955,True,stand_alone_gradual,refined_ranking,0,[],0,0.5489444732666016,4.172372968838049
4,0.5,0.5,0.3333,0.5,0.5,0.5,2.0,10.0,cancer,4669,5,12.206302881240845,0.9438843727111816,True,stand_alone_gradual,original_ranking,4,"[(3, 0), (2, 0), (1, 0), (4, 0)]",0,1.3286938667297363,20.465176024216788
0,0.0,0.0,0.0,,0.0,,4.0,10.0,cancer,4669,5,12.206302881240845,0.9438843727111816,True,stand_alone_gradual,refined_ranking,0,[],0,0.5507893562316895,4.609111881229752
4,0.75,0.25,0.5,0.25,0.25,0.25,4.0,10.0,cancer,6131,5,12.206302881240845,0.9196569919586182,True,stand_alone_gradual,original_ranking,4,"[(1, 4), (4, 0), (1, 0), (3, 0)]",0,0.6136882305145264,12.25716889222427
0,0.0,0.0,0.0,,0.0,,4.0,10.0,cancer,6131,5,12.206302881240845,0.9196569919586182,True,stand_alone_gradual,refined_ranking,0,[],0,0.36920666694641113,3.1960089132262914
4,0.5,0.5,0.3333,0.5,0.5,0.5,2.0,10.0,cancer,2617,5,12.206302881240845,0.9207346439361572,True,stand_alone_gradual,original_ranking,4,"[(3, 0), (2, 0), (4, 0), (1, 0)]",0,1.341820478439331,21.596828295785315
0,0.0,0.0,0.0,,0.0,,4.0,10.0,cancer,2617,5,12.206302881240845,0.9207346439361572,True,stand_alone_gradual,refined_ranking,0,[],0,0.5655739307403564,4.65515624122614
5,0.6,0.5,0.5,0.4,0.5,0.4444,3.0,9.0,cancer,7166,5,12.206302881240845,0.9174344539642334,True,stand_alone_gradual,original_ranking,5,"[(2, 0), (1, 0), (4, 0), (3, 4), (3, 0)]",0,1.108747959136963,24.405099098961497
0,0.0,0.0,0.0,,0.0,,4.0,10.0,cancer,7166,5,12.206302881240845,0.9174344539642334,True,stand_alone_gradual,refined_ranking,0,[],0,0.4654409885406494,5.659844122695366
4,0.5,0.5,0.3333,0.5,0.5,0.5,2.0,10.0,cancer,1428,5,12.206302881240845,0.9241583347320557,True,stand_alone_gradual,original_ranking,4,"[(4, 0), (1, 0), (3, 0), (2, 0)]",0,1.3358945846557617,19.963030462116233
0,0.0,0.0,0.0,,0.0,,4.0,10.0,cancer,1428,5,12.206302881240845,0.9241583347320557,True,stand_alone_gradual,refined_ranking,0,[],0,0.5630366802215576,4.366447420059991
4,0.5,0.5,0.3333,0.5,0.5,0.5,2.0,10.0,cancer,8328,5,12.206302881240845,0.93198561668396,True,stand_alone_gradual,original_ranking,4,"[(4, 0), (2, 0), (1, 0), (3, 0)]",0,1.3463096618652344,20.43563908118745
0,0.0,0.0,0.0,,0.0,,4.0,10.0,cancer,8328,5,12.206302881240845,0.93198561668396,True,stand_alone_gradual,refined_ranking,0,[],0,0.5648214817047119,4.288718994567884
5,0.6,0.5,0.5,0.4,0.5,0.4444,3.0,9.0,cancer,8289,5,12.206302881240845,0.9194209575653076,True,stand_alone_gradual,original_ranking,5,"[(2, 0), (1, 0), (4, 0), (3, 0), (3, 4)]",0,1.3430166244506836,20.59971183013817
0,0.0,0.0,0.0,,0.0,,4.0,10.0,cancer,8289,5,12.206302881240845,0.9194209575653076,True,stand_alone_gradual,refined_ranking,0,[],0,0.5277571678161621,3.985976158070114
3,0.6667,0.25,0.3333,0.3333,0.25,0.2857,3.0,11.0,cancer,5978,5,12.206302881240845,0.916893720626831,True,stand_alone_gradual,original_ranking,3,"[(1, 0), (4, 0), (3, 0)]",0,0.8166744709014893,13.01106799870293
0,0.0,0.0,0.0,,0.0,,4.0,10.0,cancer,5978,5,12.206302881240845,0.916893720626831,True,stand_alone_gradual,refined_ranking,0,[],0,0.5090415477752686,3.951010823281839
4,0.5,0.5,0.3333,0.5,0.5,0.5,2.0,10.0,cancer,5511,5,12.206302881240845,0.929495096206665,True,stand_alone_gradual,original_ranking,4,"[(3, 0), (2, 0), (1, 0), (4, 0)]",0,1.3192412853240967,21.120510622985844
0,0.0,0.0,0.0,,0.0,,4.0,10.0,cancer,5511,5,12.206302881240845,0.929495096206665,True,stand_alone_gradual,refined_ranking,0,[],0,0.5491433143615723,4.933428648735611
4,0.5,0.5,0.3333,0.5,0.5,0.5,2.0,10.0,cancer,5864,5,12.206302881240845,0.9129705429077148,True,stand_alone_gradual,original_ranking,4,"[(4, 0), (2, 0), (3, 0), (1, 0)]",0,1.3358170986175537,21.033115448005688
0,0.0,0.0,0.0,,0.0,,4.0,10.0,cancer,5864,5,12.206302881240845,0.9129705429077148,True,stand_alone_gradual,refined_ranking,0,[],0,0.5600697994232178,4.719103108539666
4,0.5,0.5,0.3333,0.5,0.5,0.5,2.0,10.0,cancer,606,5,12.206302881240845,0.9290890693664551,True,stand_alone_gradual,original_ranking,4,"[(4, 0), (2, 0), (1, 0), (3, 0)]",0,1.319643497467041,21.022691183002845
0,0.0,0.0,0.0,,0.0,,4.0,10.0,cancer,606,5,12.206302881240845,0.9290890693664551,True,stand_alone_gradual,refined_ranking,0,[],0,0.5578136444091797,4.503447187493417
4,0.5,0.5,0.3333,0.5,0.5,0.5,2.0,10.0,cancer,1933,5,12.206302881240845,0.9279727935791016,True,stand_alone_gradual,original_ranking,4,"[(4, 0), (2, 0), (1, 0), (3, 0)]",0,1.3264987468719482,20.236942297771723
0,0.0,0.0,0.0,,0.0,,4.0,10.0,cancer,1933,5,12.206302881240845,0.9279727935791016,True,stand_alone_gradual,refined_ranking,0,[],0,0.5496790409088135,4.387352301410063
4,0.5,0.5,0.3333,0.5,0.5,0.5,2.0,10.0,cancer,6071,5,12.206302881240845,0.9222981929779053,True,stand_alone_gradual,original_ranking,4,"[(4, 0), (1, 0), (3, 0), (2, 0)]",0,0.9760992527008057,14.818570200530715
0,0.0,0.0,0.0,,0.0,,4.0,10.0,cancer,6071,5,12.206302881240845,0.9222981929779053,True,stand_alone_gradual,refined_ranking,0,[],0,0.5127453804016113,3.7519215868649196
3,0.6667,0.25,0.3333,0.3333,0.25,0.2857,3.0,11.0,cancer,5504,5,12.206302881240845,0.9234898090362549,True,stand_alone_gradual,original_ranking,3,"[(4, 0), (3, 0), (1, 0)]",0,0.6159563064575195,12.435616998702187
0,0.0,0.0,0.0,,0.0,,4.0,10.0,cancer,5504,5,12.206302881240845,0.9234898090362549,True,stand_alone_gradual,refined_ranking,0,[],0,0.3838822841644287,3.7835709677774174
3,0.6667,0.25,0.3333,0.3333,0.25,0.2857,3.0,11.0,cancer,5163,5,12.206302881240845,0.9221107959747314,True,stand_alone_gradual,original_ranking,3,"[(4, 0), (1, 0), (3, 0)]",0,0.8158929347991943,12.651817348002478
0,0.0,0.0,0.0,,0.0,,4.0,10.0,cancer,5163,5,12.206302881240845,0.9221107959747314,True,stand_alone_gradual,refined_ranking,0,[],0,0.5084762573242188,3.752891993313709
4,0.75,0.25,0.5,0.25,0.25,0.25,4.0,10.0,cancer,2406,5,12.206302881240845,0.9174919128417969,True,stand_alone_gradual,original_ranking,4,"[(4, 0), (3, 0), (1, 0), (3, 1)]",0,0.8248181343078613,11.913222303336111
0,0.0,0.0,0.0,,0.0,,4.0,10.0,cancer,2406,5,12.206302881240845,0.9174919128417969,True,stand_alone_gradual,refined_ranking,0,[],0,0.49394750595092773,3.2794728693764315
4,0.5,0.5,0.3333,0.5,0.5,0.5,2.0,10.0,cancer,304,5,12.206302881240845,0.9265875816345215,True,stand_alone_gradual,original_ranking,4,"[(2, 0), (1, 0), (4, 0), (3, 0)]",0,1.3305141925811768,20.12943993528017
0,0.0,0.0,0.0,,0.0,,4.0,10.0,cancer,304,5,12.206302881240845,0.9265875816345215,True,stand_alone_gradual,refined_ranking,0,[],0,0.5538802146911621,4.388258392572048
4,0.5,0.5,0.3333,0.5,0.5,0.5,2.0,10.0,cancer,3391,5,12.206302881240845,0.9224715232849121,True,stand_alone_gradual,original_ranking,4,"[(4, 0), (1, 0), (2, 0), (3, 0)]",0,1.3247735500335693,20.365929679124925
0,0.0,0.0,0.0,,0.0,,4.0,10.0,cancer,3391,5,12.206302881240845,0.9224715232849121,True,stand_alone_gradual,refined_ranking,0,[],0,0.5512497425079346,4.220294361604916
3,0.6667,0.25,0.3333,0.3333,0.25,0.2857,3.0,11.0,cancer,359,5,12.206302881240845,0.9194824695587158,True,stand_alone_gradual,original_ranking,3,"[(4, 0), (1, 0), (3, 0)]",0,0.5687165260314941,11.69511599803408
0,0.0,0.0,0.0,,0.0,,4.0,10.0,cancer,359,5,12.206302881240845,0.9194824695587158,True,stand_alone_gradual,refined_ranking,0,[],0,0.3569169044494629,3.6425760751296945
4,0.5,0.5,0.3333,0.5,0.5,0.5,2.0,10.0,cancer,9096,5,12.206302881240845,0.9174172878265381,True,stand_alone_gradual,original_ranking,4,"[(4, 0), (1, 0), (2, 0), (3, 0)]",0,1.3338143825531006,20.69310375177817
0,0.0,0.0,0.0,,0.0,,4.0,10.0,cancer,9096,5,12.206302881240845,0.9174172878265381,True,stand_alone_gradual,refined_ranking,0,[],0,0.5524966716766357,4.355688763538946
4,0.5,0.5,0.3333,0.5,0.5,0.5,2.0,10.0,cancer,3533,5,12.206302881240845,0.9180910587310791,True,stand_alone_gradual,original_ranking,4,"[(4, 0), (1, 0), (3, 0), (2, 0)]",0,1.3445713520050049,20.78273446897844
0,0.0,0.0,0.0,,0.0,,4.0,10.0,cancer,3533,5,12.206302881240845,0.9180910587310791,True,stand_alone_gradual,refined_ranking,0,[],0,0.5651915073394775,4.732983223727042
4,0.5,0.5,0.3333,0.5,0.5,0.5,2.0,10.0,cancer,4125,5,12.206302881240845,0.935621976852417,True,stand_alone_gradual,original_ranking,4,"[(4, 0), (2, 0), (1, 0), (3, 0)]",0,1.3236286640167236,20.214595183166242
0,0.0,0.0,0.0,,0.0,,4.0,10.0,cancer,4125,5,12.206302881240845,0.935621976852417,True,stand_alone_gradual,refined_ranking,0,[],0,0.546029806137085,4.503340334518964
4,0.5,0.5,0.3333,0.5,0.5,0.5,2.0,10.0,cancer,3094,5,12.206302881240845,0.925482988357544,True,stand_alone_gradual,original_ranking,4,"[(4, 0), (2, 0), (3, 0), (1, 0)]",0,1.34019136428833,21.142866668430276
0,0.0,0.0,0.0,,0.0,,4.0,10.0,cancer,3094,5,12.206302881240845,0.925482988357544,True,stand_alone_gradual,refined_ranking,0,[],0,0.5656733512878418,4.833617681244227
3,0.6667,0.25,0.3333,0.3333,0.25,0.2857,3.0,11.0,cancer,6398,5,12.206302881240845,0.920109748840332,True,stand_alone_gradual,original_ranking,3,"[(4, 0), (1, 0), (3, 0)]",0,0.6161997318267822,12.20330404455151
0,0.0,0.0,0.0,,0.0,,4.0,10.0,cancer,6398,5,12.206302881240845,0.920109748840332,True,stand_alone_gradual,refined_ranking,0,[],0,0.38721680641174316,3.905296175531791
8,0.75,0.5,1.0,0.25,0.5,0.3333,6.0,6.0,earthquake,7816,5,12.779038667678833,0.9406521320343018,True,stand_alone_gradual,original_ranking,8,"[(4, 0), (2, 0), (3, 0), (1, 0), (1, 3), (2, 4), (1, 4), (4, 3)]",0,1.1410393714904785,31.08872273438013
0,0.0,0.0,0.0,,0.0,,4.0,10.0,earthquake,7816,5,12.779038667678833,0.9406521320343018,True,stand_alone_gradual,refined_ranking,0,[],0,0.3177833557128906,2.091742127626384
7,0.5714,0.75,0.6667,0.4286,0.75,0.5455,4.0,3.0,earthquake,3578,5,12.779038667678833,0.9377708435058594,True,stand_alone_gradual,original_ranking,7,"[(2, 3), (1, 3), (2, 0), (1, 0), (1, 4), (3, 0), (0, 4)]",0,1.1429657936096191,35.81492788947156
0,0.0,0.0,0.0,,0.0,,4.0,10.0,earthquake,3578,5,12.779038667678833,0.9377708435058594,True,stand_alone_gradual,refined_ranking,0,[],0,0.3111095428466797,2.498499826478463
7,0.8571,0.25,1.0,0.1429,0.25,0.1818,7.0,7.0,earthquake,2656,5,12.779038667678833,0.9263877868652344,True,stand_alone_gradual,original_ranking,7,"[(1, 3), (4, 3), (4, 0), (3, 0), (2, 4), (2, 0), (1, 4)]",0,0.975548505783081,34.75533570012258
0,0.0,0.0,0.0,,0.0,,4.0,10.0,earthquake,2656,5,12.779038667678833,0.9263877868652344,True,stand_alone_gradual,refined_ranking,0,[],0,0.2792549133300781,2.6341745988715277
8,0.75,0.5,1.0,0.25,0.5,0.3333,6.0,6.0,earthquake,2688,5,12.779038667678833,0.9339718818664551,True,stand_alone_gradual,original_ranking,8,"[(2, 0), (1, 0), (4, 0), (3, 0), (1, 3), (4, 3), (1, 4), (2, 4)]",0,1.5388238430023193,31.578209554793165
0,0.0,0.0,0.0,,0.0,,4.0,10.0,earthquake,2688,5,12.779038667678833,0.9339718818664551,True,stand_alone_gradual,refined_ranking,0,[],0,0.42202043533325195,1.9507145247396918
9,0.7778,0.5,1.1667,0.2222,0.5,0.3077,7.0,11.0,earthquake,2494,5,12.779038667678833,0.9412581920623779,True,stand_alone_gradual,original_ranking,9,"[(4, 3), (1, 3), (1, 0), (3, 0), (2, 0), (3, 2), (1, 4), (4, 2), (4, 0)]",0,1.66477370262146,31.829542488695758
0,0.0,0.0,0.0,,0.0,,4.0,10.0,earthquake,2494,5,12.779038667678833,0.9412581920623779,True,stand_alone_gradual,refined_ranking,0,[],0,0.4765620231628418,2.4677873290954557
8,0.75,0.5,1.0,0.25,0.5,0.3333,6.0,11.0,earthquake,183,5,12.779038667678833,0.9115471839904785,True,stand_alone_gradual,original_ranking,8,"[(2, 3), (4, 0), (2, 0), (2, 1), (4, 1), (3, 0), (1, 3), (1, 0)]",0,1.275158166885376,30.390411009375697
0,0.0,0.0,0.0,,0.0,,4.0,10.0,earthquake,183,5,12.779038667678833,0.9115471839904785,True,stand_alone_gradual,refined_ranking,0,[],0,0.3422682285308838,2.373619310369074
8,0.75,0.5,1.0,0.25,0.5,0.3333,6.0,6.0,earthquake,7977,5,12.779038667678833,0.9281902313232422,True,stand_alone_gradual,original_ranking,8,"[(3, 0), (1, 0), (4, 0), (2, 0), (2, 4), (1, 3), (2, 3), (3, 4)]",0,1.5470387935638428,31.682264867691213
0,0.0,0.0,0.0,,0.0,,4.0,10.0,earthquake,7977,5,12.779038667678833,0.9281902313232422,True,stand_alone_gradual,refined_ranking,0,[],0,0.4262270927429199,2.1405834288781045
7,0.5714,0.75,0.6667,0.4286,0.75,0.5455,4.0,3.0,earthquake,3199,5,12.779038667678833,0.9267728328704834,True,stand_alone_gradual,original_ranking,7,"[(2, 3), (1, 3), (2, 0), (1, 0), (1, 4), (3, 0), (0, 4)]",0,1.1423749923706055,35.816519089521506
0,0.0,0.0,0.0,,0.0,,4.0,10.0,earthquake,3199,5,12.779038667678833,0.9267728328704834,True,stand_alone_gradual,refined_ranking,0,[],0,0.31043052673339844,2.4718560552818736
8,0.875,0.25,1.1667,0.125,0.25,0.1667,8.0,16.0,earthquake,316,5,12.779038667678833,0.9151735305786133,True,stand_alone_gradual,original_ranking,8,"[(3, 0), (2, 0), (3, 1), (2, 1), (3, 2), (3, 4), (4, 0), (1, 4)]",0,1.1355574131011963,31.11250820273267
0,0.0,0.0,0.0,,0.0,,4.0,10.0,earthquake,316,5,12.779038667678833,0.9151735305786133,True,stand_alone_gradual,refined_ranking,0,[],0,0.3282191753387451,2.5357925705904907
6,0.5,0.75,0.5,0.5,0.75,0.6,3.0,3.0,earthquake,8266,5,12.779038667678833,0.9216575622558594,True,stand_alone_gradual,original_ranking,6,"[(2, 3), (1, 3), (2, 0), (1, 0), (3, 0), (0, 4)]",0,1.1218435764312744,34.756506972356064
0,0.0,0.0,0.0,,0.0,,4.0,10.0,earthquake,8266,5,12.779038667678833,0.9216575622558594,True,stand_alone_gradual,refined_ranking,0,[],0,0.32635998725891113,2.752321909208054
8,0.75,0.5,1.0,0.25,0.5,0.3333,6.0,6.0,earthquake,1532,5,12.779038667678833,0.9343767166137695,True,stand_alone_gradual,original_ranking,8,"[(2, 0), (1, 0), (4, 0), (3, 0), (3, 4), (1, 3), (2, 4), (2, 3)]",0,1.5300045013427734,31.26252444018308
0,0.0,0.0,0.0,,0.0,,4.0,10.0,earthquake,1532,5,12.779038667678833,0.9343767166137695,True,stand_alone_gradual,refined_ranking,0,[],0,0.42678380012512207,2.0854214411775294
7,0.5714,0.75,0.6667,0.4286,0.75,0.5455,4.0,3.0,earthquake,1009,5,12.779038667678833,0.9235339164733887,True,stand_alone_gradual,original_ranking,7,"[(2, 3), (1, 3), (2, 0), (1, 0), (1, 4), (3, 0), (0, 4)]",0,1.139540433883667,35.93643523180148
0,0.0,0.0,0.0,,0.0,,4.0,10.0,earthquake,1009,5,12.779038667678833,0.9235339164733887,True,stand_alone_gradual,refined_ranking,0,[],0,0.3105144500732422,2.1979863543765448
8,0.75,0.5,1.0,0.25,0.5,0.3333,6.0,16.0,earthquake,2250,5,12.779038667678833,0.9273829460144043,True,stand_alone_gradual,original_ranking,8,"[(3, 0), (2, 0), (4, 0), (1, 0), (2, 4), (1, 4), (3, 2), (3, 1)]",0,1.5371675491333008,29.8939989337642
0,0.0,0.0,0.0,,0.0,,4.0,10.0,earthquake,2250,5,12.779038667678833,0.9273829460144043,True,stand_alone_gradual,refined_ranking,0,[],0,0.4239969253540039,2.031867396001186
7,0.5714,0.75,0.6667,0.4286,0.75,0.5455,4.0,3.0,earthquake,4447,5,12.779038667678833,0.9184615612030029,True,stand_alone_gradual,original_ranking,7,"[(3, 0), (2, 0), (2, 3), (1, 3), (1, 0), (1, 4), (0, 4)]",0,1.2373864650726318,36.471539205311146
0,0.0,0.0,0.0,,0.0,,4.0,10.0,earthquake,4447,5,12.779038667678833,0.9184615612030029,True,stand_alone_gradual,refined_ranking,0,[],0,0.33687472343444824,2.245718567590445
6,0.5,0.75,0.5,0.5,0.75,0.6,3.0,3.0,earthquake,2415,5,12.779038667678833,0.9290280342102051,True,stand_alone_gradual,original_ranking,6,"[(1, 3), (3, 0), (1, 0), (2, 3), (2, 0), (0, 4)]",0,1.226140022277832,35.22432033518493
0,0.0,0.0,0.0,,0.0,,4.0,10.0,earthquake,2415,5,12.779038667678833,0.9290280342102051,True,stand_alone_gradual,refined_ranking,0,[],0,0.3509213924407959,2.4743987626512727
9,0.7778,0.5,1.1667,0.2222,0.5,0.3077,7.0,10.0,earthquake,3595,5,12.779038667678833,0.9332423210144043,True,stand_alone_gradual,original_ranking,9,"[(3, 0), (2, 0), (4, 0), (1, 0), (2, 3), (4, 3), (2, 1), (4, 1), (2, 4)]",0,1.5559933185577393,30.06388383183003
0,0.0,0.0,0.0,,0.0,,4.0,10.0,earthquake,3595,5,12.779038667678833,0.9332423210144043,True,stand_alone_gradual,refined_ranking,0,[],0,0.42633795738220215,2.009559852729791
7,0.5714,0.75,0.6667,0.4286,0.75,0.5455,4.0,3.0,earthquake,4187,5,12.779038667678833,0.9215683937072754,True,stand_alone_gradual,original_ranking,7,"[(1, 3), (2, 0), (3, 0), (2, 3), (1, 0), (1, 4), (0, 4)]",0,1.1339316368103027,36.41578847264043
0,0.0,0.0,0.0,,0.0,,4.0,10.0,earthquake,4187,5,12.779038667678833,0.9215683937072754,True,stand_alone_gradual,refined_ranking,0,[],0,0.31278371810913086,2.3185582675651313
8,0.75,0.5,1.0,0.25,0.5,0.3333,6.0,11.0,earthquake,4135,5,12.779038667678833,0.9165222644805908,True,stand_alone_gradual,original_ranking,8,"[(3, 4), (3, 0), (1, 0), (1, 2), (3, 2), (4, 0), (2, 4), (2, 0)]",0,1.2338120937347412,29.008478642615312
0,0.0,0.0,0.0,,0.0,,4.0,10.0,earthquake,4135,5,12.779038667678833,0.9165222644805908,True,stand_alone_gradual,refined_ranking,0,[],0,0.35559725761413574,2.631587385683007
6,0.5,0.75,0.5,0.5,0.75,0.6,3.0,3.0,earthquake,5174,5,12.779038667678833,0.925713300704956,True,stand_alone_gradual,original_ranking,6,"[(3, 0), (2, 0), (2, 3), (1, 3), (1, 0), (0, 4)]",0,1.2173888683319092,34.60697980956095
0,0.0,0.0,0.0,,0.0,,4.0,10.0,earthquake,5174,5,12.779038667678833,0.925713300704956,True,stand_alone_gradual,refined_ranking,0,[],0,0.35293078422546387,2.6683335985452215
7,0.8571,0.25,1.0,0.1429,0.25,0.1818,7.0,7.0,earthquake,5303,5,12.779038667678833,0.9063079357147217,True,stand_alone_gradual,original_ranking,7,"[(2, 3), (4, 3), (2, 0), (3, 0), (2, 4), (4, 0), (1, 4)]",0,1.1356897354125977,31.141774545740766
0,0.0,0.0,0.0,,0.0,,4.0,10.0,earthquake,5303,5,12.779038667678833,0.9063079357147217,True,stand_alone_gradual,refined_ranking,0,[],0,0.3314199447631836,2.5930434182709794
6,0.5,0.75,0.5,0.5,0.75,0.6,3.0,3.0,earthquake,3942,5,12.779038667678833,0.9278323650360107,True,stand_alone_gradual,original_ranking,6,"[(2, 3), (1, 3), (2, 0), (1, 0), (3, 0), (0, 4)]",0,1.1210296154022217,35.30412711176773
0,0.0,0.0,0.0,,0.0,,4.0,10.0,earthquake,3942,5,12.779038667678833,0.9278323650360107,True,stand_alone_gradual,refined_ranking,0,[],0,0.3222062587738037,2.840885541407694
9,0.7778,0.5,1.1667,0.2222,0.5,0.3077,7.0,11.0,earthquake,2778,5,12.779038667678833,0.9257774353027344,True,stand_alone_gradual,original_ranking,9,"[(4, 3), (1, 3), (1, 0), (3, 0), (2, 0), (1, 4), (3, 2), (4, 2), (4, 0)]",0,1.6705985069274902,31.24721588789454
0,0.0,0.0,0.0,,0.0,,4.0,10.0,earthquake,2778,5,12.779038667678833,0.9257774353027344,True,stand_alone_gradual,refined_ranking,0,[],0,0.4765803813934326,2.6737550323312895
6,0.5,0.75,0.5,0.5,0.75,0.6,3.0,3.0,earthquake,2804,5,12.779038667678833,0.9214661121368408,True,stand_alone_gradual,original_ranking,6,"[(2, 4), (1, 4), (2, 0), (1, 0), (4, 0), (0, 3)]",0,1.2819879055023193,37.37594297517991
0,0.0,0.0,0.0,,0.0,,4.0,10.0,earthquake,2804,5,12.779038667678833,0.9214661121368408,True,stand_alone_gradual,refined_ranking,0,[],0,0.34040093421936035,2.1723319285223024
7,0.5714,0.75,0.6667,0.4286,0.75,0.5455,4.0,3.0,earthquake,2145,5,12.779038667678833,0.9294133186340332,True,stand_alone_gradual,original_ranking,7,"[(2, 3), (1, 3), (2, 0), (1, 0), (1, 4), (3, 0), (0, 4)]",0,1.1371374130249023,36.22033505067171
0,0.0,0.0,0.0,,0.0,,4.0,10.0,earthquake,2145,5,12.779038667678833,0.9294133186340332,True,stand_alone_gradual,refined_ranking,0,[],0,0.31160449981689453,2.160860126487616
6,0.5,0.75,0.5,0.5,0.75,0.6,3.0,3.0,earthquake,150,5,12.779038667678833,0.92399001121521,True,stand_alone_gradual,original_ranking,6,"[(2, 3), (3, 0), (2, 0), (1, 3), (1, 0), (0, 4)]",0,1.2253797054290771,35.69451960410995
0,0.0,0.0,0.0,,0.0,,4.0,10.0,earthquake,150,5,12.779038667678833,0.92399001121521,True,stand_alone_gradual,refined_ranking,0,[],0,0.352949857711792,2.718400138350795
9,0.7778,0.5,1.1667,0.2222,0.5,0.3077,7.0,10.0,earthquake,8823,5,12.779038667678833,0.9252691268920898,True,stand_alone_gradual,original_ranking,9,"[(3, 0), (2, 0), (1, 2), (1, 0), (4, 3), (1, 3), (1, 4), (4, 2), (4, 0)]",0,1.6771085262298584,31.12736673627709
0,0.0,0.0,0.0,,0.0,,4.0,10.0,earthquake,8823,5,12.779038667678833,0.9252691268920898,True,stand_alone_gradual,refined_ranking,0,[],0,0.48054933547973633,2.6951233445530107
8,0.75,0.5,1.0,0.25,0.5,0.3333,6.0,6.0,earthquake,4669,5,12.779038667678833,0.9329795837402344,True,stand_alone_gradual,original_ranking,8,"[(4, 0), (1, 0), (3, 0), (2, 0), (2, 4), (1, 3), (2, 3), (3, 4)]",0,1.1412794589996338,31.942034537051924
0,0.0,0.0,0.0,,0.0,,4.0,10.0,earthquake,4669,5,12.779038667678833,0.9329795837402344,True,stand_alone_gradual,refined_ranking,0,[],0,0.31561779975891113,2.0392454365314365
8,0.75,0.5,1.0,0.25,0.5,0.3333,6.0,6.0,earthquake,6131,5,12.779038667678833,0.9359126091003418,True,stand_alone_gradual,original_ranking,8,"[(4, 0), (2, 0), (3, 0), (1, 0), (1, 3), (2, 4), (1, 4), (4, 3)]",0,1.5571763515472412,31.632191719206844
0,0.0,0.0,0.0,,0.0,,4.0,10.0,earthquake,6131,5,12.779038667678833,0.9359126091003418,True,stand_alone_gradual,refined_ranking,0,[],0,0.4271235466003418,1.9247813368453497
8,0.75,0.5,1.0,0.25,0.5,0.3333,6.0,6.0,earthquake,2617,5,12.779038667678833,0.9389803409576416,True,stand_alone_gradual,original_ranking,8,"[(3, 0), (2, 0), (4, 0), (1, 0), (4, 3), (2, 3), (2, 4), (1, 4)]",0,1.5421581268310547,31.089550040186438
0,0.0,0.0,0.0,,0.0,,4.0,10.0,earthquake,2617,5,12.779038667678833,0.9389803409576416,True,stand_alone_gradual,refined_ranking,0,[],0,0.42458033561706543,1.9966187521635759
7,0.8571,0.25,1.0,0.1429,0.25,0.1818,7.0,7.0,earthquake,7166,5,12.779038667678833,0.9135231971740723,True,stand_alone_gradual,original_ranking,7,"[(4, 3), (1, 3), (4, 0), (3, 0), (2, 4), (2, 0), (1, 4)]",0,0.9747145175933838,34.76751340119085
0,0.0,0.0,0.0,,0.0,,4.0,10.0,earthquake,7166,5,12.779038667678833,0.9135231971740723,True,stand_alone_gradual,refined_ranking,0,[],0,0.2812201976776123,2.6853603636481167
9,0.7778,0.5,1.1667,0.2222,0.5,0.3077,7.0,10.0,earthquake,1428,5,12.779038667678833,0.9296271800994873,True,stand_alone_gradual,original_ranking,9,"[(4, 0), (2, 0), (3, 0), (1, 0), (1, 3), (4, 2), (1, 2), (4, 3), (1, 4)]",0,1.5531082153320312,30.236951619465707
0,0.0,0.0,0.0,,0.0,,4.0,10.0,earthquake,1428,5,12.779038667678833,0.9296271800994873,True,stand_alone_gradual,refined_ranking,0,[],0,0.4268155097961426,1.9714342812658818
6,0.5,0.75,0.5,0.5,0.75,0.6,3.0,8.0,earthquake,8328,5,12.779038667678833,0.9134283065795898,True,stand_alone_gradual,original_ranking,6,"[(3, 0), (2, 0), (3, 2), (1, 2), (1, 0), (0, 4)]",0,1.1277778148651123,31.87073736830578
0,0.0,0.0,0.0,,0.0,,4.0,10.0,earthquake,8328,5,12.779038667678833,0.9134283065795898,True,stand_alone_gradual,refined_ranking,0,[],0,0.32842111587524414,2.5461157038161324
9,0.7778,0.5,1.1667,0.2222,0.5,0.3077,7.0,10.0,earthquake,8289,5,12.779038667678833,0.9310238361358643,True,stand_alone_gradual,original_ranking,9,"[(4, 0), (2, 0), (3, 0), (1, 0), (3, 1), (2, 1), (2, 3), (4, 3), (2, 4)]",0,1.5508747100830078,29.760248632749807
0,0.0,0.0,0.0,,0.0,,4.0,10.0,earthquake,8289,5,12.779038667678833,0.9310238361358643,True,stand_alone_gradual,refined_ranking,0,[],0,0.43067073822021484,2.128886255255765
9,0.7778,0.5,1.1667,0.2222,0.5,0.3077,7.0,10.0,earthquake,5978,5,12.779038667678833,0.938596248626709,True,stand_alone_gradual,original_ranking,9,"[(4, 0), (2, 0), (3, 0), (1, 0), (1, 3), (4, 3), (1, 2), (4, 2), (1, 4)]",0,1.548478126525879,30.227144014467886
0,0.0,0.0,0.0,,0.0,,4.0,10.0,earthquake,5978,5,12.779038667678833,0.938596248626709,True,stand_alone_gradual,refined_ranking,0,[],0,0.42534303665161133,1.9631639658381996
8,0.75,0.5,1.0,0.25,0.5,0.3333,6.0,6.0,earthquake,5511,5,12.779038667678833,0.9204881191253662,True,stand_alone_gradual,original_ranking,8,"[(3, 0), (2, 0), (4, 0), (1, 0), (2, 4), (1, 3), (2, 3), (3, 4)]",0,1.1416151523590088,31.23066317297439
0,0.0,0.0,0.0,,0.0,,4.0,10.0,earthquake,5511,5,12.779038667678833,0.9204881191253662,True,stand_alone_gradual,refined_ranking,0,[],0,0.3177316188812256,2.2949901476635044
8,0.75,0.5,1.0,0.25,0.5,0.3333,6.0,11.0,earthquake,5864,5,12.779038667678833,0.9328117370605469,True,stand_alone_gradual,original_ranking,8,"[(3, 0), (2, 0), (4, 0), (1, 0), (2, 4), (1, 4), (3, 1), (2, 3)]",0,1.534120798110962,30.03132326173084
0,0.0,0.0,0.0,,0.0,,4.0,10.0,earthquake,5864,5,12.779038667678833,0.9328117370605469,True,stand_alone_gradual,refined_ranking,0,[],0,0.425919771194458,1.9915350677764894
7,0.5714,0.75,0.6667,0.4286,0.75,0.5455,4.0,3.0,earthquake,606,5,12.779038667678833,0.9295499324798584,True,stand_alone_gradual,original_ranking,7,"[(1, 3), (2, 3), (2, 0), (1, 0), (1, 4), (3, 0), (0, 4)]",0,1.1409006118774414,35.75512478836296
0,0.0,0.0,0.0,,0.0,,4.0,10.0,earthquake,606,5,12.779038667678833,0.9295499324798584,True,stand_alone_gradual,refined_ranking,0,[],0,0.31088900566101074,2.2476243558746773
8,0.75,0.5,1.0,0.25,0.5,0.3333,6.0,11.0,earthquake,1933,5,12.779038667678833,0.9053723812103271,True,stand_alone_gradual,original_ranking,8,"[(2, 4), (3, 0), (2, 0), (3, 1), (2, 1), (4, 0), (1, 4), (1, 0)]",0,1.2319042682647705,29.429641748480993
0,0.0,0.0,0.0,,0.0,,4.0,10.0,earthquake,1933,5,12.779038667678833,0.9053723812103271,True,stand_alone_gradual,refined_ranking,0,[],0,0.35578227043151855,2.582321957334437
6,0.5,0.75,0.5,0.5,0.75,0.6,3.0,8.0,earthquake,6071,5,12.779038667678833,0.9182381629943848,True,stand_alone_gradual,original_ranking,6,"[(3, 0), (2, 0), (3, 1), (2, 1), (1, 0), (0, 4)]",0,1.223794937133789,31.592866030881446
0,0.0,0.0,0.0,,0.0,,4.0,10.0,earthquake,6071,5,12.779038667678833,0.9182381629943848,True,stand_alone_gradual,refined_ranking,0,[],0,0.3551204204559326,2.6404765426892927
6,0.5,0.75,0.5,0.5,0.75,0.6,3.0,3.0,earthquake,5504,5,12.779038667678833,0.9255070686340332,True,stand_alone_gradual,original_ranking,6,"[(2, 3), (1, 3), (2, 0), (1, 0), (3, 0), (0, 4)]",0,1.1223478317260742,35.71930506506152
0,0.0,0.0,0.0,,0.0,,4.0,10.0,earthquake,5504,5,12.779038667678833,0.9255070686340332,True,stand_alone_gradual,refined_ranking,0,[],0,0.3265035152435303,2.696566015820328
7,0.8571,0.25,1.0,0.1429,0.25,0.1818,7.0,7.0,earthquake,5163,5,12.779038667678833,0.9188976287841797,True,stand_alone_gradual,original_ranking,7,"[(1, 3), (4, 3), (1, 0), (3, 0), (1, 4), (4, 0), (2, 4)]",0,1.1214966773986816,30.919696284793627
0,0.0,0.0,0.0,,0.0,,4.0,10.0,earthquake,5163,5,12.779038667678833,0.9188976287841797,True,stand_alone_gradual,refined_ranking,0,[],0,0.32652878761291504,2.499718771470012
8,0.75,0.5,1.0,0.25,0.5,0.3333,6.0,6.0,earthquake,2406,5,12.779038667678833,0.92899489402771,True,stand_alone_gradual,original_ranking,8,"[(4, 0), (2, 0), (3, 0), (1, 0), (2, 3), (1, 4), (2, 4), (4, 3)]",0,1.5516932010650635,31.66524340839916
0,0.0,0.0,0.0,,0.0,,4.0,10.0,earthquake,2406,5,12.779038667678833,0.92899489402771,True,stand_alone_gradual,refined_ranking,0,[],0,0.42262816429138184,1.9448875508246508
8,0.75,0.5,1.0,0.25,0.5,0.3333,6.0,11.0,earthquake,304,5,12.779038667678833,0.9201364517211914,True,stand_alone_gradual,original_ranking,8,"[(3, 0), (2, 0), (4, 0), (1, 0), (3, 1), (2, 4), (1, 4), (2, 3)]",0,1.5414423942565918,29.919237521434336
0,0.0,0.0,0.0,,0.0,,4.0,10.0,earthquake,304,5,12.779038667678833,0.9201364517211914,True,stand_alone_gradual,refined_ranking,0,[],0,0.42554402351379395,2.042485959557601
6,0.5,0.75,0.5,0.5,0.75,0.6,3.0,3.0,earthquake,3391,5,12.779038667678833,0.91176438331604,True,stand_alone_gradual,original_ranking,6,"[(2, 3), (1, 3), (2, 0), (1, 0), (3, 0), (0, 4)]",0,1.1203372478485107,34.85252911530602
0,0.0,0.0,0.0,,0.0,,4.0,10.0,earthquake,3391,5,12.779038667678833,0.91176438331604,True,stand_alone_gradual,refined_ranking,0,[],0,0.325366735458374,2.8519128112424634
8,0.75,0.5,1.0,0.25,0.5,0.3333,6.0,11.0,earthquake,359,5,12.779038667678833,0.9100875854492188,True,stand_alone_gradual,original_ranking,8,"[(3, 4), (3, 0), (2, 0), (3, 1), (2, 1), (4, 0), (1, 4), (1, 0)]",0,1.2420778274536133,28.95305162191633
0,0.0,0.0,0.0,,0.0,,4.0,10.0,earthquake,359,5,12.779038667678833,0.9100875854492188,True,stand_alone_gradual,refined_ranking,0,[],0,0.356372594833374,2.7271479010528674
8,0.75,0.5,1.0,0.25,0.5,0.3333,6.0,6.0,earthquake,9096,5,12.779038667678833,0.9371893405914307,True,stand_alone_gradual,original_ranking,8,"[(4, 0), (1, 0), (3, 0), (2, 0), (2, 4), (2, 3), (1, 3), (3, 4)]",0,1.1524500846862793,31.273726369205786
0,0.0,0.0,0.0,,0.0,,4.0,10.0,earthquake,9096,5,12.779038667678833,0.9371893405914307,True,stand_alone_gradual,refined_ranking,0,[],0,0.31732773780822754,2.0217551497122184
8,0.75,0.5,1.0,0.25,0.5,0.3333,6.0,6.0,earthquake,3533,5,12.779038667678833,0.9305121898651123,True,stand_alone_gradual,original_ranking,8,"[(3, 0), (2, 0), (4, 0), (1, 0), (2, 4), (1, 3), (2, 3), (3, 4)]",0,1.1392676830291748,31.462093789843134
0,0.0,0.0,0.0,,0.0,,4.0,10.0,earthquake,3533,5,12.779038667678833,0.9305121898651123,True,stand_alone_gradual,refined_ranking,0,[],0,0.3170335292816162,2.154501779208199
9,0.7778,0.5,1.1667,0.2222,0.5,0.3077,7.0,11.0,earthquake,4125,5,12.779038667678833,0.9388895034790039,True,stand_alone_gradual,original_ranking,9,"[(4, 3), (1, 3), (1, 0), (3, 0), (2, 0), (3, 2), (1, 4), (4, 2), (4, 0)]",0,1.6485018730163574,31.10674242034422
0,0.0,0.0,0.0,,0.0,,4.0,10.0,earthquake,4125,5,12.779038667678833,0.9388895034790039,True,stand_alone_gradual,refined_ranking,0,[],0,0.47507500648498535,2.7307109914095022
9,0.7778,0.5,1.1667,0.2222,0.5,0.3077,7.0,15.0,earthquake,3094,5,12.779038667678833,0.9278953075408936,True,stand_alone_gradual,original_ranking,9,"[(4, 0), (2, 0), (3, 0), (1, 0), (3, 1), (2, 1), (4, 3), (2, 3), (4, 2)]",0,1.567248821258545,29.859498430395995
0,0.0,0.0,0.0,,0.0,,4.0,10.0,earthquake,3094,5,12.779038667678833,0.9278953075408936,True,stand_alone_gradual,refined_ranking,0,[],0,0.432234525680542,2.0629797892251225
8,0.75,0.5,1.0,0.25,0.5,0.3333,6.0,11.0,earthquake,6398,5,12.779038667678833,0.9259035587310791,True,stand_alone_gradual,original_ranking,8,"[(4, 0), (1, 0), (2, 0), (3, 0), (1, 3), (2, 3), (4, 2), (1, 4)]",0,1.5360119342803955,29.328409983612907
0,0.0,0.0,0.0,,0.0,,4.0,10.0,earthquake,6398,5,12.779038667678833,0.9259035587310791,True,stand_alone_gradual,refined_ranking,0,[],0,0.42110705375671387,2.237277744915985
5,0.6,0.3333,0.3333,0.4,0.3333,0.3636,6.0,13.0,survey,7816,6,1996.7240192890167,18.22127413749695,True,stand_alone_gradual,original_ranking,5,"[(5, 3), (0, 3), (4, 3), (4, 1), (0, 1)]",0,1.3931353092193604,14.42204337104406
0,0.0,0.0,0.0,,0.0,,6.0,17.0,survey,7816,6,1996.7240192890167,18.22127413749695,True,stand_alone_gradual,refined_ranking,0,[],0,0.8988552093505859,8.799355853558955
4,0.5,0.3333,0.2222,0.5,0.3333,0.4,5.0,14.0,survey,3578,6,1996.7240192890167,18.26537823677063,True,stand_alone_gradual,original_ranking,4,"[(5, 3), (0, 3), (4, 1), (0, 1)]",0,1.0151963233947754,10.996180898110229
0,0.0,0.0,0.0,,0.0,,6.0,17.0,survey,3578,6,1996.7240192890167,18.26537823677063,True,stand_alone_gradual,refined_ranking,0,[],0,0.7216365337371826,6.631016548949691
3,0.6667,0.1667,0.2222,0.3333,0.1667,0.2222,6.0,16.0,survey,2656,6,1996.7240192890167,18.102814435958862,True,stand_alone_gradual,original_ranking,3,"[(2, 1), (2, 5), (2, 3)]",0,1.3702430725097656,12.145116137345495
0,0.0,0.0,0.0,,0.0,,6.0,17.0,survey,2656,6,1996.7240192890167,18.102814435958862,True,stand_alone_gradual,refined_ranking,0,[],0,0.8532512187957764,8.27424694818672
5,0.6,0.3333,0.3333,0.4,0.3333,0.3636,7.0,12.0,survey,2688,6,1996.7240192890167,17.900254726409912,True,stand_alone_gradual,original_ranking,5,"[(4, 1), (0, 1), (0, 2), (0, 5), (0, 3)]",0,1.3682174682617188,9.354595909322406
0,0.0,0.0,0.0,,0.0,,6.0,17.0,survey,2688,6,1996.7240192890167,17.900254726409912,True,stand_alone_gradual,refined_ranking,0,[],0,0.8658616542816162,9.425049760126592
2,1.0,0.0,0.2222,0.0,0.0,,6.0,19.0,survey,2494,6,1996.7240192890167,18.10353183746338,True,stand_alone_gradual,original_ranking,2,"[(5, 3), (2, 1)]",0,0.8759584426879883,12.698739667616733
0,0.0,0.0,0.0,,0.0,,6.0,17.0,survey,2494,6,1996.7240192890167,18.10353183746338,True,stand_alone_gradual,refined_ranking,0,[],0,0.691713809967041,6.517696026995963
2,1.0,0.0,0.2222,0.0,0.0,,6.0,19.0,survey,183,6,1996.7240192890167,18.093549489974976,True,stand_alone_gradual,original_ranking,2,"[(5, 3), (2, 1)]",0,0.8907794952392578,13.810959199137006
0,0.0,0.0,0.0,,0.0,,6.0,17.0,survey,183,6,1996.7240192890167,18.093549489974976,True,stand_alone_gradual,refined_ranking,0,[],0,0.6903047561645508,6.901948530962361
2,0.5,0.1667,0.1111,0.5,0.1667,0.25,5.0,14.0,survey,7977,6,1996.7240192890167,18.06349015235901,True,stand_alone_gradual,original_ranking,2,"[(5, 3), (1, 3)]",0,0.845970630645752,11.511479615844996
0,0.0,0.0,0.0,,0.0,,6.0,17.0,survey,7977,6,1996.7240192890167,18.06349015235901,True,stand_alone_gradual,refined_ranking,0,[],0,0.7051432132720947,6.345811722222989
3,0.6667,0.1667,0.2222,0.3333,0.1667,0.2222,5.0,18.0,survey,3199,6,1996.7240192890167,18.197643041610718,True,stand_alone_gradual,original_ranking,3,"[(5, 3), (2, 1), (4, 1)]",0,1.2434360980987549,18.13650827594265
0,0.0,0.0,0.0,,0.0,,6.0,17.0,survey,3199,6,1996.7240192890167,18.197643041610718,True,stand_alone_gradual,refined_ranking,0,[],0,0.8711090087890625,8.85642584998834
3,0.6667,0.1667,0.2222,0.3333,0.1667,0.2222,5.0,18.0,survey,316,6,1996.7240192890167,18.125162839889526,True,stand_alone_gradual,original_ranking,3,"[(5, 3), (2, 1), (4, 1)]",0,1.2864909172058105,17.761307567970732
0,0.0,0.0,0.0,,0.0,,6.0,17.0,survey,316,6,1996.7240192890167,18.125162839889526,True,stand_alone_gradual,refined_ranking,0,[],0,0.8454196453094482,8.8255257835533
3,0.3333,0.3333,0.1111,0.6667,0.3333,0.4444,5.0,14.0,survey,8266,6,1996.7240192890167,18.215877056121826,True,stand_alone_gradual,original_ranking,3,"[(2, 5), (4, 3), (4, 1)]",0,1.0923032760620117,8.363389939985149
0,0.0,0.0,0.0,,0.0,,6.0,17.0,survey,8266,6,1996.7240192890167,18.215877056121826,True,stand_alone_gradual,refined_ranking,0,[],0,0.6732914447784424,6.451008430041897
3,0.6667,0.1667,0.2222,0.3333,0.1667,0.2222,5.0,18.0,survey,1532,6,1996.7240192890167,18.160187482833862,True,stand_alone_gradual,original_ranking,3,"[(5, 3), (2, 1), (4, 1)]",0,1.2307319641113281,19.9528108019953
0,0.0,0.0,0.0,,0.0,,6.0,17.0,survey,1532,6,1996.7240192890167,18.160187482833862,True,stand_alone_gradual,refined_ranking,0,[],0,0.8596699237823486,9.532780412814505
5,0.8,0.1667,0.4444,0.2,0.1667,0.1818,7.0,22.0,survey,1009,6,1996.7240192890167,18.012911796569824,True,stand_alone_gradual,original_ranking,5,"[(5, 3), (2, 4), (0, 4), (0, 1), (2, 1)]",0,0.9063820838928223,12.746101320306487
0,0.0,0.0,0.0,,0.0,,6.0,17.0,survey,1009,6,1996.7240192890167,18.012911796569824,True,stand_alone_gradual,refined_ranking,0,[],0,0.6029624938964844,5.409994292155821
2,0.5,0.1667,0.1111,0.5,0.1667,0.25,5.0,21.0,survey,2250,6,1996.7240192890167,18.17717218399048,True,stand_alone_gradual,original_ranking,2,"[(3, 5), (1, 4)]",0,0.9779181480407715,11.946020429520276
0,0.0,0.0,0.0,,0.0,,6.0,17.0,survey,2250,6,1996.7240192890167,18.17717218399048,True,stand_alone_gradual,refined_ranking,0,[],0,0.7503294944763184,7.811514150320201
4,0.75,0.1667,0.3333,0.25,0.1667,0.2,8.0,19.0,survey,4447,6,1996.7240192890167,17.98643469810486,True,stand_alone_gradual,original_ranking,4,"[(4, 3), (4, 5), (4, 1), (2, 4)]",0,0.9799740314483643,6.256136490637458
0,0.0,0.0,0.0,,0.0,,6.0,17.0,survey,4447,6,1996.7240192890167,17.98643469810486,True,stand_alone_gradual,refined_ranking,0,[],0,0.6574816703796387,6.763012264619166
3,0.6667,0.1667,0.2222,0.3333,0.1667,0.2222,5.0,16.0,survey,2415,6,1996.7240192890167,18.094152450561523,True,stand_alone_gradual,original_ranking,3,"[(5, 3), (1, 3), (2, 1)]",0,1.250319242477417,13.722287868816391
0,0.0,0.0,0.0,,0.0,,6.0,17.0,survey,2415,6,1996.7240192890167,18.094152450561523,True,stand_alone_gradual,refined_ranking,0,[],0,0.8573896884918213,8.412796308851597
3,0.6667,0.1667,0.2222,0.3333,0.1667,0.2222,6.0,15.0,survey,3595,6,1996.7240192890167,18.177430391311646,True,stand_alone_gradual,original_ranking,3,"[(4, 1), (5, 3), (4, 3)]",0,0.9075260162353516,10.331241999706814
0,0.0,0.0,0.0,,0.0,,6.0,17.0,survey,3595,6,1996.7240192890167,18.177430391311646,True,stand_alone_gradual,refined_ranking,0,[],0,0.703012228012085,6.65225581214135
5,0.6,0.3333,0.3333,0.4,0.3333,0.3636,5.0,16.0,survey,4187,6,1996.7240192890167,18.240352869033813,True,stand_alone_gradual,original_ranking,5,"[(2, 1), (5, 3), (4, 1), (0, 1), (0, 3)]",0,0.8531949520111084,12.841993611373287
0,0.0,0.0,0.0,,0.0,,6.0,17.0,survey,4187,6,1996.7240192890167,18.240352869033813,True,stand_alone_gradual,refined_ranking,0,[],0,0.5719430446624756,4.73239152072572
3,0.6667,0.1667,0.2222,0.3333,0.1667,0.2222,5.0,18.0,survey,4135,6,1996.7240192890167,17.975677728652954,True,stand_alone_gradual,original_ranking,3,"[(5, 3), (2, 1), (4, 1)]",0,1.2575998306274414,16.99695474806877
0,0.0,0.0,0.0,,0.0,,6.0,17.0,survey,4135,6,1996.7240192890167,17.975677728652954,True,stand_alone_gradual,refined_ranking,0,[],0,0.878643274307251,8.666983481538926
4,0.5,0.3333,0.2222,0.5,0.3333,0.4,5.0,14.0,survey,5174,6,1996.7240192890167,18.141749143600464,True,stand_alone_gradual,original_ranking,4,"[(5, 3), (0, 1), (4, 1), (0, 2)]",0,1.2471261024475098,16.049567364313596
0,0.0,0.0,0.0,,0.0,,6.0,17.0,survey,5174,6,1996.7240192890167,18.141749143600464,True,stand_alone_gradual,refined_ranking,0,[],0,0.8668947219848633,8.838237168103618
2,0.0,0.3333,0.0,1.0,0.3333,0.5,4.0,12.0,survey,5303,6,1996.7240192890167,18.307324171066284,True,stand_alone_gradual,original_ranking,2,"[(3, 5), (2, 5)]",0,0.8659107685089111,11.62639265611763
0,0.0,0.0,0.0,,0.0,,6.0,17.0,survey,5303,6,1996.7240192890167,18.307324171066284,True,stand_alone_gradual,refined_ranking,0,[],0,0.6932849884033203,6.6272825185348525
4,1.0,0.0,0.4444,0.0,0.0,,8.0,22.0,survey,3942,6,1996.7240192890167,18.01309108734131,True,stand_alone_gradual,original_ranking,4,"[(1, 4), (0, 5), (2, 1), (0, 3)]",0,1.3609204292297363,13.348788299217334
0,0.0,0.0,0.0,,0.0,,6.0,17.0,survey,3942,6,1996.7240192890167,18.01309108734131,True,stand_alone_gradual,refined_ranking,0,[],0,0.8789443969726562,9.207171810889502
2,1.0,0.0,0.2222,0.0,0.0,,6.0,19.0,survey,2778,6,1996.7240192890167,18.22406578063965,True,stand_alone_gradual,original_ranking,2,"[(5, 3), (2, 1)]",0,0.8830311298370361,12.642949362902437
0,0.0,0.0,0.0,,0.0,,6.0,17.0,survey,2778,6,1996.7240192890167,18.22406578063965,True,stand_alone_gradual,refined_ranking,0,[],0,0.6876235008239746,6.643418414885317
2,1.0,0.0,0.2222,0.0,0.0,,6.0,19.0,survey,2804,6,1996.7240192890167,18.192099809646606,True,stand_alone_gradual,original_ranking,2,"[(5, 3), (2, 1)]",0,0.8687984943389893,13.5644806055898
0,0.0,0.0,0.0,,0.0,,6.0,17.0,survey,2804,6,1996.7240192890167,18.192099809646606,True,stand_alone_gradual,refined_ranking,0,[],0,0.6847972869873047,6.820104315531749
3,0.6667,0.1667,0.2222,0.3333,0.1667,0.2222,6.0,20.0,survey,2145,6,1996.7240192890167,18.134831428527832,True,stand_alone_gradual,original_ranking,3,"[(1, 4), (2, 5), (4, 3)]",0,0.9331784248352051,8.499205378945433
0,0.0,0.0,0.0,,0.0,,6.0,17.0,survey,2145,6,1996.7240192890167,18.134831428527832,True,stand_alone_gradual,refined_ranking,0,[],0,0.6452486515045166,6.649903587904969
1,0.0,0.1667,0.0,1.0,0.1667,0.2857,5.0,12.0,survey,150,6,1996.7240192890167,18.06669020652771,True,stand_alone_gradual,original_ranking,1,"[(1, 3)]",0,1.2185378074645996,10.428915789066517
0,0.0,0.0,0.0,,0.0,,6.0,17.0,survey,150,6,1996.7240192890167,18.06669020652771,True,stand_alone_gradual,refined_ranking,0,[],0,0.8726944923400879,8.979707083533352
5,0.6,0.3333,0.3333,0.4,0.3333,0.3636,7.0,12.0,survey,8823,6,1996.7240192890167,18.1699001789093,True,stand_alone_gradual,original_ranking,5,"[(0, 5), (0, 2), (4, 1), (0, 1), (0, 3)]",0,1.368304967880249,9.665319604664202
0,0.0,0.0,0.0,,0.0,,6.0,17.0,survey,8823,6,1996.7240192890167,18.1699001789093,True,stand_alone_gradual,refined_ranking,0,[],0,0.8640446662902832,8.890743999097008
3,0.6667,0.1667,0.2222,0.3333,0.1667,0.2222,5.0,18.0,survey,4669,6,1996.7240192890167,18.378674030303955,True,stand_alone_gradual,original_ranking,3,"[(5, 3), (2, 1), (4, 1)]",0,1.269618272781372,17.46857311171012
0,0.0,0.0,0.0,,0.0,,6.0,17.0,survey,4669,6,1996.7240192890167,18.378674030303955,True,stand_alone_gradual,refined_ranking,0,[],0,0.8739874362945557,8.845973025768547
4,0.75,0.1667,0.3333,0.25,0.1667,0.2,7.0,14.0,survey,6131,6,1996.7240192890167,18.06571936607361,True,stand_alone_gradual,original_ranking,4,"[(5, 3), (4, 3), (0, 2), (0, 1)]",0,1.2341845035552979,14.86931540000006
0,0.0,0.0,0.0,,0.0,,6.0,17.0,survey,6131,6,1996.7240192890167,18.06571936607361,True,stand_alone_gradual,refined_ranking,0,[],0,0.8647503852844238,8.805667505732234
4,0.75,0.1667,0.3333,0.25,0.1667,0.2,7.0,19.0,survey,2617,6,1996.7240192890167,18.119368314743042,True,stand_alone_gradual,original_ranking,4,"[(0, 4), (1, 4), (2, 5), (0, 3)]",0,1.6511931419372559,15.469593855084945
0,0.0,0.0,0.0,,0.0,,6.0,17.0,survey,2617,6,1996.7240192890167,18.119368314743042,True,stand_alone_gradual,refined_ranking,0,[],0,1.0257010459899902,11.570651653033115
2,0.5,0.1667,0.1111,0.5,0.1667,0.25,5.0,14.0,survey,7166,6,1996.7240192890167,18.113244771957397,True,stand_alone_gradual,original_ranking,2,"[(5, 3), (1, 3)]",0,0.8368840217590332,11.051854100312816
0,0.0,0.0,0.0,,0.0,,6.0,17.0,survey,7166,6,1996.7240192890167,18.113244771957397,True,stand_alone_gradual,refined_ranking,0,[],0,0.6634433269500732,6.340988401639996
3,0.6667,0.1667,0.2222,0.3333,0.1667,0.2222,5.0,18.0,survey,1428,6,1996.7240192890167,18.162872791290283,True,stand_alone_gradual,original_ranking,3,"[(5, 3), (2, 1), (4, 1)]",0,1.206516981124878,19.42563848683073
0,0.0,0.0,0.0,,0.0,,6.0,17.0,survey,1428,6,1996.7240192890167,18.162872791290283,True,stand_alone_gradual,refined_ranking,0,[],0,0.8667747974395752,9.191328136687341
3,0.3333,0.3333,0.1111,0.6667,0.3333,0.4444,4.0,17.0,survey,8328,6,1996.7240192890167,18.01314067840576,True,stand_alone_gradual,original_ranking,3,"[(0, 1), (4, 1), (2, 1)]",0,2.1294679641723633,22.873346150043133
0,0.0,0.0,0.0,,0.0,,6.0,17.0,survey,8328,6,1996.7240192890167,18.01314067840576,True,stand_alone_gradual,refined_ranking,0,[],0,1.2050879001617432,13.813327029037412
3,0.6667,0.1667,0.2222,0.3333,0.1667,0.2222,5.0,18.0,survey,8289,6,1996.7240192890167,17.927086114883423,True,stand_alone_gradual,original_ranking,3,"[(5, 3), (2, 1), (4, 1)]",0,1.1926922798156738,17.67418991704463
0,0.0,0.0,0.0,,0.0,,6.0,17.0,survey,8289,6,1996.7240192890167,17.927086114883423,True,stand_alone_gradual,refined_ranking,0,[],0,0.848015546798706,8.868040217528128
4,0.5,0.3333,0.2222,0.5,0.3333,0.4,4.0,15.0,survey,5978,6,1996.7240192890167,18.00950288772583,True,stand_alone_gradual,original_ranking,4,"[(5, 3), (2, 1), (4, 1), (1, 3)]",0,1.191739559173584,17.75163643689524
0,0.0,0.0,0.0,,0.0,,6.0,17.0,survey,5978,6,1996.7240192890167,18.00950288772583,True,stand_alone_gradual,refined_ranking,0,[],0,0.8315892219543457,8.720191373640256
2,0.0,0.3333,0.0,1.0,0.3333,0.5,4.0,15.0,survey,5511,6,1996.7240192890167,18.123389959335327,True,stand_alone_gradual,original_ranking,2,"[(3, 5), (4, 1)]",0,1.0306854248046875,11.832964604559898
0,0.0,0.0,0.0,,0.0,,6.0,17.0,survey,5511,6,1996.7240192890167,18.123389959335327,True,stand_alone_gradual,refined_ranking,0,[],0,0.7816529273986816,7.697615721795283
2,1.0,0.0,0.2222,0.0,0.0,,8.0,15.0,survey,5864,6,1996.7240192890167,18.128233671188354,True,stand_alone_gradual,original_ranking,2,"[(0, 3), (0, 5)]",0,0.9387531280517578,3.5532024022593847
0,0.0,0.0,0.0,,0.0,,6.0,17.0,survey,5864,6,1996.7240192890167,18.128233671188354,True,stand_alone_gradual,refined_ranking,0,[],0,0.6529550552368164,6.414009724107504
4,0.75,0.1667,0.3333,0.25,0.1667,0.2,7.0,14.0,survey,606,6,1996.7240192890167,18.12224054336548,True,stand_alone_gradual,original_ranking,4,"[(0, 3), (0, 4), (5, 3), (1, 3)]",0,1.458641529083252,15.011827776669804
0,0.0,0.0,0.0,,0.0,,6.0,17.0,survey,606,6,1996.7240192890167,18.12224054336548,True,stand_alone_gradual,refined_ranking,0,[],0,0.9300916194915771,10.55116684229373
3,1.0,0.0,0.3333,0.0,0.0,,8.0,20.0,survey,1933,6,1996.7240192890167,18.080432891845703,True,stand_alone_gradual,original_ranking,3,"[(0, 3), (1, 4), (0, 5)]",0,1.320788860321045,8.135194148846734
0,0.0,0.0,0.0,,0.0,,6.0,17.0,survey,1933,6,1996.7240192890167,18.080432891845703,True,stand_alone_gradual,refined_ranking,0,[],0,0.8490304946899414,10.050611892192356
3,1.0,0.0,0.3333,0.0,0.0,,7.0,24.0,survey,6071,6,1996.7240192890167,18.09384799003601,True,stand_alone_gradual,original_ranking,3,"[(5, 3), (2, 4), (2, 1)]",0,1.1931333541870117,14.178926245421493
0,0.0,0.0,0.0,,0.0,,6.0,17.0,survey,6071,6,1996.7240192890167,18.09384799003601,True,stand_alone_gradual,refined_ranking,0,[],0,0.8389995098114014,8.878060847174163
2,1.0,0.0,0.2222,0.0,0.0,,6.0,19.0,survey,5504,6,1996.7240192890167,18.0288987159729,True,stand_alone_gradual,original_ranking,2,"[(5, 3), (2, 1)]",0,0.9186139106750488,12.743340878739707
0,0.0,0.0,0.0,,0.0,,6.0,17.0,survey,5504,6,1996.7240192890167,18.0288987159729,True,stand_alone_gradual,refined_ranking,0,[],0,0.7148129940032959,6.700003301468232
3,0.3333,0.3333,0.1111,0.6667,0.3333,0.4444,4.0,17.0,survey,5163,6,1996.7240192890167,17.847554445266724,True,stand_alone_gradual,original_ranking,3,"[(2, 1), (4, 1), (3, 5)]",0,1.3673515319824219,17.292161218947886
0,0.0,0.0,0.0,,0.0,,6.0,17.0,survey,5163,6,1996.7240192890167,17.847554445266724,True,stand_alone_gradual,refined_ranking,0,[],0,0.875220537185669,9.1981012102667
3,0.3333,0.3333,0.1111,0.6667,0.3333,0.4444,5.0,14.0,survey,2406,6,1996.7240192890167,18.043039083480835,True,stand_alone_gradual,original_ranking,3,"[(3, 5), (0, 1), (0, 2)]",0,1.0423851013183594,12.802149595169737
0,0.0,0.0,0.0,,0.0,,6.0,17.0,survey,2406,6,1996.7240192890167,18.043039083480835,True,stand_alone_gradual,refined_ranking,0,[],0,0.7927682399749756,8.504890043040689
2,1.0,0.0,0.2222,0.0,0.0,,6.0,19.0,survey,304,6,1996.7240192890167,17.87157130241394,True,stand_alone_gradual,original_ranking,2,"[(2, 1), (5, 3)]",0,0.8714087009429932,12.630591969098898
0,0.0,0.0,0.0,,0.0,,6.0,17.0,survey,304,6,1996.7240192890167,17.87157130241394,True,stand_alone_gradual,refined_ranking,0,[],0,0.6920323371887207,6.296231992480094
3,0.3333,0.3333,0.1111,0.6667,0.3333,0.4444,5.0,14.0,survey,3391,6,1996.7240192890167,17.933599948883057,True,stand_alone_gradual,original_ranking,3,"[(3, 5), (0, 1), (0, 2)]",0,0.8589057922363281,11.120632017468541
0,0.0,0.0,0.0,,0.0,,6.0,17.0,survey,3391,6,1996.7240192890167,17.933599948883057,True,stand_alone_gradual,refined_ranking,0,[],0,0.6879703998565674,6.892857571944804
5,0.6,0.3333,0.3333,0.4,0.3333,0.3636,6.0,15.0,survey,359,6,1996.7240192890167,17.9680597782135,True,stand_alone_gradual,original_ranking,5,"[(0, 4), (2, 5), (2, 1), (0, 1), (2, 3)]",0,1.4979357719421387,13.190261992642819
0,0.0,0.0,0.0,,0.0,,6.0,17.0,survey,359,6,1996.7240192890167,17.9680597782135,True,stand_alone_gradual,refined_ranking,0,[],0,0.8685054779052734,9.29882449459217
5,0.6,0.3333,0.3333,0.4,0.3333,0.3636,7.0,12.0,survey,9096,6,1996.7240192890167,18.11180830001831,True,stand_alone_gradual,original_ranking,5,"[(0, 4), (0, 3), (2, 3), (2, 5), (0, 1)]",0,1.4192333221435547,10.344426353703774
0,0.0,0.0,0.0,,0.0,,6.0,17.0,survey,9096,6,1996.7240192890167,18.11180830001831,True,stand_alone_gradual,refined_ranking,0,[],0,0.866039514541626,9.033018960610066
3,0.6667,0.1667,0.2222,0.3333,0.1667,0.2222,5.0,16.0,survey,3533,6,1996.7240192890167,18.321277379989624,True,stand_alone_gradual,original_ranking,3,"[(5, 3), (1, 3), (2, 1)]",0,1.3292443752288818,17.107236071006632
0,0.0,0.0,0.0,,0.0,,6.0,17.0,survey,3533,6,1996.7240192890167,18.321277379989624,True,stand_alone_gradual,refined_ranking,0,[],0,0.8594250679016113,8.726049972587722
4,1.0,0.0,0.4444,0.0,0.0,,8.0,22.0,survey,4125,6,1996.7240192890167,17.928610801696777,True,stand_alone_gradual,original_ranking,4,"[(1, 4), (0, 5), (0, 3), (2, 1)]",0,1.369025468826294,14.265387583549332
0,0.0,0.0,0.0,,0.0,,6.0,17.0,survey,4125,6,1996.7240192890167,17.928610801696777,True,stand_alone_gradual,refined_ranking,0,[],0,0.8808302879333496,9.616581294044895
3,0.6667,0.1667,0.2222,0.3333,0.1667,0.2222,5.0,19.0,survey,3094,6,1996.7240192890167,17.91121196746826,True,stand_alone_gradual,original_ranking,3,"[(2, 1), (4, 1), (3, 1)]",0,1.4364957809448242,15.697501789520627
0,0.0,0.0,0.0,,0.0,,6.0,17.0,survey,3094,6,1996.7240192890167,17.91121196746826,True,stand_alone_gradual,refined_ranking,0,[],0,0.9030168056488037,9.290281461736328
2,1.0,0.0,0.2222,0.0,0.0,,6.0,19.0,survey,6398,6,1996.7240192890167,18.029417991638184,True,stand_alone_gradual,original_ranking,2,"[(2, 1), (5, 3)]",0,0.8723294734954834,13.406161899999887
0,0.0,0.0,0.0,,0.0,,6.0,17.0,survey,6398,6,1996.7240192890167,18.029417991638184,True,stand_alone_gradual,refined_ranking,0,[],0,0.6920778751373291,6.825817879424273
